graph_id,topology,instance_id,t_limit,permutation_id,original_edges,spanner_edges,edge_retention_ratio,avg_stretch,p95_stretch,median_stretch,max_stretch,failed_pairs_count,is_valid_spanner,build_time_sec
BA_00,BA,0,3,0,1996,1842,0.922846,1.096117,1.5,1.0,2.0,0,True,0.022
BA_00,BA,0,3,1,1996,1842,0.922846,1.090967,1.405,1.0,2.0,0,True,0.0225
BA_00,BA,0,3,2,1996,1839,0.921343,1.09325,1.405,1.0,2.0,0,True,0.0225
BA_00,BA,0,3,3,1996,1839,0.921343,1.094317,1.5,1.0,2.0,0,True,0.0225
BA_00,BA,0,3,4,1996,1835,0.919339,1.090483,1.333333,1.0,2.5,0,True,0.0225
BA_00,BA,0,3,5,1996,1825,0.914329,1.1211,1.5,1.0,2.5,0,True,0.022
BA_00,BA,0,3,6,1996,1833,0.918337,1.1088,1.5,1.0,2.333333,0,True,0.014
BA_00,BA,0,3,7,1996,1835,0.919339,1.09455,1.5,1.0,2.0,0,True,0.019
BA_00,BA,0,3,8,1996,1834,0.918838,1.090783,1.4,1.0,2.333333,0,True,0.022
BA_00,BA,0,3,9,1996,1837,0.920341,1.104717,1.5,1.0,2.0,0,True,0.023
BA_00,BA,0,5,0,1996,1549,0.776052,1.3193,2.0,1.25,5.0,0,True,0.0603
BA_00,BA,0,5,1,1996,1524,0.763527,1.316833,2.0,1.25,3.5,0,True,0.0615
BA_00,BA,0,5,2,1996,1517,0.76002,1.343167,2.0,1.25,3.0,0,True,0.0567
BA_00,BA,0,5,3,1996,1514,0.758517,1.337583,2.0,1.25,3.5,0,True,0.0645
BA_00,BA,0,5,4,1996,1529,0.766032,1.340886,2.0,1.25,4.0,0,True,0.0493
BA_00,BA,0,5,5,1996,1514,0.758517,1.31756,2.0,1.25,3.0,0,True,0.0522
BA_00,BA,0,5,6,1996,1537,0.77004,1.326993,2.0,1.25,3.0,0,True,0.0519
BA_00,BA,0,5,7,1996,1521,0.762024,1.348667,2.0,1.25,4.0,0,True,0.0505
BA_00,BA,0,5,8,1996,1518,0.760521,1.336467,2.0,1.25,3.5,0,True,0.061
BA_00,BA,0,5,9,1996,1527,0.76503,1.322293,2.0,1.25,3.0,0,True,0.0661
BA_00,BA,0,7,0,1996,1295,0.648798,1.612455,2.5,1.5,7.0,0,True,0.0787
BA_00,BA,0,7,1,1996,1318,0.660321,1.636052,2.666667,1.5,7.0,0,True,0.0737
BA_00,BA,0,7,2,1996,1312,0.657315,1.582969,2.5,1.5,7.0,0,True,0.0917
BA_00,BA,0,7,3,1996,1308,0.655311,1.603702,2.5,1.5,7.0,0,True,0.0736
BA_00,BA,0,7,4,1996,1268,0.635271,1.631162,2.666667,1.5,7.0,0,True,0.0718
BA_00,BA,0,7,5,1996,1303,0.652806,1.647019,2.666667,1.6,4.0,0,True,0.0708
BA_00,BA,0,7,6,1996,1278,0.640281,1.596362,2.5,1.5,6.0,0,True,0.0715
BA_00,BA,0,7,7,1996,1287,0.64479,1.615002,2.666667,1.5,7.0,0,True,0.0711
BA_00,BA,0,7,8,1996,1288,0.645291,1.603779,2.5,1.5,5.0,0,True,0.0708
BA_00,BA,0,7,9,1996,1309,0.655812,1.6453,2.666667,1.6,7.0,0,True,0.0768
BA_01,BA,1,3,0,1996,1821,0.912325,1.1087,1.5,1.0,3.0,0,True,0.0185
BA_01,BA,1,3,1,1996,1824,0.913828,1.102383,1.5,1.0,2.5,0,True,0.017
BA_01,BA,1,3,2,1996,1830,0.916834,1.0996,1.5,1.0,2.0,0,True,0.021
BA_01,BA,1,3,3,1996,1820,0.911824,1.10105,1.405,1.0,3.0,0,True,0.017
BA_01,BA,1,3,4,1996,1828,0.915832,1.0988,1.5,1.0,3.0,0,True,0.02
BA_01,BA,1,3,5,1996,1827,0.915331,1.110817,1.508333,1.0,2.5,0,True,0.0195
BA_01,BA,1,3,6,1996,1818,0.910822,1.091617,1.405,1.0,2.0,0,True,0.0255
BA_01,BA,1,3,7,1996,1825,0.914329,1.105967,1.5,1.0,3.0,0,True,0.017
BA_01,BA,1,3,8,1996,1830,0.916834,1.110983,1.5,1.0,3.0,0,True,0.017
BA_01,BA,1,3,9,1996,1835,0.919339,1.091717,1.333333,1.0,3.0,0,True,0.02
BA_01,BA,1,5,0,1996,1526,0.764529,1.343017,2.0,1.25,3.5,0,True,0.0555
BA_01,BA,1,5,1,1996,1505,0.754008,1.331617,2.0,1.25,3.5,0,True,0.0678
BA_01,BA,1,5,2,1996,1526,0.764529,1.358817,2.0,1.25,3.0,0,True,0.0505
BA_01,BA,1,5,3,1996,1508,0.755511,1.339267,2.0,1.25,3.5,0,True,0.0595
BA_01,BA,1,5,4,1996,1515,0.759018,1.31855,2.0,1.25,4.0,0,True,0.0535
BA_01,BA,1,5,5,1996,1481,0.741984,1.34105,2.0,1.25,3.5,0,True,0.0621
BA_01,BA,1,5,6,1996,1523,0.763026,1.337033,2.0,1.25,4.0,0,True,0.0513
BA_01,BA,1,5,7,1996,1512,0.757515,1.33895,2.0,1.25,4.0,0,True,0.0535
BA_01,BA,1,5,8,1996,1508,0.755511,1.340733,2.0,1.25,3.0,0,True,0.0557
BA_01,BA,1,5,9,1996,1529,0.766032,1.333317,2.0,1.25,4.0,0,True,0.0484
BA_01,BA,1,7,0,1996,1310,0.656313,1.60635,2.333333,1.5,6.0,0,True,0.0926
BA_01,BA,1,7,1,1996,1296,0.649299,1.6075,2.333333,1.5,5.0,0,True,0.0873
BA_01,BA,1,7,2,1996,1305,0.653808,1.5927,2.341667,1.5,4.5,0,True,0.0914
BA_01,BA,1,7,3,1996,1277,0.63978,1.627217,2.5,1.5,6.0,0,True,0.1057
BA_01,BA,1,7,4,1996,1274,0.638277,1.625217,2.666667,1.5,4.5,0,True,0.0968
BA_01,BA,1,7,5,1996,1300,0.651303,1.564083,2.333333,1.5,4.0,0,True,0.0927
BA_01,BA,1,7,6,1996,1297,0.6498,1.578833,2.333333,1.5,4.5,0,True,0.0967
BA_01,BA,1,7,7,1996,1296,0.649299,1.593333,2.666667,1.5,4.0,0,True,0.0949
BA_01,BA,1,7,8,1996,1293,0.647796,1.59655,2.333333,1.5,5.0,0,True,0.0951
BA_01,BA,1,7,9,1996,1294,0.648297,1.593967,2.333333,1.5,5.0,0,True,0.0954
BA_02,BA,2,3,0,1996,1831,0.917335,1.090867,1.5,1.0,2.0,0,True,0.022
BA_02,BA,2,3,1,1996,1823,0.913327,1.097167,1.5,1.0,2.0,0,True,0.02
BA_02,BA,2,3,2,1996,1841,0.922345,1.105183,1.5,1.0,2.0,0,True,0.0175
BA_02,BA,2,3,3,1996,1833,0.918337,1.101017,1.5,1.0,3.0,0,True,0.0205
BA_02,BA,2,3,4,1996,1819,0.911323,1.103683,1.5,1.0,2.0,0,True,0.0171
BA_02,BA,2,3,5,1996,1839,0.921343,1.094517,1.5,1.0,3.0,0,True,0.02
BA_02,BA,2,3,6,1996,1830,0.916834,1.09575,1.5,1.0,2.0,0,True,0.02
BA_02,BA,2,3,7,1996,1837,0.920341,1.09305,1.333333,1.0,2.0,0,True,0.015
BA_02,BA,2,3,8,1996,1833,0.918337,1.09975,1.5,1.0,2.333333,0,True,0.0191
BA_02,BA,2,3,9,1996,1838,0.920842,1.0902,1.5,1.0,2.0,0,True,0.0189
BA_02,BA,2,5,0,1996,1544,0.773547,1.300233,2.0,1.25,5.0,0,True,0.0636
BA_02,BA,2,5,1,1996,1521,0.762024,1.326167,2.0,1.25,4.0,0,True,0.0519
BA_02,BA,2,5,2,1996,1543,0.773046,1.30455,2.0,1.25,3.0,0,True,0.0579
BA_02,BA,2,5,3,1996,1537,0.77004,1.322833,2.0,1.25,5.0,0,True,0.0515
BA_02,BA,2,5,4,1996,1552,0.777555,1.316517,2.0,1.25,4.0,0,True,0.0531
BA_02,BA,2,5,5,1996,1532,0.767535,1.31015,2.0,1.25,5.0,0,True,0.0524
BA_02,BA,2,5,6,1996,1512,0.757515,1.324683,2.0,1.25,4.0,0,True,0.065
BA_02,BA,2,5,7,1996,1549,0.776052,1.310967,2.0,1.25,5.0,0,True,0.0435
BA_02,BA,2,5,8,1996,1532,0.767535,1.3378,2.0,1.25,5.0,0,True,0.0561
BA_02,BA,2,5,9,1996,1547,0.77505,1.29215,2.0,1.25,3.0,0,True,0.0465
BA_02,BA,2,7,0,1996,1304,0.653307,1.57305,2.333333,1.5,6.0,0,True,0.0695
BA_02,BA,2,7,1,1996,1308,0.655311,1.579083,2.333333,1.5,6.0,0,True,0.0691
BA_02,BA,2,7,2,1996,1316,0.659319,1.607583,2.5,1.5,6.0,0,True,0.07
BA_02,BA,2,7,3,1996,1316,0.659319,1.556917,2.333333,1.5,6.0,0,True,0.0701
BA_02,BA,2,7,4,1996,1297,0.6498,1.56785,2.333333,1.5,4.0,0,True,0.0788
BA_02,BA,2,7,5,1996,1291,0.646794,1.547433,2.333333,1.5,6.0,0,True,0.0735
BA_02,BA,2,7,6,1996,1309,0.655812,1.589183,2.333333,1.5,7.0,0,True,0.073
BA_02,BA,2,7,7,1996,1313,0.657816,1.5919,2.341667,1.5,7.0,0,True,0.1075
BA_02,BA,2,7,8,1996,1303,0.652806,1.571467,2.333333,1.5,6.0,0,True,0.0695
BA_02,BA,2,7,9,1996,1326,0.664329,1.58905,2.333333,1.5,7.0,0,True,0.0716
BA_03,BA,3,3,0,1996,1854,0.928858,1.0937,1.333333,1.0,3.0,0,True,0.0243
BA_03,BA,3,3,1,1996,1842,0.922846,1.088433,1.333333,1.0,3.0,0,True,0.023
BA_03,BA,3,3,2,1996,1856,0.92986,1.08835,1.333333,1.0,3.0,0,True,0.016
BA_03,BA,3,3,3,1996,1848,0.925852,1.1039,1.5,1.0,3.0,0,True,0.019
BA_03,BA,3,3,4,1996,1845,0.924349,1.102917,1.5,1.0,3.0,0,True,0.0167
BA_03,BA,3,3,5,1996,1838,0.920842,1.112733,1.5,1.0,3.0,0,True,0.0165
BA_03,BA,3,3,6,1996,1849,0.926353,1.092433,1.5,1.0,3.0,0,True,0.017
BA_03,BA,3,3,7,1996,1839,0.921343,1.109933,1.5,1.0,3.0,0,True,0.017
BA_03,BA,3,3,8,1996,1858,0.930862,1.092,1.333333,1.0,3.0,0,True,0.0161
BA_03,BA,3,3,9,1996,1850,0.926854,1.108217,1.5,1.0,3.0,0,True,0.0207
BA_03,BA,3,5,0,1996,1495,0.748998,1.3378,2.0,1.25,5.0,0,True,0.0506
BA_03,BA,3,5,1,1996,1495,0.748998,1.328733,2.0,1.25,5.0,0,True,0.061
BA_03,BA,3,5,2,1996,1505,0.754008,1.310033,2.0,1.25,5.0,0,True,0.0683
BA_03,BA,3,5,3,1996,1505,0.754008,1.31315,2.0,1.25,5.0,0,True,0.056
BA_03,BA,3,5,4,1996,1508,0.755511,1.338267,2.0,1.25,4.0,0,True,0.0662
BA_03,BA,3,5,5,1996,1519,0.761022,1.352167,2.0,1.25,3.0,0,True,0.064
BA_03,BA,3,5,6,1996,1521,0.762024,1.350633,2.0,1.25,5.0,0,True,0.0484
BA_03,BA,3,5,7,1996,1508,0.755511,1.344233,2.0,1.25,5.0,0,True,0.07
BA_03,BA,3,5,8,1996,1519,0.761022,1.33895,2.0,1.25,5.0,0,True,0.0659
BA_03,BA,3,5,9,1996,1507,0.75501,1.3522,2.0,1.25,5.0,0,True,0.059
BA_03,BA,3,7,0,1996,1273,0.637776,1.6278,2.5,1.5,6.0,0,True,0.0731
BA_03,BA,3,7,1,1996,1305,0.653808,1.641517,2.508333,1.6,7.0,0,True,0.0955
BA_03,BA,3,7,2,1996,1303,0.652806,1.6385,2.5,1.5,7.0,0,True,0.0726
BA_03,BA,3,7,3,1996,1304,0.653307,1.60235,2.333333,1.5,5.0,0,True,0.1003
BA_03,BA,3,7,4,1996,1311,0.656814,1.61485,2.5,1.5,6.0,0,True,0.085
BA_03,BA,3,7,5,1996,1276,0.639279,1.6231,2.333333,1.5,6.0,0,True,0.0904
BA_03,BA,3,7,6,1996,1317,0.65982,1.621317,2.5,1.5,6.0,0,True,0.0882
BA_03,BA,3,7,7,1996,1297,0.6498,1.647733,2.5,1.6,6.0,0,True,0.0787
BA_03,BA,3,7,8,1996,1264,0.633267,1.6485,2.5,1.5,7.0,0,True,0.0873
BA_03,BA,3,7,9,1996,1282,0.642285,1.5879,2.5,1.5,6.0,0,True,0.0861
BA_04,BA,4,3,0,1996,1836,0.91984,1.090367,1.5,1.0,2.5,0,True,0.021
BA_04,BA,4,3,1,1996,1828,0.915832,1.07295,1.333333,1.0,2.0,0,True,0.0181
BA_04,BA,4,3,2,1996,1841,0.922345,1.077517,1.333333,1.0,2.0,0,True,0.0192
BA_04,BA,4,3,3,1996,1830,0.916834,1.09235,1.5,1.0,2.5,0,True,0.0184
BA_04,BA,4,3,4,1996,1844,0.923848,1.064367,1.333333,1.0,2.0,0,True,0.0211
BA_04,BA,4,3,5,1996,1823,0.913327,1.07995,1.333333,1.0,2.5,0,True,0.016
BA_04,BA,4,3,6,1996,1831,0.917335,1.082067,1.5,1.0,2.0,0,True,0.0221
BA_04,BA,4,3,7,1996,1844,0.923848,1.091183,1.5,1.0,3.0,0,True,0.0183
BA_04,BA,4,3,8,1996,1837,0.920341,1.090867,1.336667,1.0,3.0,0,True,0.0148
BA_04,BA,4,3,9,1996,1830,0.916834,1.081417,1.333333,1.0,2.5,0,True,0.018
BA_04,BA,4,5,0,1996,1525,0.764028,1.317017,2.0,1.25,3.5,0,True,0.0493
BA_04,BA,4,5,1,1996,1520,0.761523,1.31715,2.0,1.25,5.0,0,True,0.048
BA_04,BA,4,5,2,1996,1513,0.758016,1.314717,2.0,1.25,3.5,0,True,0.0547
BA_04,BA,4,5,3,1996,1522,0.762525,1.297733,2.0,1.25,3.0,0,True,0.0485
BA_04,BA,4,5,4,1996,1514,0.758517,1.329983,2.0,1.25,3.5,0,True,0.0612
BA_04,BA,4,5,5,1996,1494,0.748497,1.330317,2.0,1.25,5.0,0,True,0.0546
BA_04,BA,4,5,6,1996,1515,0.759018,1.324367,2.0,1.25,4.0,0,True,0.0509
BA_04,BA,4,5,7,1996,1497,0.75,1.3079,2.0,1.25,3.5,0,True,0.0603
BA_04,BA,4,5,8,1996,1508,0.755511,1.32305,2.0,1.25,3.0,0,True,0.051
BA_04,BA,4,5,9,1996,1497,0.75,1.3231,2.0,1.25,4.0,0,True,0.0495
BA_04,BA,4,7,0,1996,1306,0.654309,1.599767,2.333333,1.5,7.0,0,True,0.0842
BA_04,BA,4,7,1,1996,1282,0.642285,1.563617,2.333333,1.5,4.5,0,True,0.0851
BA_04,BA,4,7,2,1996,1303,0.652806,1.589667,2.333333,1.5,5.0,0,True,0.0735
BA_04,BA,4,7,3,1996,1281,0.641784,1.61175,2.333333,1.5,6.0,0,True,0.0711
BA_04,BA,4,7,4,1996,1296,0.649299,1.602383,2.333333,1.5,5.0,0,True,0.0862
BA_04,BA,4,7,5,1996,1269,0.635772,1.598817,2.333333,1.5,7.0,0,True,0.0893
BA_04,BA,4,7,6,1996,1304,0.653307,1.601367,2.333333,1.5,5.0,0,True,0.0849
BA_04,BA,4,7,7,1996,1288,0.645291,1.596833,2.333333,1.5,4.0,0,True,0.0909
BA_04,BA,4,7,8,1996,1292,0.647295,1.624583,2.5,1.5,7.0,0,True,0.0911
BA_04,BA,4,7,9,1996,1277,0.63978,1.583333,2.333333,1.5,5.0,0,True,0.0905
BA_05,BA,5,3,0,1996,1855,0.929359,1.0854,1.5,1.0,3.0,0,True,0.019
BA_05,BA,5,3,1,1996,1850,0.926854,1.0698,1.333333,1.0,2.0,0,True,0.0209
BA_05,BA,5,3,2,1996,1859,0.931363,1.068717,1.333333,1.0,2.0,0,True,0.0201
BA_05,BA,5,3,3,1996,1858,0.930862,1.060267,1.333333,1.0,2.0,0,True,0.0189
BA_05,BA,5,3,4,1996,1861,0.932365,1.077683,1.333333,1.0,3.0,0,True,0.021
BA_05,BA,5,3,5,1996,1852,0.927856,1.07395,1.333333,1.0,3.0,0,True,0.0204
BA_05,BA,5,3,6,1996,1863,0.933367,1.065367,1.333333,1.0,2.0,0,True,0.0189
BA_05,BA,5,3,7,1996,1869,0.936373,1.072533,1.333333,1.0,3.0,0,True,0.0201
BA_05,BA,5,3,8,1996,1864,0.933868,1.0752,1.333333,1.0,2.5,0,True,0.019
BA_05,BA,5,3,9,1996,1868,0.935872,1.071133,1.333333,1.0,3.0,0,True,0.02
BA_05,BA,5,5,0,1996,1548,0.775551,1.29565,2.0,1.2,4.0,0,True,0.061
BA_05,BA,5,5,1,1996,1556,0.779559,1.31195,2.0,1.25,4.0,0,True,0.0485
BA_05,BA,5,5,2,1996,1555,0.779058,1.280567,2.0,1.2,4.0,0,True,0.0556
BA_05,BA,5,5,3,1996,1556,0.779559,1.290433,1.75,1.25,4.0,0,True,0.0605
BA_05,BA,5,5,4,1996,1549,0.776052,1.28325,2.0,1.2,4.0,0,True,0.057
BA_05,BA,5,5,5,1996,1550,0.776553,1.3097,2.0,1.25,4.0,0,True,0.0589
BA_05,BA,5,5,6,1996,1549,0.776052,1.2804,2.0,1.2,4.0,0,True,0.063
BA_05,BA,5,5,7,1996,1534,0.768537,1.305133,2.0,1.25,4.0,0,True,0.0605
BA_05,BA,5,5,8,1996,1549,0.776052,1.293983,2.0,1.2,4.0,0,True,0.0602
BA_05,BA,5,5,9,1996,1522,0.762525,1.3007,2.0,1.25,5.0,0,True,0.051
BA_05,BA,5,7,0,1996,1322,0.662325,1.5695,2.333333,1.5,6.0,0,True,0.0908
BA_05,BA,5,7,1,1996,1293,0.647796,1.5677,2.333333,1.5,4.0,0,True,0.0862
BA_05,BA,5,7,2,1996,1304,0.653307,1.56515,2.333333,1.5,6.0,0,True,0.0797
BA_05,BA,5,7,3,1996,1289,0.645792,1.56035,2.333333,1.5,5.0,0,True,0.0739
BA_05,BA,5,7,4,1996,1320,0.661323,1.578533,2.333333,1.5,4.0,0,True,0.0791
BA_05,BA,5,7,5,1996,1334,0.668337,1.560733,2.333333,1.5,6.0,0,True,0.0737
BA_05,BA,5,7,6,1996,1306,0.654309,1.595467,2.5,1.5,6.0,0,True,0.0904
BA_05,BA,5,7,7,1996,1328,0.665331,1.537217,2.333333,1.5,6.0,0,True,0.0904
BA_05,BA,5,7,8,1996,1308,0.655311,1.583917,2.333333,1.5,6.0,0,True,0.0984
BA_05,BA,5,7,9,1996,1291,0.646794,1.575733,2.333333,1.5,5.0,0,True,0.0713
BA_06,BA,6,3,0,1996,1834,0.918838,1.104617,1.5,1.0,3.0,0,True,0.0156
BA_06,BA,6,3,1,1996,1819,0.911323,1.104317,1.405,1.0,2.0,0,True,0.0166
BA_06,BA,6,3,2,1996,1833,0.918337,1.111083,1.5,1.0,2.0,0,True,0.0159
BA_06,BA,6,3,3,1996,1823,0.913327,1.106967,1.5,1.0,2.5,0,True,0.016
BA_06,BA,6,3,4,1996,1844,0.923848,1.110033,1.5,1.0,3.0,0,True,0.016
BA_06,BA,6,3,5,1996,1823,0.913327,1.114733,1.5,1.0,2.0,0,True,0.0161
BA_06,BA,6,3,6,1996,1837,0.920341,1.111933,1.5,1.0,3.0,0,True,0.016
BA_06,BA,6,3,7,1996,1819,0.911323,1.11105,1.5,1.0,3.0,0,True,0.0209
BA_06,BA,6,3,8,1996,1820,0.911824,1.102933,1.5,1.0,3.0,0,True,0.0192
BA_06,BA,6,3,9,1996,1823,0.913327,1.105083,1.4,1.0,3.0,0,True,0.0155
BA_06,BA,6,5,0,1996,1529,0.766032,1.32965,2.0,1.25,4.0,0,True,0.0595
BA_06,BA,6,5,1,1996,1527,0.76503,1.321767,2.0,1.25,5.0,0,True,0.0483
BA_06,BA,6,5,2,1996,1544,0.773547,1.319417,2.0,1.25,5.0,0,True,0.0475
BA_06,BA,6,5,3,1996,1540,0.771543,1.313117,2.0,1.25,3.0,0,True,0.0617
BA_06,BA,6,5,4,1996,1545,0.774048,1.342517,2.0,1.25,5.0,0,True,0.0458
BA_06,BA,6,5,5,1996,1513,0.758016,1.326183,2.0,1.25,5.0,0,True,0.0526
BA_06,BA,6,5,6,1996,1542,0.772545,1.330817,2.0,1.25,5.0,0,True,0.0486
BA_06,BA,6,5,7,1996,1497,0.75,1.327083,2.0,1.25,5.0,0,True,0.0515
BA_06,BA,6,5,8,1996,1502,0.752505,1.3181,2.0,1.25,4.0,0,True,0.0655
BA_06,BA,6,5,9,1996,1521,0.762024,1.313233,2.0,1.25,3.0,0,True,0.059
BA_06,BA,6,7,0,1996,1313,0.657816,1.581952,2.333333,1.5,7.0,0,True,0.0996
BA_06,BA,6,7,1,1996,1288,0.645291,1.607343,2.333333,1.5,6.0,0,True,0.0772
BA_06,BA,6,7,2,1996,1299,0.650802,1.603129,2.333333,1.5,6.0,0,True,0.0723
BA_06,BA,6,7,3,1996,1333,0.667836,1.586317,2.333333,1.5,7.0,0,True,0.0755
BA_06,BA,6,7,4,1996,1260,0.631263,1.576493,2.333333,1.5,7.0,0,True,0.0796
BA_06,BA,6,7,5,1996,1287,0.64479,1.560483,2.333333,1.5,7.0,0,True,0.0762
BA_06,BA,6,7,6,1996,1321,0.661824,1.58856,2.333333,1.5,5.0,0,True,0.0902
BA_06,BA,6,7,7,1996,1298,0.650301,1.5918,2.333333,1.5,6.0,0,True,0.0711
BA_06,BA,6,7,8,1996,1290,0.646293,1.604067,2.333333,1.5,6.0,0,True,0.0724
BA_06,BA,6,7,9,1996,1298,0.650301,1.61355,2.333333,1.5,6.0,0,True,0.0692
BA_07,BA,7,3,0,1996,1833,0.918337,1.084083,1.5,1.0,2.0,0,True,0.021
BA_07,BA,7,3,1,1996,1849,0.926353,1.076783,1.333333,1.0,2.0,0,True,0.024
BA_07,BA,7,3,2,1996,1848,0.925852,1.083667,1.333333,1.0,3.0,0,True,0.0201
BA_07,BA,7,3,3,1996,1850,0.926854,1.086533,1.5,1.0,2.5,0,True,0.0201
BA_07,BA,7,3,4,1996,1846,0.92485,1.091433,1.333333,1.0,2.333333,0,True,0.0211
BA_07,BA,7,3,5,1996,1846,0.92485,1.080267,1.333333,1.0,2.0,0,True,0.0205
BA_07,BA,7,3,6,1996,1847,0.925351,1.085667,1.405,1.0,2.0,0,True,0.02
BA_07,BA,7,3,7,1996,1854,0.928858,1.075033,1.333333,1.0,2.0,0,True,0.0206
BA_07,BA,7,3,8,1996,1844,0.923848,1.080217,1.333333,1.0,2.0,0,True,0.0275
BA_07,BA,7,3,9,1996,1845,0.924349,1.091233,1.5,1.0,2.5,0,True,0.0215
BA_07,BA,7,5,0,1996,1541,0.772044,1.300567,2.0,1.25,5.0,0,True,0.0489
BA_07,BA,7,5,1,1996,1534,0.768537,1.310283,2.0,1.25,3.0,0,True,0.0489
BA_07,BA,7,5,2,1996,1503,0.753006,1.297567,2.0,1.25,3.0,0,True,0.0563
BA_07,BA,7,5,3,1996,1536,0.769539,1.302,2.0,1.25,4.0,0,True,0.047
BA_07,BA,7,5,4,1996,1536,0.769539,1.31125,2.0,1.25,5.0,0,True,0.0587
BA_07,BA,7,5,5,1996,1529,0.766032,1.310117,2.0,1.25,4.0,0,True,0.0477
BA_07,BA,7,5,6,1996,1528,0.765531,1.310933,2.0,1.25,4.0,0,True,0.0487
BA_07,BA,7,5,7,1996,1539,0.771042,1.303667,2.0,1.25,3.0,0,True,0.0596
BA_07,BA,7,5,8,1996,1517,0.76002,1.310017,2.0,1.25,5.0,0,True,0.0758
BA_07,BA,7,5,9,1996,1528,0.765531,1.323867,2.0,1.25,4.0,0,True,0.0719
BA_07,BA,7,7,0,1996,1301,0.651804,1.588517,2.333333,1.5,7.0,0,True,0.0921
BA_07,BA,7,7,1,1996,1320,0.661323,1.568683,2.333333,1.5,4.0,0,True,0.0851
BA_07,BA,7,7,2,1996,1299,0.650802,1.569783,2.333333,1.5,7.0,0,True,0.0918
BA_07,BA,7,7,3,1996,1305,0.653808,1.597117,2.333333,1.5,5.0,0,True,0.0923
BA_07,BA,7,7,4,1996,1305,0.653808,1.607633,2.333333,1.5,4.0,0,True,0.0828
BA_07,BA,7,7,5,1996,1307,0.65481,1.588967,2.333333,1.5,6.0,0,True,0.0741
BA_07,BA,7,7,6,1996,1294,0.648297,1.560567,2.333333,1.5,6.0,0,True,0.0779
BA_07,BA,7,7,7,1996,1293,0.647796,1.571033,2.333333,1.5,4.0,0,True,0.0862
BA_07,BA,7,7,8,1996,1307,0.65481,1.585233,2.333333,1.5,5.0,0,True,0.0702
BA_07,BA,7,7,9,1996,1282,0.642285,1.596233,2.333333,1.5,5.0,0,True,0.0774
BA_08,BA,8,3,0,1996,1842,0.922846,1.092983,1.5,1.0,2.0,0,True,0.016
BA_08,BA,8,3,1,1996,1851,0.927355,1.096483,1.5,1.0,2.0,0,True,0.0197
BA_08,BA,8,3,2,1996,1831,0.917335,1.095717,1.5,1.0,2.0,0,True,0.0225
BA_08,BA,8,3,3,1996,1848,0.925852,1.082733,1.333333,1.0,2.0,0,True,0.016
BA_08,BA,8,3,4,1996,1842,0.922846,1.095083,1.5,1.0,2.5,0,True,0.022
BA_08,BA,8,3,5,1996,1848,0.925852,1.096633,1.5,1.0,2.5,0,True,0.022
BA_08,BA,8,3,6,1996,1848,0.925852,1.09195,1.333333,1.0,2.0,0,True,0.029
BA_08,BA,8,3,7,1996,1836,0.91984,1.0872,1.333333,1.0,3.0,0,True,0.023
BA_08,BA,8,3,8,1996,1848,0.925852,1.09215,1.333333,1.0,2.0,0,True,0.0302
BA_08,BA,8,3,9,1996,1837,0.920341,1.089717,1.5,1.0,2.0,0,True,0.021
BA_08,BA,8,5,0,1996,1515,0.759018,1.34035,2.0,1.25,5.0,0,True,0.0672
BA_08,BA,8,5,1,1996,1501,0.752004,1.310533,2.0,1.25,5.0,0,True,0.0683
BA_08,BA,8,5,2,1996,1541,0.772044,1.311793,2.0,1.25,3.0,0,True,0.0615
BA_08,BA,8,5,3,1996,1527,0.76503,1.33045,2.0,1.25,4.0,0,True,0.065
BA_08,BA,8,5,4,1996,1516,0.759519,1.336733,2.0,1.25,3.0,0,True,0.0653
BA_08,BA,8,5,5,1996,1527,0.76503,1.324267,2.0,1.25,3.0,0,True,0.0631
BA_08,BA,8,5,6,1996,1503,0.753006,1.35671,2.0,1.25,5.0,0,True,0.0627
BA_08,BA,8,5,7,1996,1519,0.761022,1.31415,2.0,1.25,5.0,0,True,0.0657
BA_08,BA,8,5,8,1996,1534,0.768537,1.32851,2.0,1.25,5.0,0,True,0.065
BA_08,BA,8,5,9,1996,1520,0.761523,1.32975,2.0,1.25,4.0,0,True,0.0505
BA_08,BA,8,7,0,1996,1280,0.641283,1.60355,2.333333,1.5,7.0,0,True,0.0952
BA_08,BA,8,7,1,1996,1280,0.641283,1.598383,2.5,1.5,6.0,0,True,0.0968
BA_08,BA,8,7,2,1996,1287,0.64479,1.592917,2.5,1.5,5.0,0,True,0.097
BA_08,BA,8,7,3,1996,1311,0.656814,1.62431,2.666667,1.5,7.0,0,True,0.1
BA_08,BA,8,7,4,1996,1284,0.643287,1.602052,2.666667,1.5,6.0,0,True,0.0973
BA_08,BA,8,7,5,1996,1261,0.631764,1.590876,2.333333,1.5,5.0,0,True,0.092
BA_08,BA,8,7,6,1996,1280,0.641283,1.606243,2.333333,1.5,6.0,0,True,0.0793
BA_08,BA,8,7,7,1996,1286,0.644289,1.595583,2.5,1.5,7.0,0,True,0.0938
BA_08,BA,8,7,8,1996,1295,0.648798,1.611052,2.508333,1.5,6.0,0,True,0.0749
BA_08,BA,8,7,9,1996,1302,0.652305,1.622326,2.5,1.5,5.0,0,True,0.0767
BA_09,BA,9,3,0,1996,1842,0.922846,1.092583,1.5,1.0,2.0,0,True,0.021
BA_09,BA,9,3,1,1996,1854,0.928858,1.085767,1.333333,1.0,2.0,0,True,0.025
BA_09,BA,9,3,2,1996,1849,0.926353,1.099783,1.5,1.0,2.0,0,True,0.0346
BA_09,BA,9,3,3,1996,1851,0.927355,1.08645,1.333333,1.0,2.0,0,True,0.022
BA_09,BA,9,3,4,1996,1857,0.930361,1.090533,1.5,1.0,2.0,0,True,0.019
BA_09,BA,9,3,5,1996,1845,0.924349,1.093167,1.333333,1.0,2.0,0,True,0.0215
BA_09,BA,9,3,6,1996,1844,0.923848,1.108467,1.5,1.0,3.0,0,True,0.017
BA_09,BA,9,3,7,1996,1849,0.926353,1.099576,1.5,1.0,2.5,0,True,0.016
BA_09,BA,9,3,8,1996,1838,0.920842,1.089767,1.333333,1.0,2.0,0,True,0.016
BA_09,BA,9,3,9,1996,1844,0.923848,1.088067,1.333333,1.0,2.0,0,True,0.016
BA_09,BA,9,5,0,1996,1584,0.793587,1.301793,2.0,1.25,3.0,0,True,0.0517
BA_09,BA,9,5,1,1996,1523,0.763026,1.330245,2.0,1.25,4.0,0,True,0.0511
BA_09,BA,9,5,2,1996,1534,0.768537,1.31421,2.0,1.25,5.0,0,True,0.0523
BA_09,BA,9,5,3,1996,1537,0.77004,1.327695,2.0,1.25,3.0,0,True,0.0494
BA_09,BA,9,5,4,1996,1548,0.775551,1.315212,2.0,1.25,3.0,0,True,0.0505
BA_09,BA,9,5,5,1996,1527,0.76503,1.301386,2.0,1.25,3.0,0,True,0.05
BA_09,BA,9,5,6,1996,1552,0.777555,1.316662,2.0,1.25,5.0,0,True,0.0505
BA_09,BA,9,5,7,1996,1529,0.766032,1.315676,2.0,1.25,3.5,0,True,0.0565
BA_09,BA,9,5,8,1996,1553,0.778056,1.303143,2.0,1.25,3.5,0,True,0.0619
BA_09,BA,9,5,9,1996,1543,0.773046,1.326943,2.0,1.25,5.0,0,True,0.0526
BA_09,BA,9,7,0,1996,1291,0.646794,1.601581,2.341667,1.5,7.0,0,True,0.0715
BA_09,BA,9,7,1,1996,1310,0.656313,1.593524,2.5,1.5,5.0,0,True,0.0901
BA_09,BA,9,7,2,1996,1285,0.643788,1.606598,2.5,1.5,5.0,0,True,0.0939
BA_09,BA,9,7,3,1996,1273,0.637776,1.596931,2.5,1.5,6.0,0,True,0.0878
BA_09,BA,9,7,4,1996,1303,0.652806,1.588467,2.333333,1.5,7.0,0,True,0.1065
BA_09,BA,9,7,5,1996,1287,0.64479,1.582102,2.5,1.5,5.0,0,True,0.0772
BA_09,BA,9,7,6,1996,1299,0.650802,1.589417,2.333333,1.5,6.0,0,True,0.0785
BA_09,BA,9,7,7,1996,1313,0.657816,1.592164,2.5,1.5,6.0,0,True,0.0961
BA_09,BA,9,7,8,1996,1305,0.653808,1.584105,2.333333,1.5,6.0,0,True,0.0994
BA_09,BA,9,7,9,1996,1299,0.650802,1.585298,2.333333,1.5,7.0,0,True,0.0974
BA_10,BA,10,3,0,1996,1831,0.917335,1.090867,1.405,1.0,2.0,0,True,0.0236
BA_10,BA,10,3,1,1996,1840,0.921844,1.0892,1.405,1.0,3.0,0,True,0.0227
BA_10,BA,10,3,2,1996,1830,0.916834,1.079867,1.333333,1.0,2.0,0,True,0.0228
BA_10,BA,10,3,3,1996,1854,0.928858,1.091283,1.333333,1.0,3.0,0,True,0.0219
BA_10,BA,10,3,4,1996,1831,0.917335,1.09675,1.5,1.0,3.0,0,True,0.0202
BA_10,BA,10,3,5,1996,1833,0.918337,1.09105,1.5,1.0,2.0,0,True,0.0222
BA_10,BA,10,3,6,1996,1828,0.915832,1.084517,1.333333,1.0,3.0,0,True,0.0232
BA_10,BA,10,3,7,1996,1834,0.918838,1.087933,1.405,1.0,3.0,0,True,0.02
BA_10,BA,10,3,8,1996,1839,0.921343,1.0961,1.5,1.0,2.5,0,True,0.015
BA_10,BA,10,3,9,1996,1828,0.915832,1.09015,1.5,1.0,3.0,0,True,0.017
BA_10,BA,10,5,0,1996,1509,0.756012,1.321967,2.0,1.25,3.5,0,True,0.0637
BA_10,BA,10,5,1,1996,1509,0.756012,1.338183,2.0,1.25,3.0,0,True,0.0665
BA_10,BA,10,5,2,1996,1513,0.758016,1.333033,2.0,1.25,4.0,0,True,0.0635
BA_10,BA,10,5,3,1996,1517,0.76002,1.3245,2.0,1.25,4.0,0,True,0.0696
BA_10,BA,10,5,4,1996,1533,0.768036,1.3344,2.0,1.25,4.0,0,True,0.0559
BA_10,BA,10,5,5,1996,1500,0.751503,1.342883,2.0,1.25,3.5,0,True,0.0497
BA_10,BA,10,5,6,1996,1508,0.755511,1.345567,2.0,1.25,5.0,0,True,0.0501
BA_10,BA,10,5,7,1996,1499,0.751002,1.315317,2.0,1.25,4.0,0,True,0.0658
BA_10,BA,10,5,8,1996,1497,0.75,1.325867,2.0,1.25,3.0,0,True,0.055
BA_10,BA,10,5,9,1996,1506,0.754509,1.350267,2.0,1.25,4.0,0,True,0.0546
BA_10,BA,10,7,0,1996,1283,0.642786,1.60465,2.333333,1.5,4.0,0,True,0.0701
BA_10,BA,10,7,1,1996,1268,0.635271,1.621717,2.666667,1.5,6.0,0,True,0.0707
BA_10,BA,10,7,2,1996,1286,0.644289,1.6088,2.5,1.5,4.0,0,True,0.0716
BA_10,BA,10,7,3,1996,1281,0.641784,1.593367,2.333333,1.5,5.0,0,True,0.0708
BA_10,BA,10,7,4,1996,1269,0.635772,1.565883,2.333333,1.5,4.0,0,True,0.0877
BA_10,BA,10,7,5,1996,1291,0.646794,1.61705,2.333333,1.5,4.0,0,True,0.0701
BA_10,BA,10,7,6,1996,1282,0.642285,1.619417,2.5,1.5,5.0,0,True,0.0702
BA_10,BA,10,7,7,1996,1265,0.633768,1.576667,2.333333,1.5,5.0,0,True,0.0815
BA_10,BA,10,7,8,1996,1262,0.632265,1.6291,2.666667,1.5,6.0,0,True,0.0822
BA_10,BA,10,7,9,1996,1265,0.633768,1.58775,2.333333,1.5,4.0,0,True,0.0718
BA_11,BA,11,3,0,1996,1829,0.916333,1.084017,1.336667,1.0,2.0,0,True,0.0161
BA_11,BA,11,3,1,1996,1844,0.923848,1.085233,1.333333,1.0,2.5,0,True,0.019
BA_11,BA,11,3,2,1996,1842,0.922846,1.085833,1.333333,1.0,3.0,0,True,0.0151
BA_11,BA,11,3,3,1996,1853,0.928357,1.08155,1.333333,1.0,2.0,0,True,0.0191
BA_11,BA,11,3,4,1996,1831,0.917335,1.09045,1.5,1.0,2.5,0,True,0.0164
BA_11,BA,11,3,5,1996,1849,0.926353,1.087,1.5,1.0,2.0,0,True,0.015
BA_11,BA,11,3,6,1996,1843,0.923347,1.0997,1.5,1.0,2.5,0,True,0.0151
BA_11,BA,11,3,7,1996,1849,0.926353,1.08495,1.333333,1.0,2.0,0,True,0.016
BA_11,BA,11,3,8,1996,1856,0.92986,1.0931,1.5,1.0,2.0,0,True,0.0138
BA_11,BA,11,3,9,1996,1849,0.926353,1.086833,1.5,1.0,2.0,0,True,0.0147
BA_11,BA,11,5,0,1996,1541,0.772044,1.28595,2.0,1.25,3.0,0,True,0.0458
BA_11,BA,11,5,1,1996,1537,0.77004,1.314033,2.0,1.25,4.0,0,True,0.0614
BA_11,BA,11,5,2,1996,1533,0.768036,1.3256,2.0,1.25,5.0,0,True,0.063
BA_11,BA,11,5,3,1996,1549,0.776052,1.297717,2.0,1.25,3.0,0,True,0.066
BA_11,BA,11,5,4,1996,1555,0.779058,1.287533,2.0,1.25,3.0,0,True,0.0615
BA_11,BA,11,5,5,1996,1524,0.763527,1.297133,2.0,1.25,3.5,0,True,0.0634
BA_11,BA,11,5,6,1996,1529,0.766032,1.307083,2.0,1.25,5.0,0,True,0.0625
BA_11,BA,11,5,7,1996,1534,0.768537,1.298943,2.0,1.25,3.5,0,True,0.0602
BA_11,BA,11,5,8,1996,1553,0.778056,1.29675,2.0,1.25,4.0,0,True,0.0622
BA_11,BA,11,5,9,1996,1544,0.773547,1.278017,1.75,1.225,3.0,0,True,0.064
BA_11,BA,11,7,0,1996,1301,0.651804,1.572386,2.5,1.5,5.0,0,True,0.0888
BA_11,BA,11,7,1,1996,1299,0.650802,1.557867,2.333333,1.5,4.0,0,True,0.0939
BA_11,BA,11,7,2,1996,1300,0.651303,1.56706,2.333333,1.5,4.0,0,True,0.0842
BA_11,BA,11,7,3,1996,1307,0.65481,1.57295,2.333333,1.5,5.0,0,True,0.0988
BA_11,BA,11,7,4,1996,1300,0.651303,1.552467,2.333333,1.5,5.0,0,True,0.107
BA_11,BA,11,7,5,1996,1314,0.658317,1.569267,2.333333,1.5,5.0,0,True,0.093
BA_11,BA,11,7,6,1996,1313,0.657816,1.53621,2.333333,1.5,6.0,0,True,0.0926
BA_11,BA,11,7,7,1996,1298,0.650301,1.574495,2.333333,1.5,4.5,0,True,0.0711
BA_11,BA,11,7,8,1996,1300,0.651303,1.580983,2.341667,1.5,6.0,0,True,0.0963
BA_11,BA,11,7,9,1996,1303,0.652806,1.55525,2.333333,1.5,5.0,0,True,0.0815
BA_12,BA,12,3,0,1996,1816,0.90982,1.0952,1.5,1.0,2.0,0,True,0.0226
BA_12,BA,12,3,1,1996,1816,0.90982,1.10595,1.5,1.0,2.5,0,True,0.015
BA_12,BA,12,3,2,1996,1817,0.910321,1.102367,1.5,1.0,3.0,0,True,0.0211
BA_12,BA,12,3,3,1996,1814,0.908818,1.112567,1.5,1.0,2.5,0,True,0.0143
BA_12,BA,12,3,4,1996,1809,0.906313,1.11455,1.5,1.0,2.5,0,True,0.0158
BA_12,BA,12,3,5,1996,1832,0.917836,1.10225,1.5,1.0,2.5,0,True,0.0152
BA_12,BA,12,3,6,1996,1831,0.917335,1.100767,1.5,1.0,2.0,0,True,0.0202
BA_12,BA,12,3,7,1996,1804,0.903808,1.111483,1.5,1.0,3.0,0,True,0.02
BA_12,BA,12,3,8,1996,1819,0.911323,1.1062,1.5,1.0,2.5,0,True,0.0148
BA_12,BA,12,3,9,1996,1810,0.906814,1.092933,1.5,1.0,2.0,0,True,0.0151
BA_12,BA,12,5,0,1996,1519,0.761022,1.322017,2.0,1.25,3.0,0,True,0.0491
BA_12,BA,12,5,1,1996,1534,0.768537,1.308883,2.0,1.25,4.0,0,True,0.0511
BA_12,BA,12,5,2,1996,1522,0.762525,1.319317,2.0,1.25,4.0,0,True,0.0581
BA_12,BA,12,5,3,1996,1533,0.768036,1.318367,2.0,1.25,3.5,0,True,0.0535
BA_12,BA,12,5,4,1996,1489,0.745992,1.309983,2.0,1.25,3.0,0,True,0.0569
BA_12,BA,12,5,5,1996,1517,0.76002,1.324967,2.0,1.25,4.0,0,True,0.0489
BA_12,BA,12,5,6,1996,1546,0.774549,1.3502,2.0,1.25,5.0,0,True,0.0538
BA_12,BA,12,5,7,1996,1516,0.759519,1.34025,2.0,1.25,5.0,0,True,0.0512
BA_12,BA,12,5,8,1996,1508,0.755511,1.325833,2.0,1.25,3.0,0,True,0.0517
BA_12,BA,12,5,9,1996,1536,0.769539,1.325767,2.0,1.25,5.0,0,True,0.0616
BA_12,BA,12,7,0,1996,1310,0.656313,1.601483,2.333333,1.5,4.5,0,True,0.071
BA_12,BA,12,7,1,1996,1309,0.655812,1.568517,2.333333,1.5,6.0,0,True,0.0907
BA_12,BA,12,7,2,1996,1287,0.64479,1.621633,2.5,1.5,5.0,0,True,0.0775
BA_12,BA,12,7,3,1996,1275,0.638778,1.572067,2.333333,1.5,6.0,0,True,0.072
BA_12,BA,12,7,4,1996,1278,0.640281,1.582517,2.333333,1.5,5.0,0,True,0.0815
BA_12,BA,12,7,5,1996,1279,0.640782,1.6145,2.666667,1.5,4.0,0,True,0.0792
BA_12,BA,12,7,6,1996,1280,0.641283,1.58175,2.333333,1.5,6.0,0,True,0.0835
BA_12,BA,12,7,7,1996,1298,0.650301,1.590917,2.5,1.5,6.0,0,True,0.0957
BA_12,BA,12,7,8,1996,1286,0.644289,1.558783,2.333333,1.5,4.0,0,True,0.0899
BA_12,BA,12,7,9,1996,1320,0.661323,1.571517,2.333333,1.5,5.0,0,True,0.0973
BA_13,BA,13,3,0,1996,1821,0.912325,1.100417,1.4,1.0,2.0,0,True,0.0161
BA_13,BA,13,3,1,1996,1821,0.912325,1.115833,1.5,1.0,3.0,0,True,0.0223
BA_13,BA,13,3,2,1996,1802,0.902806,1.0927,1.5,1.0,2.0,0,True,0.0173
BA_13,BA,13,3,3,1996,1813,0.908317,1.107367,1.5,1.0,2.5,0,True,0.0218
BA_13,BA,13,3,4,1996,1799,0.901303,1.113483,1.666667,1.0,3.0,0,True,0.0245
BA_13,BA,13,3,5,1996,1801,0.902305,1.118233,1.666667,1.0,3.0,0,True,0.0237
BA_13,BA,13,3,6,1996,1808,0.905812,1.114183,1.5,1.0,2.5,0,True,0.0214
BA_13,BA,13,3,7,1996,1814,0.908818,1.11415,1.5,1.0,3.0,0,True,0.027
BA_13,BA,13,3,8,1996,1805,0.904309,1.1252,1.666667,1.0,3.0,0,True,0.0234
BA_13,BA,13,3,9,1996,1813,0.908317,1.107983,1.5,1.0,3.0,0,True,0.0245
BA_13,BA,13,5,0,1996,1490,0.746493,1.350567,2.0,1.25,3.0,0,True,0.071
BA_13,BA,13,5,1,1996,1480,0.741483,1.344133,2.0,1.25,5.0,0,True,0.0636
BA_13,BA,13,5,2,1996,1484,0.743487,1.346176,2.0,1.25,3.5,0,True,0.0675
BA_13,BA,13,5,3,1996,1486,0.744489,1.3322,2.0,1.25,3.0,0,True,0.0713
BA_13,BA,13,5,4,1996,1485,0.743988,1.353483,2.0,1.25,5.0,0,True,0.0658
BA_13,BA,13,5,5,1996,1487,0.74499,1.3428,2.0,1.25,3.0,0,True,0.0612
BA_13,BA,13,5,6,1996,1505,0.754008,1.349217,2.0,1.25,5.0,0,True,0.0649
BA_13,BA,13,5,7,1996,1482,0.742485,1.336883,2.0,1.25,5.0,0,True,0.0696
BA_13,BA,13,5,8,1996,1506,0.754509,1.333383,2.0,1.25,3.0,0,True,0.0591
BA_13,BA,13,5,9,1996,1502,0.752505,1.34815,2.0,1.25,3.5,0,True,0.0715
BA_13,BA,13,7,0,1996,1286,0.644289,1.617443,2.666667,1.5,4.0,0,True,0.0796
BA_13,BA,13,7,1,1996,1265,0.633768,1.6288,2.666667,1.5,7.0,0,True,0.0727
BA_13,BA,13,7,2,1996,1261,0.631764,1.622217,2.5,1.5,3.5,0,True,0.072
BA_13,BA,13,7,3,1996,1272,0.637275,1.599812,2.5,1.5,4.0,0,True,0.0772
BA_13,BA,13,7,4,1996,1275,0.638778,1.637569,2.666667,1.5,4.5,0,True,0.083
BA_13,BA,13,7,5,1996,1269,0.635772,1.61825,2.5,1.5,5.0,0,True,0.0933
BA_13,BA,13,7,6,1996,1263,0.632766,1.626836,2.5,1.5,4.0,0,True,0.0734
BA_13,BA,13,7,7,1996,1276,0.639279,1.65675,2.666667,1.6,4.0,0,True,0.0728
BA_13,BA,13,7,8,1996,1293,0.647796,1.633143,2.5,1.6,4.5,0,True,0.071
BA_13,BA,13,7,9,1996,1270,0.636273,1.616533,2.5,1.5,4.0,0,True,0.072
BA_14,BA,14,3,0,1996,1824,0.913828,1.088033,1.341667,1.0,2.0,0,True,0.018
BA_14,BA,14,3,1,1996,1832,0.917836,1.09945,1.5,1.0,2.0,0,True,0.0222
BA_14,BA,14,3,2,1996,1809,0.906313,1.0995,1.5,1.0,2.0,0,True,0.0173
BA_14,BA,14,3,3,1996,1819,0.911323,1.097517,1.5,1.0,2.0,0,True,0.0198
BA_14,BA,14,3,4,1996,1813,0.908317,1.09365,1.5,1.0,2.5,0,True,0.0194
BA_14,BA,14,3,5,1996,1819,0.911323,1.103783,1.5,1.0,2.0,0,True,0.0198
BA_14,BA,14,3,6,1996,1830,0.916834,1.097017,1.5,1.0,2.0,0,True,0.0231
BA_14,BA,14,3,7,1996,1826,0.91483,1.1002,1.5,1.0,2.5,0,True,0.0238
BA_14,BA,14,3,8,1996,1822,0.912826,1.101783,1.5,1.0,2.5,0,True,0.0189
BA_14,BA,14,3,9,1996,1811,0.907315,1.098833,1.5,1.0,2.5,0,True,0.0226
BA_14,BA,14,5,0,1996,1505,0.754008,1.327926,2.0,1.25,4.0,0,True,0.0518
BA_14,BA,14,5,1,1996,1497,0.75,1.326517,2.0,1.25,4.0,0,True,0.0723
BA_14,BA,14,5,2,1996,1495,0.748998,1.333119,2.0,1.25,4.0,0,True,0.0583
BA_14,BA,14,5,3,1996,1503,0.753006,1.321567,2.0,1.25,5.0,0,True,0.0537
BA_14,BA,14,5,4,1996,1510,0.756513,1.3175,2.0,1.25,5.0,0,True,0.0737
BA_14,BA,14,5,5,1996,1490,0.746493,1.32015,2.0,1.25,5.0,0,True,0.0684
BA_14,BA,14,5,6,1996,1520,0.761523,1.33495,2.0,1.25,3.5,0,True,0.0713
BA_14,BA,14,5,7,1996,1502,0.752505,1.326217,2.0,1.25,5.0,0,True,0.0691
BA_14,BA,14,5,8,1996,1507,0.75501,1.3266,2.0,1.25,3.0,0,True,0.0676
BA_14,BA,14,5,9,1996,1482,0.742485,1.306019,2.0,1.25,4.0,0,True,0.0527
BA_14,BA,14,7,0,1996,1278,0.640281,1.607002,2.5,1.5,6.0,0,True,0.0998
BA_14,BA,14,7,1,1996,1253,0.627756,1.571502,2.333333,1.5,4.0,0,True,0.0955
BA_14,BA,14,7,2,1996,1293,0.647796,1.582569,2.333333,1.5,6.0,0,True,0.0996
BA_14,BA,14,7,3,1996,1286,0.644289,1.571952,2.333333,1.5,6.0,0,True,0.0792
BA_14,BA,14,7,4,1996,1282,0.642285,1.56556,2.333333,1.5,4.0,0,True,0.0793
BA_14,BA,14,7,5,1996,1256,0.629259,1.570869,2.333333,1.5,7.0,0,True,0.0985
BA_14,BA,14,7,6,1996,1283,0.642786,1.596186,2.333333,1.5,6.0,0,True,0.0947
BA_14,BA,14,7,7,1996,1258,0.630261,1.58725,2.333333,1.5,6.0,0,True,0.0887
BA_14,BA,14,7,8,1996,1281,0.641784,1.632795,2.5,1.5,6.0,0,True,0.0952
BA_14,BA,14,7,9,1996,1286,0.644289,1.607736,2.508333,1.5,7.0,0,True,0.1079
BA_15,BA,15,3,0,1996,1806,0.90481,1.095033,1.5,1.0,2.0,0,True,0.0224
BA_15,BA,15,3,1,1996,1819,0.911323,1.087983,1.333333,1.0,2.333333,0,True,0.022
BA_15,BA,15,3,2,1996,1826,0.91483,1.08655,1.4,1.0,3.0,0,True,0.0155
BA_15,BA,15,3,3,1996,1819,0.911323,1.0894,1.5,1.0,2.0,0,True,0.0218
BA_15,BA,15,3,4,1996,1820,0.911824,1.09255,1.5,1.0,3.0,0,True,0.022
BA_15,BA,15,3,5,1996,1820,0.911824,1.09115,1.333333,1.0,2.0,0,True,0.0148
BA_15,BA,15,3,6,1996,1821,0.912325,1.09335,1.5,1.0,3.0,0,True,0.027
BA_15,BA,15,3,7,1996,1820,0.911824,1.09085,1.5,1.0,2.0,0,True,0.0154
BA_15,BA,15,3,8,1996,1819,0.911323,1.091933,1.4,1.0,2.0,0,True,0.0223
BA_15,BA,15,3,9,1996,1805,0.904309,1.105433,1.5,1.0,3.0,0,True,0.0195
BA_15,BA,15,5,0,1996,1534,0.768537,1.300117,2.0,1.25,3.0,0,True,0.0472
BA_15,BA,15,5,1,1996,1520,0.761523,1.334967,2.0,1.25,5.0,0,True,0.0535
BA_15,BA,15,5,2,1996,1500,0.751503,1.307767,2.0,1.25,4.0,0,True,0.0556
BA_15,BA,15,5,3,1996,1518,0.760521,1.309817,2.0,1.25,3.0,0,True,0.0499
BA_15,BA,15,5,4,1996,1522,0.762525,1.33435,2.0,1.25,5.0,0,True,0.0727
BA_15,BA,15,5,5,1996,1506,0.754509,1.34065,2.0,1.25,4.0,0,True,0.0627
BA_15,BA,15,5,6,1996,1520,0.761523,1.3064,2.0,1.25,4.0,0,True,0.0678
BA_15,BA,15,5,7,1996,1494,0.748497,1.324917,2.0,1.25,4.0,0,True,0.0741
BA_15,BA,15,5,8,1996,1525,0.764028,1.334017,2.0,1.25,3.5,0,True,0.0778
BA_15,BA,15,5,9,1996,1477,0.73998,1.311783,2.0,1.25,5.0,0,True,0.0755
BA_15,BA,15,7,0,1996,1287,0.64479,1.612467,2.333333,1.5,6.0,0,True,0.0785
BA_15,BA,15,7,1,1996,1300,0.651303,1.6097,2.5,1.5,7.0,0,True,0.114
BA_15,BA,15,7,2,1996,1291,0.646794,1.60655,2.333333,1.5,7.0,0,True,0.1116
BA_15,BA,15,7,3,1996,1301,0.651804,1.590133,2.333333,1.5,6.0,0,True,0.0943
BA_15,BA,15,7,4,1996,1296,0.649299,1.588467,2.333333,1.5,7.0,0,True,0.1122
BA_15,BA,15,7,5,1996,1315,0.658818,1.568967,2.333333,1.5,7.0,0,True,0.071
BA_15,BA,15,7,6,1996,1277,0.63978,1.587367,2.333333,1.5,4.0,0,True,0.085
BA_15,BA,15,7,7,1996,1282,0.642285,1.6099,2.333333,1.5,7.0,0,True,0.0932
BA_15,BA,15,7,8,1996,1279,0.640782,1.610833,2.333333,1.5,6.0,0,True,0.1047
BA_15,BA,15,7,9,1996,1285,0.643788,1.607933,2.666667,1.5,6.0,0,True,0.1007
BA_16,BA,16,3,0,1996,1808,0.905812,1.101067,1.5,1.0,3.0,0,True,0.0281
BA_16,BA,16,3,1,1996,1810,0.906814,1.10445,1.5,1.0,2.0,0,True,0.026
BA_16,BA,16,3,2,1996,1819,0.911323,1.098133,1.333333,1.0,2.0,0,True,0.0247
BA_16,BA,16,3,3,1996,1820,0.911824,1.120567,1.508333,1.0,2.5,0,True,0.0231
BA_16,BA,16,3,4,1996,1796,0.8998,1.114017,1.5,1.0,3.0,0,True,0.0249
BA_16,BA,16,3,5,1996,1811,0.907315,1.122467,1.5,1.0,3.0,0,True,0.0246
BA_16,BA,16,3,6,1996,1815,0.909319,1.119517,1.5,1.0,3.0,0,True,0.0232
BA_16,BA,16,3,7,1996,1803,0.903307,1.11675,1.5,1.0,2.5,0,True,0.0275
BA_16,BA,16,3,8,1996,1812,0.907816,1.113533,1.5,1.0,2.5,0,True,0.0226
BA_16,BA,16,3,9,1996,1816,0.90982,1.114417,1.5,1.0,2.5,0,True,0.018
BA_16,BA,16,5,0,1996,1483,0.742986,1.355317,2.0,1.25,5.0,0,True,0.0722
BA_16,BA,16,5,1,1996,1507,0.75501,1.366133,2.0,1.25,3.5,0,True,0.0681
BA_16,BA,16,5,2,1996,1492,0.747495,1.332367,2.0,1.25,5.0,0,True,0.0699
BA_16,BA,16,5,3,1996,1499,0.751002,1.3502,2.0,1.25,3.0,0,True,0.0681
BA_16,BA,16,5,4,1996,1497,0.75,1.35805,2.0,1.25,3.0,0,True,0.0728
BA_16,BA,16,5,5,1996,1490,0.746493,1.35455,2.0,1.25,4.0,0,True,0.0871
BA_16,BA,16,5,6,1996,1488,0.745491,1.370017,2.0,1.25,3.0,0,True,0.0661
BA_16,BA,16,5,7,1996,1511,0.757014,1.344183,2.0,1.25,5.0,0,True,0.0646
BA_16,BA,16,5,8,1996,1512,0.757515,1.348683,2.0,1.25,4.0,0,True,0.0715
BA_16,BA,16,5,9,1996,1501,0.752004,1.354433,2.0,1.25,3.0,0,True,0.0652
BA_16,BA,16,7,0,1996,1290,0.646293,1.6552,2.666667,1.5,4.0,0,True,0.0795
BA_16,BA,16,7,1,1996,1289,0.645792,1.644333,2.5,1.5,6.0,0,True,0.1022
BA_16,BA,16,7,2,1996,1282,0.642285,1.6343,2.5,1.55,4.0,0,True,0.0756
BA_16,BA,16,7,3,1996,1242,0.622244,1.626183,2.5,1.5,7.0,0,True,0.083
BA_16,BA,16,7,4,1996,1290,0.646293,1.654867,2.666667,1.6,4.0,0,True,0.1083
BA_16,BA,16,7,5,1996,1297,0.6498,1.642317,2.666667,1.5,6.0,0,True,0.0719
BA_16,BA,16,7,6,1996,1283,0.642786,1.614967,2.333333,1.5,4.5,0,True,0.1006
BA_16,BA,16,7,7,1996,1264,0.633267,1.5996,2.5,1.5,7.0,0,True,0.0728
BA_16,BA,16,7,8,1996,1284,0.643287,1.625867,2.5,1.5,6.0,0,True,0.0775
BA_16,BA,16,7,9,1996,1272,0.637275,1.62105,2.508333,1.5,6.0,0,True,0.0731
BA_17,BA,17,3,0,1996,1811,0.907315,1.105117,1.5,1.0,2.0,0,True,0.0257
BA_17,BA,17,3,1,1996,1824,0.913828,1.0849,1.5,1.0,3.0,0,True,0.04
BA_17,BA,17,3,2,1996,1797,0.900301,1.1012,1.5,1.0,2.5,0,True,0.018
BA_17,BA,17,3,3,1996,1795,0.899299,1.10685,1.5,1.0,3.0,0,True,0.0267
BA_17,BA,17,3,4,1996,1817,0.910321,1.09825,1.5,1.0,2.333333,0,True,0.023
BA_17,BA,17,3,5,1996,1809,0.906313,1.103283,1.5,1.0,3.0,0,True,0.021
BA_17,BA,17,3,6,1996,1810,0.906814,1.105917,1.5,1.0,3.0,0,True,0.0173
BA_17,BA,17,3,7,1996,1814,0.908818,1.111133,1.5,1.0,3.0,0,True,0.0195
BA_17,BA,17,3,8,1996,1811,0.907315,1.0899,1.5,1.0,2.5,0,True,0.019
BA_17,BA,17,3,9,1996,1804,0.903808,1.102017,1.5,1.0,3.0,0,True,0.0387
BA_17,BA,17,5,0,1996,1490,0.746493,1.357917,2.0,1.25,3.0,0,True,0.0511
BA_17,BA,17,5,1,1996,1493,0.747996,1.351,2.0,1.25,5.0,0,True,0.0621
BA_17,BA,17,5,2,1996,1485,0.743988,1.34215,2.0,1.25,3.0,0,True,0.0549
BA_17,BA,17,5,3,1996,1506,0.754509,1.3326,2.0,1.25,5.0,0,True,0.081
BA_17,BA,17,5,4,1996,1495,0.748998,1.329617,2.0,1.25,5.0,0,True,0.0589
BA_17,BA,17,5,5,1996,1503,0.753006,1.369817,2.0,1.25,5.0,0,True,0.0536
BA_17,BA,17,5,6,1996,1483,0.742986,1.323233,2.0,1.25,3.0,0,True,0.0684
BA_17,BA,17,5,7,1996,1499,0.751002,1.35345,2.0,1.25,5.0,0,True,0.0644
BA_17,BA,17,5,8,1996,1501,0.752004,1.3523,2.0,1.25,5.0,0,True,0.0581
BA_17,BA,17,5,9,1996,1478,0.740481,1.3379,2.0,1.25,3.0,0,True,0.0741
BA_17,BA,17,7,0,1996,1261,0.631764,1.632533,2.5,1.5,6.0,0,True,0.1047
BA_17,BA,17,7,1,1996,1259,0.630762,1.605417,2.333333,1.6,5.0,0,True,0.1108
BA_17,BA,17,7,2,1996,1278,0.640281,1.605467,2.333333,1.5,6.0,0,True,0.095
BA_17,BA,17,7,3,1996,1261,0.631764,1.60685,2.5,1.5,5.0,0,True,0.0804
BA_17,BA,17,7,4,1996,1280,0.641283,1.611817,2.333333,1.5,6.0,0,True,0.1023
BA_17,BA,17,7,5,1996,1255,0.628758,1.620467,2.333333,1.5,5.0,0,True,0.1077
BA_17,BA,17,7,6,1996,1265,0.633768,1.624117,2.333333,1.5,6.0,0,True,0.1112
BA_17,BA,17,7,7,1996,1286,0.644289,1.662717,2.666667,1.6,7.0,0,True,0.0737
BA_17,BA,17,7,8,1996,1265,0.633768,1.6506,2.5,1.6,7.0,0,True,0.1009
BA_17,BA,17,7,9,1996,1275,0.638778,1.631683,2.666667,1.5,6.0,0,True,0.0756
BA_18,BA,18,3,0,1996,1825,0.914329,1.102867,1.5,1.0,2.5,0,True,0.0255
BA_18,BA,18,3,1,1996,1812,0.907816,1.10565,1.5,1.0,3.0,0,True,0.028
BA_18,BA,18,3,2,1996,1812,0.907816,1.10745,1.5,1.0,3.0,0,True,0.0175
BA_18,BA,18,3,3,1996,1823,0.913327,1.114833,1.5,1.0,3.0,0,True,0.023
BA_18,BA,18,3,4,1996,1811,0.907315,1.104617,1.5,1.0,2.0,0,True,0.0408
BA_18,BA,18,3,5,1996,1820,0.911824,1.11055,1.5,1.0,2.0,0,True,0.0278
BA_18,BA,18,3,6,1996,1828,0.915832,1.106933,1.5,1.0,2.5,0,True,0.0217
BA_18,BA,18,3,7,1996,1824,0.913828,1.110967,1.5,1.0,3.0,0,True,0.017
BA_18,BA,18,3,8,1996,1819,0.911323,1.09355,1.333333,1.0,2.0,0,True,0.0271
BA_18,BA,18,3,9,1996,1826,0.91483,1.110883,1.5,1.0,2.0,0,True,0.0278
BA_18,BA,18,5,0,1996,1487,0.74499,1.364626,2.0,1.25,5.0,0,True,0.0545
BA_18,BA,18,5,1,1996,1503,0.753006,1.343933,2.0,1.25,5.0,0,True,0.059
BA_18,BA,18,5,2,1996,1476,0.739479,1.346033,2.0,1.25,5.0,0,True,0.0718
BA_18,BA,18,5,3,1996,1497,0.75,1.361183,2.0,1.25,3.5,0,True,0.0812
BA_18,BA,18,5,4,1996,1516,0.759519,1.3527,2.0,1.25,4.0,0,True,0.058
BA_18,BA,18,5,5,1996,1482,0.742485,1.3465,2.0,1.25,3.0,0,True,0.056
BA_18,BA,18,5,6,1996,1476,0.739479,1.334533,2.0,1.25,3.0,0,True,0.0549
BA_18,BA,18,5,7,1996,1506,0.754509,1.3413,2.0,1.25,3.0,0,True,0.0644
BA_18,BA,18,5,8,1996,1491,0.746994,1.361933,2.0,1.25,4.0,0,True,0.0519
BA_18,BA,18,5,9,1996,1516,0.759519,1.35385,2.0,1.25,3.5,0,True,0.065
BA_18,BA,18,7,0,1996,1278,0.640281,1.635967,2.5,1.6,5.0,0,True,0.1002
BA_18,BA,18,7,1,1996,1269,0.635772,1.605702,2.333333,1.5,4.0,0,True,0.0759
BA_18,BA,18,7,2,1996,1260,0.631263,1.6171,2.333333,1.5,5.0,0,True,0.1302
BA_18,BA,18,7,3,1996,1271,0.636774,1.622426,2.666667,1.5,5.0,0,True,0.1055
BA_18,BA,18,7,4,1996,1273,0.637776,1.617776,2.5,1.5,3.5,0,True,0.0745
BA_18,BA,18,7,5,1996,1267,0.63477,1.63805,2.333333,1.6,5.0,0,True,0.1013
BA_18,BA,18,7,6,1996,1282,0.642285,1.630933,2.666667,1.5,7.0,0,True,0.0934
BA_18,BA,18,7,7,1996,1275,0.638778,1.6413,2.666667,1.5,4.0,0,True,0.094
BA_18,BA,18,7,8,1996,1245,0.623747,1.606819,2.5,1.5,4.5,0,True,0.1017
BA_18,BA,18,7,9,1996,1263,0.632766,1.64535,2.5,1.6,4.0,0,True,0.087
BA_19,BA,19,3,0,1996,1833,0.918337,1.094333,1.5,1.0,2.5,0,True,0.0226
BA_19,BA,19,3,1,1996,1837,0.920341,1.0905,1.333333,1.0,2.0,0,True,0.0213
BA_19,BA,19,3,2,1996,1844,0.923848,1.1029,1.5,1.0,2.5,0,True,0.021
BA_19,BA,19,3,3,1996,1835,0.919339,1.087583,1.333333,1.0,3.0,0,True,0.0196
BA_19,BA,19,3,4,1996,1839,0.921343,1.089417,1.5,1.0,2.0,0,True,0.024
BA_19,BA,19,3,5,1996,1837,0.920341,1.0855,1.333333,1.0,2.0,0,True,0.023
BA_19,BA,19,3,6,1996,1840,0.921844,1.08815,1.5,1.0,2.0,0,True,0.019
BA_19,BA,19,3,7,1996,1835,0.919339,1.09775,1.336667,1.0,2.0,0,True,0.0198
BA_19,BA,19,3,8,1996,1832,0.917836,1.08655,1.336667,1.0,2.0,0,True,0.0188
BA_19,BA,19,3,9,1996,1838,0.920842,1.0882,1.333333,1.0,2.0,0,True,0.021
BA_19,BA,19,5,0,1996,1538,0.770541,1.316667,2.0,1.25,5.0,0,True,0.0611
BA_19,BA,19,5,1,1996,1528,0.765531,1.311383,2.0,1.25,3.5,0,True,0.0565
BA_19,BA,19,5,2,1996,1511,0.757014,1.314533,2.0,1.25,5.0,0,True,0.0692
BA_19,BA,19,5,3,1996,1534,0.768537,1.31215,2.0,1.25,3.5,0,True,0.0496
BA_19,BA,19,5,4,1996,1542,0.772545,1.301583,2.0,1.25,3.0,0,True,0.0556
BA_19,BA,19,5,5,1996,1546,0.774549,1.32035,2.0,1.25,4.0,0,True,0.0542
BA_19,BA,19,5,6,1996,1514,0.758517,1.300743,2.0,1.25,4.0,0,True,0.0497
BA_19,BA,19,5,7,1996,1524,0.763527,1.29785,2.0,1.25,4.0,0,True,0.059
BA_19,BA,19,5,8,1996,1537,0.77004,1.314543,2.0,1.25,5.0,0,True,0.0666
BA_19,BA,19,5,9,1996,1533,0.768036,1.315793,2.0,1.25,4.0,0,True,0.0616
BA_19,BA,19,7,0,1996,1296,0.649299,1.553126,2.333333,1.5,4.0,0,True,0.0772
BA_19,BA,19,7,1,1996,1306,0.654309,1.58636,2.333333,1.5,7.0,0,True,0.074
BA_19,BA,19,7,2,1996,1317,0.65982,1.57776,2.333333,1.5,4.0,0,True,0.089
BA_19,BA,19,7,3,1996,1321,0.661824,1.555586,2.333333,1.5,6.0,0,True,0.0715
BA_19,BA,19,7,4,1996,1281,0.641784,1.623243,2.5,1.5,6.0,0,True,0.076
BA_19,BA,19,7,5,1996,1278,0.640281,1.617517,2.5,1.5,5.0,0,True,0.0812
BA_19,BA,19,7,6,1996,1297,0.6498,1.559383,2.333333,1.5,4.0,0,True,0.0846
BA_19,BA,19,7,7,1996,1294,0.648297,1.60181,2.333333,1.5,5.0,0,True,0.091
BA_19,BA,19,7,8,1996,1280,0.641283,1.586583,2.333333,1.5,4.0,0,True,0.0753
BA_19,BA,19,7,9,1996,1317,0.65982,1.596452,2.333333,1.5,4.0,0,True,0.0854
BA_20,BA,20,3,0,1996,1802,0.902806,1.104117,1.4,1.0,2.0,0,True,0.0184
BA_20,BA,20,3,1,1996,1813,0.908317,1.1029,1.5,1.0,3.0,0,True,0.019
BA_20,BA,20,3,2,1996,1829,0.916333,1.11245,1.5,1.0,2.0,0,True,0.0215
BA_20,BA,20,3,3,1996,1811,0.907315,1.1105,1.5,1.0,2.0,0,True,0.0212
BA_20,BA,20,3,4,1996,1800,0.901804,1.113367,1.5,1.0,2.0,0,True,0.019
BA_20,BA,20,3,5,1996,1807,0.905311,1.115317,1.5,1.0,3.0,0,True,0.0218
BA_20,BA,20,3,6,1996,1818,0.910822,1.107433,1.5,1.0,3.0,0,True,0.017
BA_20,BA,20,3,7,1996,1802,0.902806,1.117033,1.5,1.0,2.333333,0,True,0.0174
BA_20,BA,20,3,8,1996,1798,0.900802,1.10675,1.5,1.0,2.333333,0,True,0.0215
BA_20,BA,20,3,9,1996,1798,0.900802,1.103033,1.5,1.0,2.0,0,True,0.0192
BA_20,BA,20,5,0,1996,1509,0.756012,1.3406,2.0,1.25,3.5,0,True,0.0671
BA_20,BA,20,5,1,1996,1500,0.751503,1.329217,2.0,1.25,5.0,0,True,0.0523
BA_20,BA,20,5,2,1996,1497,0.75,1.373133,2.0,1.25,3.5,0,True,0.058
BA_20,BA,20,5,3,1996,1482,0.742485,1.358917,2.0,1.25,5.0,0,True,0.0613
BA_20,BA,20,5,4,1996,1507,0.75501,1.343433,2.0,1.25,3.5,0,True,0.0571
BA_20,BA,20,5,5,1996,1475,0.738978,1.353883,2.0,1.25,5.0,0,True,0.0638
BA_20,BA,20,5,6,1996,1481,0.741984,1.357333,2.0,1.25,3.0,0,True,0.0721
BA_20,BA,20,5,7,1996,1513,0.758016,1.356267,2.0,1.25,3.0,0,True,0.068
BA_20,BA,20,5,8,1996,1510,0.756513,1.341467,2.0,1.25,3.0,0,True,0.0707
BA_20,BA,20,5,9,1996,1512,0.757515,1.345317,2.0,1.25,3.5,0,True,0.0636
BA_20,BA,20,7,0,1996,1309,0.655812,1.60845,2.333333,1.5,7.0,0,True,0.0981
BA_20,BA,20,7,1,1996,1270,0.636273,1.623467,2.333333,1.5,6.0,0,True,0.1051
BA_20,BA,20,7,2,1996,1274,0.638277,1.62106,2.5,1.5,5.0,0,True,0.1022
BA_20,BA,20,7,3,1996,1283,0.642786,1.60231,2.333333,1.5,4.0,0,True,0.0982
BA_20,BA,20,7,4,1996,1283,0.642786,1.629843,2.5,1.5,4.5,0,True,0.0948
BA_20,BA,20,7,5,1996,1267,0.63477,1.613817,2.5,1.5,5.0,0,True,0.0814
BA_20,BA,20,7,6,1996,1273,0.637776,1.639243,2.5,1.5,4.0,0,True,0.0947
BA_20,BA,20,7,7,1996,1259,0.630762,1.646093,2.508333,1.6,6.0,0,True,0.0741
BA_20,BA,20,7,8,1996,1279,0.640782,1.629793,2.666667,1.5,4.0,0,True,0.0789
BA_20,BA,20,7,9,1996,1276,0.639279,1.611693,2.5,1.5,6.0,0,True,0.0997
BA_21,BA,21,3,0,1996,1846,0.92485,1.093133,1.5,1.0,2.0,0,True,0.0192
BA_21,BA,21,3,1,1996,1820,0.911824,1.1014,1.5,1.0,3.0,0,True,0.022
BA_21,BA,21,3,2,1996,1840,0.921844,1.10235,1.5,1.0,2.0,0,True,0.0191
BA_21,BA,21,3,3,1996,1839,0.921343,1.101833,1.5,1.0,2.333333,0,True,0.014
BA_21,BA,21,3,4,1996,1851,0.927355,1.09195,1.5,1.0,2.5,0,True,0.0151
BA_21,BA,21,3,5,1996,1854,0.928858,1.082283,1.333333,1.0,2.0,0,True,0.02
BA_21,BA,21,3,6,1996,1851,0.927355,1.084967,1.333333,1.0,2.0,0,True,0.0152
BA_21,BA,21,3,7,1996,1841,0.922345,1.091717,1.4,1.0,2.0,0,True,0.0151
BA_21,BA,21,3,8,1996,1841,0.922345,1.10415,1.5,1.0,2.5,0,True,0.0166
BA_21,BA,21,3,9,1996,1856,0.92986,1.09185,1.333333,1.0,2.0,0,True,0.0155
BA_21,BA,21,5,0,1996,1523,0.763026,1.32325,2.0,1.25,3.5,0,True,0.0456
BA_21,BA,21,5,1,1996,1506,0.754509,1.31805,2.0,1.25,4.0,0,True,0.0484
BA_21,BA,21,5,2,1996,1512,0.757515,1.338117,2.0,1.25,5.0,0,True,0.0521
BA_21,BA,21,5,3,1996,1544,0.773547,1.33835,2.0,1.25,4.0,0,True,0.0517
BA_21,BA,21,5,4,1996,1512,0.757515,1.299183,2.0,1.25,3.0,0,True,0.0561
BA_21,BA,21,5,5,1996,1506,0.754509,1.331233,2.0,1.25,4.5,0,True,0.0466
BA_21,BA,21,5,6,1996,1520,0.761523,1.320317,2.0,1.25,3.0,0,True,0.0579
BA_21,BA,21,5,7,1996,1551,0.777054,1.325167,2.0,1.25,3.0,0,True,0.0492
BA_21,BA,21,5,8,1996,1529,0.766032,1.33055,2.0,1.25,5.0,0,True,0.0522
BA_21,BA,21,5,9,1996,1520,0.761523,1.3112,2.0,1.25,4.0,0,True,0.0602
BA_21,BA,21,7,0,1996,1311,0.656814,1.581817,2.333333,1.5,4.5,0,True,0.075
BA_21,BA,21,7,1,1996,1289,0.645792,1.5669,2.333333,1.5,4.5,0,True,0.0921
BA_21,BA,21,7,2,1996,1294,0.648297,1.606183,2.5,1.5,7.0,0,True,0.076
BA_21,BA,21,7,3,1996,1290,0.646293,1.57165,2.333333,1.5,6.0,0,True,0.0752
BA_21,BA,21,7,4,1996,1304,0.653307,1.57755,2.333333,1.5,7.0,0,True,0.0736
BA_21,BA,21,7,5,1996,1302,0.652305,1.618083,2.333333,1.5,7.0,0,True,0.0987
BA_21,BA,21,7,6,1996,1304,0.653307,1.571317,2.333333,1.5,4.0,0,True,0.0744
BA_21,BA,21,7,7,1996,1289,0.645792,1.604717,2.341667,1.5,6.0,0,True,0.0735
BA_21,BA,21,7,8,1996,1290,0.646293,1.5878,2.333333,1.5,4.0,0,True,0.0725
BA_21,BA,21,7,9,1996,1297,0.6498,1.5948,2.5,1.5,4.0,0,True,0.0717
BA_22,BA,22,3,0,1996,1809,0.906313,1.1108,1.5,1.0,2.5,0,True,0.0251
BA_22,BA,22,3,1,1996,1805,0.904309,1.099783,1.5,1.0,2.0,0,True,0.0181
BA_22,BA,22,3,2,1996,1795,0.899299,1.1022,1.5,1.0,2.0,0,True,0.0265
BA_22,BA,22,3,3,1996,1813,0.908317,1.104167,1.5,1.0,2.0,0,True,0.0235
BA_22,BA,22,3,4,1996,1803,0.903307,1.103733,1.5,1.0,2.0,0,True,0.025
BA_22,BA,22,3,5,1996,1816,0.90982,1.111617,1.5,1.0,2.0,0,True,0.025
BA_22,BA,22,3,6,1996,1809,0.906313,1.106083,1.5,1.0,2.0,0,True,0.0183
BA_22,BA,22,3,7,1996,1813,0.908317,1.095867,1.5,1.0,2.0,0,True,0.0211
BA_22,BA,22,3,8,1996,1807,0.905311,1.099176,1.5,1.0,2.0,0,True,0.0222
BA_22,BA,22,3,9,1996,1801,0.902305,1.109633,1.5,1.0,2.0,0,True,0.0222
BA_22,BA,22,5,0,1996,1481,0.741984,1.354726,2.0,1.25,3.0,0,True,0.0501
BA_22,BA,22,5,1,1996,1469,0.735972,1.35471,2.0,1.25,3.0,0,True,0.0659
BA_22,BA,22,5,2,1996,1496,0.749499,1.33581,2.0,1.25,3.0,0,True,0.0711
BA_22,BA,22,5,3,1996,1504,0.753507,1.345293,2.0,1.25,5.0,0,True,0.0679
BA_22,BA,22,5,4,1996,1469,0.735972,1.357243,2.0,1.25,3.5,0,True,0.0686
BA_22,BA,22,5,5,1996,1478,0.740481,1.350383,2.0,1.25,5.0,0,True,0.0664
BA_22,BA,22,5,6,1996,1483,0.742986,1.350919,2.0,1.25,4.0,0,True,0.0618
BA_22,BA,22,5,7,1996,1515,0.759018,1.359976,2.0,1.25,5.0,0,True,0.0529
BA_22,BA,22,5,8,1996,1500,0.751503,1.36561,2.0,1.25,5.0,0,True,0.0602
BA_22,BA,22,5,9,1996,1480,0.741483,1.333643,2.0,1.25,3.0,0,True,0.0533
BA_22,BA,22,7,0,1996,1264,0.633267,1.612586,2.666667,1.5,4.5,0,True,0.0747
BA_22,BA,22,7,1,1996,1284,0.643287,1.648171,2.666667,1.6,4.0,0,True,0.0918
BA_22,BA,22,7,2,1996,1281,0.641784,1.605869,2.341667,1.5,4.0,0,True,0.0969
BA_22,BA,22,7,3,1996,1263,0.632766,1.626038,2.5,1.5,5.0,0,True,0.0878
BA_22,BA,22,7,4,1996,1258,0.630261,1.641338,2.5,1.6,4.0,0,True,0.0838
BA_22,BA,22,7,5,1996,1272,0.637275,1.633819,2.508333,1.55,4.0,0,True,0.0796
BA_22,BA,22,7,6,1996,1261,0.631764,1.631452,2.333333,1.5,4.0,0,True,0.0874
BA_22,BA,22,7,7,1996,1267,0.63477,1.602669,2.333333,1.5,6.0,0,True,0.101
BA_22,BA,22,7,8,1996,1288,0.645291,1.615812,2.666667,1.5,4.5,0,True,0.0831
BA_22,BA,22,7,9,1996,1285,0.643788,1.619152,2.5,1.5,5.0,0,True,0.0808
BA_23,BA,23,3,0,1996,1830,0.916834,1.09125,1.5,1.0,2.0,0,True,0.0204
BA_23,BA,23,3,1,1996,1835,0.919339,1.0927,1.5,1.0,2.5,0,True,0.0181
BA_23,BA,23,3,2,1996,1842,0.922846,1.0891,1.333333,1.0,2.0,0,True,0.017
BA_23,BA,23,3,3,1996,1821,0.912325,1.08795,1.333333,1.0,2.0,0,True,0.0173
BA_23,BA,23,3,4,1996,1843,0.923347,1.095683,1.5,1.0,2.5,0,True,0.0167
BA_23,BA,23,3,5,1996,1831,0.917335,1.101583,1.5,1.0,2.0,0,True,0.0167
BA_23,BA,23,3,6,1996,1837,0.920341,1.10095,1.5,1.0,2.5,0,True,0.0154
BA_23,BA,23,3,7,1996,1836,0.91984,1.104467,1.5,1.0,2.5,0,True,0.0157
BA_23,BA,23,3,8,1996,1838,0.920842,1.094533,1.5,1.0,2.0,0,True,0.0176
BA_23,BA,23,3,9,1996,1828,0.915832,1.090667,1.5,1.0,2.0,0,True,0.0174
BA_23,BA,23,5,0,1996,1513,0.758016,1.323383,2.0,1.25,4.0,0,True,0.0491
BA_23,BA,23,5,1,1996,1504,0.753507,1.33225,2.0,1.25,5.0,0,True,0.0484
BA_23,BA,23,5,2,1996,1497,0.75,1.338183,2.0,1.25,4.0,0,True,0.0477
BA_23,BA,23,5,3,1996,1517,0.76002,1.335417,2.0,1.25,5.0,0,True,0.0478
BA_23,BA,23,5,4,1996,1519,0.761022,1.321667,2.0,1.25,3.0,0,True,0.0513
BA_23,BA,23,5,5,1996,1497,0.75,1.342067,2.0,1.25,4.0,0,True,0.0504
BA_23,BA,23,5,6,1996,1476,0.739479,1.364867,2.0,1.25,5.0,0,True,0.0551
BA_23,BA,23,5,7,1996,1519,0.761022,1.348583,2.0,1.25,5.0,0,True,0.0451
BA_23,BA,23,5,8,1996,1532,0.767535,1.294183,2.0,1.25,3.0,0,True,0.0482
BA_23,BA,23,5,9,1996,1508,0.755511,1.338167,2.0,1.25,4.0,0,True,0.0528
BA_23,BA,23,7,0,1996,1293,0.647796,1.594983,2.333333,1.5,6.0,0,True,0.0821
BA_23,BA,23,7,1,1996,1306,0.654309,1.56995,2.333333,1.5,3.5,0,True,0.0906
BA_23,BA,23,7,2,1996,1261,0.631764,1.628333,2.5,1.5,7.0,0,True,0.0879
BA_23,BA,23,7,3,1996,1272,0.637275,1.616717,2.5,1.5,5.0,0,True,0.0938
BA_23,BA,23,7,4,1996,1273,0.637776,1.647833,2.666667,1.5,7.0,0,True,0.095
BA_23,BA,23,7,5,1996,1283,0.642786,1.6394,2.666667,1.5,6.0,0,True,0.1068
BA_23,BA,23,7,6,1996,1272,0.637275,1.60475,2.5,1.5,6.0,0,True,0.0989
BA_23,BA,23,7,7,1996,1284,0.643287,1.629633,2.666667,1.5,7.0,0,True,0.0875
BA_23,BA,23,7,8,1996,1273,0.637776,1.581333,2.333333,1.5,3.5,0,True,0.0859
BA_23,BA,23,7,9,1996,1282,0.642285,1.623183,2.5,1.5,6.0,0,True,0.0941
BA_24,BA,24,3,0,1996,1842,0.922846,1.095483,1.5,1.0,3.0,0,True,0.0177
BA_24,BA,24,3,1,1996,1836,0.91984,1.090683,1.5,1.0,3.0,0,True,0.022
BA_24,BA,24,3,2,1996,1841,0.922345,1.1023,1.5,1.0,3.0,0,True,0.015
BA_24,BA,24,3,3,1996,1837,0.920341,1.099967,1.5,1.0,2.0,0,True,0.0181
BA_24,BA,24,3,4,1996,1842,0.922846,1.093817,1.5,1.0,2.0,0,True,0.0172
BA_24,BA,24,3,5,1996,1850,0.926854,1.096783,1.341667,1.0,2.0,0,True,0.0169
BA_24,BA,24,3,6,1996,1843,0.923347,1.0938,1.5,1.0,2.0,0,True,0.0152
BA_24,BA,24,3,7,1996,1836,0.91984,1.098017,1.5,1.0,2.333333,0,True,0.0182
BA_24,BA,24,3,8,1996,1836,0.91984,1.097767,1.5,1.0,2.0,0,True,0.0215
BA_24,BA,24,3,9,1996,1835,0.919339,1.1033,1.5,1.0,3.0,0,True,0.0212
BA_24,BA,24,5,0,1996,1526,0.764529,1.327733,2.0,1.25,4.0,0,True,0.0675
BA_24,BA,24,5,1,1996,1523,0.763026,1.323367,2.0,1.25,5.0,0,True,0.0642
BA_24,BA,24,5,2,1996,1519,0.761022,1.314467,2.0,1.25,3.0,0,True,0.064
BA_24,BA,24,5,3,1996,1513,0.758016,1.333317,2.0,1.25,3.0,0,True,0.0605
BA_24,BA,24,5,4,1996,1519,0.761022,1.350183,2.0,1.25,3.5,0,True,0.053
BA_24,BA,24,5,5,1996,1511,0.757014,1.329017,2.0,1.25,5.0,0,True,0.0636
BA_24,BA,24,5,6,1996,1505,0.754008,1.3121,2.0,1.25,3.5,0,True,0.0483
BA_24,BA,24,5,7,1996,1524,0.763527,1.314717,2.0,1.25,3.0,0,True,0.0469
BA_24,BA,24,5,8,1996,1492,0.747495,1.327033,2.0,1.25,3.0,0,True,0.0482
BA_24,BA,24,5,9,1996,1513,0.758016,1.352533,2.0,1.25,5.0,0,True,0.0475
BA_24,BA,24,7,0,1996,1283,0.642786,1.5986,2.333333,1.5,4.0,0,True,0.0675
BA_24,BA,24,7,1,1996,1285,0.643788,1.5953,2.333333,1.5,3.5,0,True,0.0703
BA_24,BA,24,7,2,1996,1289,0.645792,1.609333,2.333333,1.5,7.0,0,True,0.0782
BA_24,BA,24,7,3,1996,1295,0.648798,1.607833,2.333333,1.5,7.0,0,True,0.0706
BA_24,BA,24,7,4,1996,1295,0.648798,1.581683,2.333333,1.5,6.0,0,True,0.0735
BA_24,BA,24,7,5,1996,1288,0.645291,1.6326,2.5,1.5,4.5,0,True,0.078
BA_24,BA,24,7,6,1996,1306,0.654309,1.581833,2.333333,1.5,7.0,0,True,0.0806
BA_24,BA,24,7,7,1996,1311,0.656814,1.58755,2.333333,1.5,7.0,0,True,0.0687
BA_24,BA,24,7,8,1996,1307,0.65481,1.590117,2.341667,1.5,7.0,0,True,0.0751
BA_24,BA,24,7,9,1996,1308,0.655311,1.60925,2.333333,1.5,5.0,0,True,0.0758
BA_25,BA,25,3,0,1996,1842,0.922846,1.087817,1.333333,1.0,2.0,0,True,0.0162
BA_25,BA,25,3,1,1996,1834,0.918838,1.082217,1.333333,1.0,2.5,0,True,0.017
BA_25,BA,25,3,2,1996,1845,0.924349,1.081567,1.333333,1.0,3.0,0,True,0.0145
BA_25,BA,25,3,3,1996,1838,0.920842,1.083667,1.333333,1.0,3.0,0,True,0.0161
BA_25,BA,25,3,4,1996,1832,0.917836,1.079767,1.333333,1.0,2.5,0,True,0.0165
BA_25,BA,25,3,5,1996,1849,0.926353,1.069933,1.333333,1.0,2.5,0,True,0.0152
BA_25,BA,25,3,6,1996,1837,0.920341,1.09985,1.5,1.0,2.0,0,True,0.0189
BA_25,BA,25,3,7,1996,1836,0.91984,1.094017,1.405,1.0,2.5,0,True,0.0151
BA_25,BA,25,3,8,1996,1832,0.917836,1.088983,1.333333,1.0,3.0,0,True,0.0155
BA_25,BA,25,3,9,1996,1837,0.920341,1.083467,1.333333,1.0,3.0,0,True,0.017
BA_25,BA,25,5,0,1996,1527,0.76503,1.306233,2.0,1.25,5.0,0,True,0.047
BA_25,BA,25,5,1,1996,1515,0.759018,1.324017,2.0,1.25,5.0,0,True,0.0434
BA_25,BA,25,5,2,1996,1548,0.775551,1.296833,2.0,1.25,5.0,0,True,0.0495
BA_25,BA,25,5,3,1996,1540,0.771543,1.3037,2.0,1.25,3.5,0,True,0.05
BA_25,BA,25,5,4,1996,1527,0.76503,1.307426,2.0,1.25,5.0,0,True,0.0635
BA_25,BA,25,5,5,1996,1546,0.774549,1.323617,2.0,1.25,4.0,0,True,0.0505
BA_25,BA,25,5,6,1996,1535,0.769038,1.320333,2.0,1.25,4.0,0,True,0.061
BA_25,BA,25,5,7,1996,1531,0.767034,1.3041,1.75,1.25,5.0,0,True,0.0685
BA_25,BA,25,5,8,1996,1538,0.770541,1.303933,2.0,1.25,5.0,0,True,0.0613
BA_25,BA,25,5,9,1996,1542,0.772545,1.325033,2.0,1.25,5.0,0,True,0.0635
BA_25,BA,25,7,0,1996,1301,0.651804,1.536176,2.333333,1.5,5.0,0,True,0.0695
BA_25,BA,25,7,1,1996,1297,0.6498,1.604152,2.333333,1.5,7.0,0,True,0.0975
BA_25,BA,25,7,2,1996,1289,0.645792,1.567083,2.333333,1.5,5.0,0,True,0.096
BA_25,BA,25,7,3,1996,1279,0.640782,1.570452,2.333333,1.5,6.0,0,True,0.0721
BA_25,BA,25,7,4,1996,1313,0.657816,1.540802,2.333333,1.5,6.0,0,True,0.111
BA_25,BA,25,7,5,1996,1295,0.648798,1.572117,2.333333,1.5,6.0,0,True,0.0809
BA_25,BA,25,7,6,1996,1297,0.6498,1.57096,2.333333,1.5,4.0,0,True,0.0917
BA_25,BA,25,7,7,1996,1326,0.664329,1.594986,2.333333,1.5,7.0,0,True,0.1011
BA_25,BA,25,7,8,1996,1303,0.652806,1.590879,2.333333,1.5,5.0,0,True,0.085
BA_25,BA,25,7,9,1996,1285,0.643788,1.56516,2.333333,1.5,6.0,0,True,0.1045
BA_26,BA,26,3,0,1996,1834,0.918838,1.088183,1.333333,1.0,2.0,0,True,0.0167
BA_26,BA,26,3,1,1996,1828,0.915832,1.097567,1.5,1.0,2.5,0,True,0.0201
BA_26,BA,26,3,2,1996,1841,0.922345,1.09205,1.5,1.0,2.0,0,True,0.0201
BA_26,BA,26,3,3,1996,1845,0.924349,1.089983,1.5,1.0,2.5,0,True,0.021
BA_26,BA,26,3,4,1996,1834,0.918838,1.08155,1.333333,1.0,2.0,0,True,0.025
BA_26,BA,26,3,5,1996,1846,0.92485,1.082817,1.333333,1.0,2.0,0,True,0.019
BA_26,BA,26,3,6,1996,1840,0.921844,1.095867,1.5,1.0,2.0,0,True,0.0194
BA_26,BA,26,3,7,1996,1843,0.923347,1.099333,1.5,1.0,2.5,0,True,0.0162
BA_26,BA,26,3,8,1996,1841,0.922345,1.092733,1.333333,1.0,2.0,0,True,0.021
BA_26,BA,26,3,9,1996,1836,0.91984,1.096183,1.5,1.0,2.0,0,True,0.016
BA_26,BA,26,5,0,1996,1493,0.747996,1.335983,2.0,1.25,3.0,0,True,0.0533
BA_26,BA,26,5,1,1996,1519,0.761022,1.328183,2.0,1.25,3.0,0,True,0.0505
BA_26,BA,26,5,2,1996,1503,0.753006,1.343317,2.0,1.25,3.0,0,True,0.0517
BA_26,BA,26,5,3,1996,1492,0.747495,1.336217,2.0,1.25,5.0,0,True,0.064
BA_26,BA,26,5,4,1996,1498,0.750501,1.34245,2.0,1.25,5.0,0,True,0.0505
BA_26,BA,26,5,5,1996,1503,0.753006,1.354267,2.0,1.25,3.0,0,True,0.05
BA_26,BA,26,5,6,1996,1514,0.758517,1.324067,2.0,1.25,3.0,0,True,0.0615
BA_26,BA,26,5,7,1996,1507,0.75501,1.348983,2.0,1.25,3.0,0,True,0.0691
BA_26,BA,26,5,8,1996,1503,0.753006,1.332633,2.0,1.25,4.0,0,True,0.0673
BA_26,BA,26,5,9,1996,1519,0.761022,1.334283,2.0,1.25,4.0,0,True,0.0695
BA_26,BA,26,7,0,1996,1278,0.640281,1.6005,2.333333,1.5,5.0,0,True,0.0996
BA_26,BA,26,7,1,1996,1287,0.64479,1.591633,2.5,1.5,4.5,0,True,0.0877
BA_26,BA,26,7,2,1996,1276,0.639279,1.612867,2.5,1.5,4.0,0,True,0.1077
BA_26,BA,26,7,3,1996,1269,0.635772,1.5969,2.333333,1.5,6.0,0,True,0.0845
BA_26,BA,26,7,4,1996,1276,0.639279,1.590417,2.333333,1.5,4.0,0,True,0.0788
BA_26,BA,26,7,5,1996,1271,0.636774,1.61485,2.333333,1.5,4.5,0,True,0.0796
BA_26,BA,26,7,6,1996,1285,0.643788,1.615217,2.666667,1.5,4.5,0,True,0.082
BA_26,BA,26,7,7,1996,1273,0.637776,1.605217,2.333333,1.5,6.0,0,True,0.0971
BA_26,BA,26,7,8,1996,1276,0.639279,1.59845,2.333333,1.5,4.5,0,True,0.1033
BA_26,BA,26,7,9,1996,1282,0.642285,1.608517,2.333333,1.5,6.0,0,True,0.1031
BA_27,BA,27,3,0,1996,1827,0.915331,1.09925,1.5,1.0,2.0,0,True,0.023
BA_27,BA,27,3,1,1996,1826,0.91483,1.10505,1.5,1.0,3.0,0,True,0.0239
BA_27,BA,27,3,2,1996,1828,0.915832,1.098117,1.5,1.0,2.0,0,True,0.0211
BA_27,BA,27,3,3,1996,1829,0.916333,1.1044,1.5,1.0,3.0,0,True,0.038
BA_27,BA,27,3,4,1996,1823,0.913327,1.117683,1.5,1.0,3.0,0,True,0.025
BA_27,BA,27,3,5,1996,1826,0.91483,1.097183,1.5,1.0,3.0,0,True,0.0241
BA_27,BA,27,3,6,1996,1831,0.917335,1.114067,1.5,1.0,3.0,0,True,0.0277
BA_27,BA,27,3,7,1996,1828,0.915832,1.110667,1.5,1.0,3.0,0,True,0.027
BA_27,BA,27,3,8,1996,1829,0.916333,1.09995,1.5,1.0,3.0,0,True,0.0224
BA_27,BA,27,3,9,1996,1816,0.90982,1.101083,1.333333,1.0,2.5,0,True,0.0265
BA_27,BA,27,5,0,1996,1498,0.750501,1.35015,2.0,1.25,3.5,0,True,0.075
BA_27,BA,27,5,1,1996,1490,0.746493,1.32715,2.0,1.25,4.0,0,True,0.069
BA_27,BA,27,5,2,1996,1509,0.756012,1.349117,2.0,1.25,5.0,0,True,0.0667
BA_27,BA,27,5,3,1996,1514,0.758517,1.339283,2.0,1.25,3.5,0,True,0.0708
BA_27,BA,27,5,4,1996,1495,0.748998,1.353767,2.0,1.25,5.0,0,True,0.0562
BA_27,BA,27,5,5,1996,1503,0.753006,1.3479,2.0,1.25,4.0,0,True,0.0607
BA_27,BA,27,5,6,1996,1510,0.756513,1.353983,2.0,1.25,4.0,0,True,0.0701
BA_27,BA,27,5,7,1996,1496,0.749499,1.360067,2.0,1.25,4.5,0,True,0.0712
BA_27,BA,27,5,8,1996,1476,0.739479,1.346933,2.0,1.25,3.0,0,True,0.0942
BA_27,BA,27,5,9,1996,1509,0.756012,1.365267,2.0,1.25,5.0,0,True,0.0808
BA_27,BA,27,7,0,1996,1262,0.632265,1.604683,2.666667,1.5,6.0,0,True,0.1079
BA_27,BA,27,7,1,1996,1276,0.639279,1.634183,2.5,1.6,5.0,0,True,0.128
BA_27,BA,27,7,2,1996,1289,0.645792,1.598617,2.333333,1.5,5.0,0,True,0.0935
BA_27,BA,27,7,3,1996,1292,0.647295,1.629,2.333333,1.5,6.0,0,True,0.0696
BA_27,BA,27,7,4,1996,1296,0.649299,1.60195,2.333333,1.5,7.0,0,True,0.0796
BA_27,BA,27,7,5,1996,1272,0.637275,1.620933,2.508333,1.5,6.0,0,True,0.0812
BA_27,BA,27,7,6,1996,1283,0.642786,1.621067,2.5,1.5,5.0,0,True,0.0715
BA_27,BA,27,7,7,1996,1271,0.636774,1.5975,2.5,1.5,7.0,0,True,0.0791
BA_27,BA,27,7,8,1996,1279,0.640782,1.654483,2.666667,1.5,6.0,0,True,0.0733
BA_27,BA,27,7,9,1996,1272,0.637275,1.618217,2.666667,1.5,4.0,0,True,0.0825
BA_28,BA,28,3,0,1996,1850,0.926854,1.101867,1.5,1.0,2.0,0,True,0.0159
BA_28,BA,28,3,1,1996,1847,0.925351,1.084167,1.333333,1.0,2.5,0,True,0.0172
BA_28,BA,28,3,2,1996,1844,0.923848,1.094983,1.5,1.0,2.0,0,True,0.0151
BA_28,BA,28,3,3,1996,1839,0.921343,1.094967,1.4,1.0,2.0,0,True,0.0163
BA_28,BA,28,3,4,1996,1842,0.922846,1.08955,1.5,1.0,2.5,0,True,0.0175
BA_28,BA,28,3,5,1996,1841,0.922345,1.0795,1.333333,1.0,2.5,0,True,0.015
BA_28,BA,28,3,6,1996,1846,0.92485,1.093483,1.5,1.0,2.0,0,True,0.0176
BA_28,BA,28,3,7,1996,1846,0.92485,1.0891,1.333333,1.0,2.5,0,True,0.0224
BA_28,BA,28,3,8,1996,1853,0.928357,1.09315,1.5,1.0,2.0,0,True,0.0267
BA_28,BA,28,3,9,1996,1841,0.922345,1.094083,1.5,1.0,2.5,0,True,0.023
BA_28,BA,28,5,0,1996,1541,0.772044,1.323467,2.0,1.25,3.5,0,True,0.076
BA_28,BA,28,5,1,1996,1514,0.758517,1.32286,2.0,1.25,3.5,0,True,0.0703
BA_28,BA,28,5,2,1996,1531,0.767034,1.3077,2.0,1.25,4.0,0,True,0.065
BA_28,BA,28,5,3,1996,1537,0.77004,1.300183,2.0,1.2,4.0,0,True,0.0633
BA_28,BA,28,5,4,1996,1516,0.759519,1.321317,2.0,1.25,3.5,0,True,0.0872
BA_28,BA,28,5,5,1996,1522,0.762525,1.317333,2.0,1.25,3.5,0,True,0.0739
BA_28,BA,28,5,6,1996,1535,0.769038,1.3047,2.0,1.25,3.5,0,True,0.0669
BA_28,BA,28,5,7,1996,1534,0.768537,1.311626,2.0,1.25,3.5,0,True,0.0533
BA_28,BA,28,5,8,1996,1532,0.767535,1.296393,2.0,1.2,3.0,0,True,0.095
BA_28,BA,28,5,9,1996,1526,0.764529,1.337426,2.0,1.25,5.0,0,True,0.0537
BA_28,BA,28,7,0,1996,1300,0.651303,1.590186,2.333333,1.5,4.0,0,True,0.1065
BA_28,BA,28,7,1,1996,1320,0.661323,1.576119,2.333333,1.5,7.0,0,True,0.102
BA_28,BA,28,7,2,1996,1313,0.657816,1.55266,2.333333,1.5,6.0,0,True,0.1023
BA_28,BA,28,7,3,1996,1297,0.6498,1.603626,2.333333,1.5,6.0,0,True,0.1161
BA_28,BA,28,7,4,1996,1298,0.650301,1.548,2.333333,1.5,6.0,0,True,0.1041
BA_28,BA,28,7,5,1996,1313,0.657816,1.58371,2.333333,1.5,5.0,0,True,0.1042
BA_28,BA,28,7,6,1996,1294,0.648297,1.583493,2.333333,1.5,4.0,0,True,0.0993
BA_28,BA,28,7,7,1996,1295,0.648798,1.615326,2.5,1.5,4.0,0,True,0.1082
BA_28,BA,28,7,8,1996,1319,0.660822,1.617443,2.341667,1.5,5.0,0,True,0.0708
BA_28,BA,28,7,9,1996,1307,0.65481,1.569093,2.333333,1.5,5.0,0,True,0.0754
BA_29,BA,29,3,0,1996,1832,0.917836,1.10675,1.5,1.0,2.333333,0,True,0.016
BA_29,BA,29,3,1,1996,1818,0.910822,1.106517,1.5,1.0,2.5,0,True,0.0231
BA_29,BA,29,3,2,1996,1826,0.91483,1.108633,1.5,1.0,2.5,0,True,0.0228
BA_29,BA,29,3,3,1996,1834,0.918838,1.10045,1.5,1.0,2.0,0,True,0.0238
BA_29,BA,29,3,4,1996,1827,0.915331,1.113267,1.5,1.0,2.5,0,True,0.0241
BA_29,BA,29,3,5,1996,1813,0.908317,1.107283,1.5,1.0,2.5,0,True,0.021
BA_29,BA,29,3,6,1996,1808,0.905812,1.113883,1.5,1.0,2.0,0,True,0.0251
BA_29,BA,29,3,7,1996,1823,0.913327,1.114267,1.5,1.0,2.5,0,True,0.024
BA_29,BA,29,3,8,1996,1835,0.919339,1.103917,1.5,1.0,2.0,0,True,0.0331
BA_29,BA,29,3,9,1996,1818,0.910822,1.113483,1.5,1.0,2.5,0,True,0.0253
BA_29,BA,29,5,0,1996,1482,0.742485,1.367117,2.0,1.25,4.0,0,True,0.0764
BA_29,BA,29,5,1,1996,1493,0.747996,1.362833,2.0,1.25,4.0,0,True,0.0761
BA_29,BA,29,5,2,1996,1501,0.752004,1.3725,2.0,1.25,5.0,0,True,0.0697
BA_29,BA,29,5,3,1996,1533,0.768036,1.340883,2.0,1.25,4.0,0,True,0.0624
BA_29,BA,29,5,4,1996,1500,0.751503,1.355583,2.0,1.25,3.0,0,True,0.0577
BA_29,BA,29,5,5,1996,1498,0.750501,1.346717,2.0,1.25,4.0,0,True,0.06
BA_29,BA,29,5,6,1996,1489,0.745992,1.367193,2.0,1.25,5.0,0,True,0.0819
BA_29,BA,29,5,7,1996,1502,0.752505,1.345167,2.0,1.25,5.0,0,True,0.0666
BA_29,BA,29,5,8,1996,1502,0.752505,1.36385,2.0,1.25,4.0,0,True,0.068
BA_29,BA,29,5,9,1996,1498,0.750501,1.3486,2.0,1.25,5.0,0,True,0.0723
BA_29,BA,29,7,0,1996,1265,0.633768,1.64265,2.5,1.5,6.0,0,True,0.0995
BA_29,BA,29,7,1,1996,1260,0.631263,1.6189,2.333333,1.5,6.0,0,True,0.0915
BA_29,BA,29,7,2,1996,1287,0.64479,1.6539,2.5,1.6,4.5,0,True,0.0924
BA_29,BA,29,7,3,1996,1288,0.645291,1.616669,2.5,1.5,5.0,0,True,0.0978
BA_29,BA,29,7,4,1996,1281,0.641784,1.66095,2.666667,1.6,6.0,0,True,0.0785
BA_29,BA,29,7,5,1996,1253,0.627756,1.610236,2.333333,1.5,5.0,0,True,0.0771
BA_29,BA,29,7,6,1996,1271,0.636774,1.638262,2.508333,1.5,5.0,0,True,0.0756
BA_29,BA,29,7,7,1996,1257,0.62976,1.631252,2.5,1.5,5.0,0,True,0.0804
BA_29,BA,29,7,8,1996,1282,0.642285,1.6195,2.5,1.5,7.0,0,True,0.0818
BA_29,BA,29,7,9,1996,1259,0.630762,1.60691,2.333333,1.5,5.0,0,True,0.0748
WS_00,WS,0,3,0,2000,1310,0.655,1.175943,1.444444,1.153846,2.0,0,True,0.003
WS_00,WS,0,3,1,2000,1314,0.657,1.173061,1.428571,1.142857,2.25,0,True,0.003
WS_00,WS,0,3,2,2000,1325,0.6625,1.163496,1.428571,1.142857,2.0,0,True,0.0031
WS_00,WS,0,3,3,2000,1308,0.654,1.170918,1.428571,1.142857,2.0,0,True,0.012
WS_00,WS,0,3,4,2000,1303,0.6515,1.19149,1.444444,1.181818,2.0,0,True,0.0031
WS_00,WS,0,3,5,2000,1309,0.6545,1.173346,1.444444,1.142857,2.0,0,True,0.0034
WS_00,WS,0,3,6,2000,1314,0.657,1.169126,1.428571,1.142857,3.0,0,True,0.0031
WS_00,WS,0,3,7,2000,1314,0.657,1.154922,1.375,1.125,2.0,0,True,0.0034
WS_00,WS,0,3,8,2000,1312,0.656,1.167125,1.4,1.142857,3.0,0,True,0.0061
WS_00,WS,0,3,9,2000,1308,0.654,1.181536,1.429365,1.166667,2.0,0,True,0.0031
WS_00,WS,0,5,0,2000,1206,0.603,1.261779,1.6,1.25,3.0,0,True,0.0044
WS_00,WS,0,5,1,2000,1203,0.6015,1.281275,1.636364,1.25,4.0,0,True,0.006
WS_00,WS,0,5,2,2000,1207,0.6035,1.246367,1.6,1.218254,3.0,0,True,0.0041
WS_00,WS,0,5,3,2000,1209,0.6045,1.269418,1.6,1.25,4.0,0,True,0.0061
WS_00,WS,0,5,4,2000,1210,0.605,1.258386,1.571429,1.25,3.0,0,True,0.004
WS_00,WS,0,5,5,2000,1209,0.6045,1.263734,1.571429,1.25,5.0,0,True,0.004
WS_00,WS,0,5,6,2000,1206,0.603,1.264654,1.625,1.25,3.0,0,True,0.0039
WS_00,WS,0,5,7,2000,1206,0.603,1.262445,1.572857,1.230769,4.0,0,True,0.004
WS_00,WS,0,5,8,2000,1209,0.6045,1.259738,1.571429,1.222222,5.0,0,True,0.0031
WS_00,WS,0,5,9,2000,1212,0.606,1.240355,1.502273,1.222222,3.0,0,True,0.003
WS_00,WS,0,7,0,2000,1189,0.5945,1.292808,1.666667,1.25,4.0,0,True,0.0052
WS_00,WS,0,7,1,2000,1187,0.5935,1.300122,1.666667,1.272727,2.5,0,True,0.0051
WS_00,WS,0,7,2,2000,1190,0.595,1.276786,1.637879,1.25,6.0,0,True,0.0047
WS_00,WS,0,7,3,2000,1187,0.5935,1.301667,1.666667,1.272727,4.0,0,True,0.0041
WS_00,WS,0,7,4,2000,1186,0.593,1.296195,1.666667,1.272727,4.0,0,True,0.004
WS_00,WS,0,7,5,2000,1190,0.595,1.285611,1.625,1.25,5.0,0,True,0.0041
WS_00,WS,0,7,6,2000,1189,0.5945,1.281334,1.666667,1.25,4.0,0,True,0.0061
WS_00,WS,0,7,7,2000,1186,0.593,1.287379,1.627083,1.25,3.0,0,True,0.0044
WS_00,WS,0,7,8,2000,1191,0.5955,1.268421,1.625,1.25,2.5,0,True,0.0051
WS_00,WS,0,7,9,2000,1191,0.5955,1.263086,1.6,1.230769,2.333333,0,True,0.0041
WS_01,WS,1,3,0,2000,1314,0.657,1.16626,1.428571,1.142857,2.0,0,True,0.0111
WS_01,WS,1,3,1,2000,1317,0.6585,1.180163,1.456818,1.153846,2.0,0,True,0.0029
WS_01,WS,1,3,2,2000,1324,0.662,1.155535,1.428571,1.125,2.0,0,True,0.0051
WS_01,WS,1,3,3,2000,1326,0.663,1.153483,1.428571,1.125,2.0,0,True,0.0031
WS_01,WS,1,3,4,2000,1325,0.6625,1.170996,1.428571,1.142857,3.0,0,True,0.003
WS_01,WS,1,3,5,2000,1320,0.66,1.166171,1.428571,1.142857,2.5,0,True,0.0031
WS_01,WS,1,3,6,2000,1318,0.659,1.170547,1.428571,1.142857,2.0,0,True,0.003
WS_01,WS,1,3,7,2000,1318,0.659,1.190237,1.444949,1.166667,2.2,0,True,0.0086
WS_01,WS,1,3,8,2000,1333,0.6665,1.153752,1.4,1.125,2.0,0,True,0.0041
WS_01,WS,1,3,9,2000,1319,0.6595,1.156947,1.4,1.125,2.166667,0,True,0.0041
WS_01,WS,1,5,0,2000,1213,0.6065,1.242831,1.625,1.2,3.0,0,True,0.003
WS_01,WS,1,5,1,2000,1211,0.6055,1.26869,1.6,1.25,4.0,0,True,0.005
WS_01,WS,1,5,2,2000,1219,0.6095,1.242385,1.6,1.222222,2.25,0,True,0.0054
WS_01,WS,1,5,3,2000,1212,0.606,1.252285,1.6,1.222222,4.0,0,True,0.0068
WS_01,WS,1,5,4,2000,1211,0.6055,1.246625,1.6,1.222222,3.0,0,True,0.004
WS_01,WS,1,5,5,2000,1209,0.6045,1.265587,1.60125,1.25,2.285714,0,True,0.0029
WS_01,WS,1,5,6,2000,1216,0.608,1.231164,1.571429,1.222222,2.25,0,True,0.0037
WS_01,WS,1,5,7,2000,1214,0.607,1.249042,1.571429,1.222222,3.0,0,True,0.004
WS_01,WS,1,5,8,2000,1212,0.606,1.223562,1.6,1.2,2.25,0,True,0.005
WS_01,WS,1,5,9,2000,1212,0.606,1.234229,1.571429,1.2,2.0,0,True,0.004
WS_01,WS,1,7,0,2000,1193,0.5965,1.281619,1.666667,1.25,2.5,0,True,0.005
WS_01,WS,1,7,1,2000,1190,0.595,1.271622,1.666667,1.25,2.5,0,True,0.004
WS_01,WS,1,7,2,2000,1193,0.5965,1.28822,1.666667,1.25,3.0,0,True,0.006
WS_01,WS,1,7,3,2000,1192,0.596,1.283527,1.666667,1.25,5.0,0,True,0.005
WS_01,WS,1,7,4,2000,1192,0.596,1.286036,1.714286,1.25,6.0,0,True,0.0043
WS_01,WS,1,7,5,2000,1193,0.5965,1.274098,1.60125,1.25,3.0,0,True,0.0049
WS_01,WS,1,7,6,2000,1190,0.595,1.282774,1.6,1.25,3.0,0,True,0.006
WS_01,WS,1,7,7,2000,1191,0.5955,1.270151,1.625,1.25,4.0,0,True,0.0059
WS_01,WS,1,7,8,2000,1193,0.5965,1.276356,1.666667,1.25,3.0,0,True,0.006
WS_01,WS,1,7,9,2000,1193,0.5965,1.260285,1.625,1.222222,3.0,0,True,0.0069
WS_02,WS,2,3,0,2000,1305,0.6525,1.171314,1.428571,1.148352,2.0,0,True,0.003
WS_02,WS,2,3,1,2000,1303,0.6515,1.176486,1.428571,1.153846,2.0,0,True,0.007
WS_02,WS,2,3,2,2000,1299,0.6495,1.168821,1.428571,1.142857,2.0,0,True,0.004
WS_02,WS,2,3,3,2000,1305,0.6525,1.172743,1.401429,1.142857,3.0,0,True,0.0032
WS_02,WS,2,3,4,2000,1305,0.6525,1.168951,1.417262,1.153846,2.0,0,True,0.005
WS_02,WS,2,3,5,2000,1302,0.651,1.180019,1.444444,1.166667,2.0,0,True,0.004
WS_02,WS,2,3,6,2000,1310,0.655,1.160264,1.428571,1.133929,2.0,0,True,0.0069
WS_02,WS,2,3,7,2000,1302,0.651,1.180014,1.454545,1.166667,2.0,0,True,0.0028
WS_02,WS,2,3,8,2000,1307,0.6535,1.168262,1.400833,1.142857,2.0,0,True,0.005
WS_02,WS,2,3,9,2000,1302,0.651,1.180919,1.444444,1.166667,1.833333,0,True,0.0037
WS_02,WS,2,5,0,2000,1198,0.599,1.268575,1.6,1.25,2.333333,0,True,0.0041
WS_02,WS,2,5,1,2000,1211,0.6055,1.21674,1.545455,1.2,2.2,0,True,0.0071
WS_02,WS,2,5,2,2000,1204,0.602,1.244498,1.571429,1.2,5.0,0,True,0.0051
WS_02,WS,2,5,3,2000,1204,0.602,1.249984,1.6,1.222222,2.333333,0,True,0.0059
WS_02,WS,2,5,4,2000,1203,0.6015,1.25246,1.6,1.222222,3.0,0,True,0.0056
WS_02,WS,2,5,5,2000,1208,0.604,1.250283,1.6,1.222222,4.0,0,True,0.0051
WS_02,WS,2,5,6,2000,1199,0.5995,1.260618,1.571429,1.222222,5.0,0,True,0.0071
WS_02,WS,2,5,7,2000,1199,0.5995,1.242417,1.571429,1.2,4.0,0,True,0.0059
WS_02,WS,2,5,8,2000,1197,0.5985,1.270845,1.60125,1.25,2.666667,0,True,0.0045
WS_02,WS,2,5,9,2000,1209,0.6045,1.244548,1.6,1.214286,3.0,0,True,0.004
WS_02,WS,2,7,0,2000,1180,0.59,1.277304,1.666667,1.25,5.0,0,True,0.006
WS_02,WS,2,7,1,2000,1178,0.589,1.288717,1.625568,1.25,3.0,0,True,0.005
WS_02,WS,2,7,2,2000,1176,0.588,1.27155,1.666667,1.230769,5.0,0,True,0.0071
WS_02,WS,2,7,3,2000,1182,0.591,1.286291,1.666667,1.25,3.0,0,True,0.007
WS_02,WS,2,7,4,2000,1176,0.588,1.29987,1.714286,1.25,3.0,0,True,0.005
WS_02,WS,2,7,5,2000,1185,0.5925,1.272813,1.627083,1.25,2.5,0,True,0.0047
WS_02,WS,2,7,6,2000,1178,0.589,1.277272,1.625,1.25,4.0,0,True,0.004
WS_02,WS,2,7,7,2000,1178,0.589,1.281465,1.666667,1.25,3.0,0,True,0.0044
WS_02,WS,2,7,8,2000,1178,0.589,1.294837,1.666667,1.25,4.0,0,True,0.004
WS_02,WS,2,7,9,2000,1181,0.5905,1.280396,1.625,1.25,3.0,0,True,0.008
WS_03,WS,3,3,0,2000,1326,0.663,1.157584,1.4,1.125,2.0,0,True,0.0039
WS_03,WS,3,3,1,2000,1333,0.6665,1.149642,1.4,1.111111,2.2,0,True,0.0031
WS_03,WS,3,3,2,2000,1341,0.6705,1.150816,1.4,1.125,2.0,0,True,0.003
WS_03,WS,3,3,3,2000,1326,0.663,1.173941,1.428571,1.142857,2.0,0,True,0.0029
WS_03,WS,3,3,4,2000,1322,0.661,1.170739,1.4,1.142857,2.0,0,True,0.003
WS_03,WS,3,3,5,2000,1318,0.659,1.179396,1.444444,1.153846,3.0,0,True,0.0029
WS_03,WS,3,3,6,2000,1318,0.659,1.179854,1.5,1.166667,2.0,0,True,0.005
WS_03,WS,3,3,7,2000,1326,0.663,1.165378,1.4,1.125,3.0,0,True,0.0039
WS_03,WS,3,3,8,2000,1332,0.666,1.146004,1.401429,1.111111,3.0,0,True,0.0041
WS_03,WS,3,3,9,2000,1327,0.6635,1.172983,1.428571,1.148352,2.0,0,True,0.0039
WS_03,WS,3,5,0,2000,1223,0.6115,1.229147,1.571429,1.2,3.0,0,True,0.0049
WS_03,WS,3,5,1,2000,1235,0.6175,1.232756,1.556349,1.2,3.0,0,True,0.004
WS_03,WS,3,5,2,2000,1221,0.6105,1.255378,1.625,1.222222,2.5,0,True,0.0051
WS_03,WS,3,5,3,2000,1227,0.6135,1.251029,1.625,1.222222,4.0,0,True,0.005
WS_03,WS,3,5,4,2000,1222,0.611,1.236652,1.571429,1.222222,3.0,0,True,0.006
WS_03,WS,3,5,5,2000,1219,0.6095,1.249235,1.6,1.222222,2.5,0,True,0.0122
WS_03,WS,3,5,6,2000,1227,0.6135,1.227592,1.6,1.2,4.0,0,True,0.006
WS_03,WS,3,5,7,2000,1229,0.6145,1.249338,1.6,1.207143,4.0,0,True,0.005
WS_03,WS,3,5,8,2000,1218,0.609,1.237492,1.6,1.2,3.0,0,True,0.004
WS_03,WS,3,5,9,2000,1218,0.609,1.235491,1.571429,1.2,3.0,0,True,0.005
WS_03,WS,3,7,0,2000,1197,0.5985,1.277265,1.666667,1.240385,3.0,0,True,0.007
WS_03,WS,3,7,1,2000,1196,0.598,1.289729,1.666667,1.25,3.0,0,True,0.0051
WS_03,WS,3,7,2,2000,1200,0.6,1.246125,1.637879,1.2,2.5,0,True,0.008
WS_03,WS,3,7,3,2000,1198,0.599,1.284822,1.669048,1.25,3.5,0,True,0.005
WS_03,WS,3,7,4,2000,1195,0.5975,1.280203,1.668333,1.222222,5.0,0,True,0.0057
WS_03,WS,3,7,5,2000,1196,0.598,1.274466,1.666667,1.222222,5.0,0,True,0.0058
WS_03,WS,3,7,6,2000,1200,0.6,1.275898,1.666667,1.230769,4.0,0,True,0.006
WS_03,WS,3,7,7,2000,1197,0.5985,1.280796,1.666667,1.230769,4.5,0,True,0.0059
WS_03,WS,3,7,8,2000,1200,0.6,1.261888,1.666667,1.222222,2.666667,0,True,0.0081
WS_03,WS,3,7,9,2000,1199,0.5995,1.285778,1.666667,1.25,2.75,0,True,0.009
WS_04,WS,4,3,0,2000,1315,0.6575,1.148844,1.400833,1.125,3.0,0,True,0.003
WS_04,WS,4,3,1,2000,1312,0.656,1.172835,1.428571,1.142857,3.0,0,True,0.0031
WS_04,WS,4,3,2,2000,1318,0.659,1.142093,1.375,1.111111,3.0,0,True,0.0035
WS_04,WS,4,3,3,2000,1307,0.6535,1.178216,1.428571,1.166667,2.333333,0,True,0.003
WS_04,WS,4,3,4,2000,1312,0.656,1.170206,1.428571,1.142857,2.333333,0,True,0.0031
WS_04,WS,4,3,5,2000,1322,0.661,1.151088,1.4,1.125,3.0,0,True,0.0029
WS_04,WS,4,3,6,2000,1312,0.656,1.170975,1.428571,1.142857,3.0,0,True,0.0059
WS_04,WS,4,3,7,2000,1299,0.6495,1.171649,1.444444,1.142857,2.5,0,True,0.004
WS_04,WS,4,3,8,2000,1311,0.6555,1.162616,1.428571,1.142857,2.0,0,True,0.003
WS_04,WS,4,3,9,2000,1307,0.6535,1.160035,1.4,1.142857,3.0,0,True,0.0031
WS_04,WS,4,5,0,2000,1208,0.604,1.242818,1.625,1.2,3.0,0,True,0.004
WS_04,WS,4,5,1,2000,1204,0.602,1.243407,1.571429,1.2,4.0,0,True,0.004
WS_04,WS,4,5,2,2000,1200,0.6,1.239277,1.571429,1.2,2.666667,0,True,0.0038
WS_04,WS,4,5,3,2000,1206,0.603,1.256817,1.625,1.222222,5.0,0,True,0.0041
WS_04,WS,4,5,4,2000,1197,0.5985,1.258547,1.625,1.222222,4.0,0,True,0.0059
WS_04,WS,4,5,5,2000,1203,0.6015,1.253949,1.6,1.222222,4.0,0,True,0.007
WS_04,WS,4,5,6,2000,1202,0.601,1.247695,1.571429,1.222222,3.0,0,True,0.0051
WS_04,WS,4,5,7,2000,1205,0.6025,1.249786,1.6,1.222222,3.0,0,True,0.005
WS_04,WS,4,5,8,2000,1201,0.6005,1.266928,1.625,1.222222,4.0,0,True,0.005
WS_04,WS,4,5,9,2000,1203,0.6015,1.247827,1.571429,1.222222,3.0,0,True,0.005
WS_04,WS,4,7,0,2000,1182,0.591,1.278253,1.666667,1.25,5.0,0,True,0.006
WS_04,WS,4,7,1,2000,1185,0.5925,1.26407,1.625,1.25,4.0,0,True,0.005
WS_04,WS,4,7,2,2000,1184,0.592,1.301208,1.666667,1.25,7.0,0,True,0.005
WS_04,WS,4,7,3,2000,1183,0.5915,1.261027,1.6,1.222222,4.0,0,True,0.0051
WS_04,WS,4,7,4,2000,1182,0.591,1.247106,1.6,1.218254,3.0,0,True,0.0056
WS_04,WS,4,7,5,2000,1181,0.5905,1.273769,1.666667,1.222222,4.0,0,True,0.004
WS_04,WS,4,7,6,2000,1185,0.5925,1.290084,1.666667,1.272727,3.0,0,True,0.0061
WS_04,WS,4,7,7,2000,1181,0.5905,1.282754,1.666667,1.25,3.0,0,True,0.006
WS_04,WS,4,7,8,2000,1186,0.593,1.280415,1.666667,1.25,5.0,0,True,0.0045
WS_04,WS,4,7,9,2000,1187,0.5935,1.28906,1.700714,1.25,4.0,0,True,0.006
WS_05,WS,5,3,0,2000,1310,0.655,1.167997,1.428571,1.142857,2.0,0,True,0.004
WS_05,WS,5,3,1,2000,1322,0.661,1.176546,1.428571,1.142857,3.0,0,True,0.003
WS_05,WS,5,3,2,2000,1314,0.657,1.170534,1.428571,1.142857,3.0,0,True,0.0025
WS_05,WS,5,3,3,2000,1318,0.659,1.15937,1.429365,1.125,2.0,0,True,0.004
WS_05,WS,5,3,4,2000,1316,0.658,1.17213,1.444444,1.133929,3.0,0,True,0.004
WS_05,WS,5,3,5,2000,1319,0.6595,1.162015,1.428571,1.125,3.0,0,True,0.003
WS_05,WS,5,3,6,2000,1303,0.6515,1.184394,1.5,1.166667,2.5,0,True,0.003
WS_05,WS,5,3,7,2000,1326,0.663,1.170072,1.428571,1.142857,2.333333,0,True,0.0041
WS_05,WS,5,3,8,2000,1316,0.658,1.178436,1.444444,1.166667,3.0,0,True,0.0046
WS_05,WS,5,3,9,2000,1320,0.66,1.168859,1.428571,1.142857,3.0,0,True,0.004
WS_05,WS,5,5,0,2000,1224,0.612,1.221722,1.555556,1.2,2.666667,0,True,0.004
WS_05,WS,5,5,1,2000,1219,0.6095,1.22991,1.571429,1.2,2.333333,0,True,0.004
WS_05,WS,5,5,2,2000,1228,0.614,1.231475,1.571429,1.2,4.0,0,True,0.0061
WS_05,WS,5,5,3,2000,1221,0.6105,1.227835,1.555556,1.2,3.0,0,True,0.0041
WS_05,WS,5,5,4,2000,1223,0.6115,1.204346,1.5,1.181818,2.5,0,True,0.0042
WS_05,WS,5,5,5,2000,1222,0.611,1.232088,1.572857,1.2,2.5,0,True,0.004
WS_05,WS,5,5,6,2000,1220,0.61,1.229445,1.571429,1.2,3.0,0,True,0.0045
WS_05,WS,5,5,7,2000,1226,0.613,1.231633,1.571429,1.2,3.0,0,True,0.0041
WS_05,WS,5,5,8,2000,1225,0.6125,1.231612,1.571429,1.2,2.666667,0,True,0.005
WS_05,WS,5,5,9,2000,1217,0.6085,1.228022,1.572024,1.2,3.0,0,True,0.007
WS_05,WS,5,7,0,2000,1198,0.599,1.278926,1.7,1.25,3.0,0,True,0.0061
WS_05,WS,5,7,1,2000,1198,0.599,1.279336,1.666667,1.25,3.0,0,True,0.015
WS_05,WS,5,7,2,2000,1198,0.599,1.262158,1.666667,1.222222,5.0,0,True,0.005
WS_05,WS,5,7,3,2000,1199,0.5995,1.262411,1.666667,1.222222,2.5,0,True,0.01
WS_05,WS,5,7,4,2000,1199,0.5995,1.245321,1.571429,1.222222,3.0,0,True,0.0089
WS_05,WS,5,7,5,2000,1200,0.6,1.27387,1.666667,1.222222,3.0,0,True,0.007
WS_05,WS,5,7,6,2000,1201,0.6005,1.267567,1.666667,1.222222,3.333333,0,True,0.005
WS_05,WS,5,7,7,2000,1198,0.599,1.263311,1.625,1.230769,3.0,0,True,0.007
WS_05,WS,5,7,8,2000,1201,0.6005,1.275673,1.625,1.25,2.666667,0,True,0.0051
WS_05,WS,5,7,9,2000,1197,0.5985,1.270354,1.625,1.25,3.0,0,True,0.0071
WS_06,WS,6,3,0,2000,1316,0.658,1.158994,1.4,1.125,2.0,0,True,0.003
WS_06,WS,6,3,1,2000,1318,0.659,1.169719,1.444444,1.142857,2.0,0,True,0.0032
WS_06,WS,6,3,2,2000,1314,0.657,1.158237,1.4,1.142857,1.75,0,True,0.003
WS_06,WS,6,3,3,2000,1315,0.6575,1.160787,1.4,1.142857,2.0,0,True,0.003
WS_06,WS,6,3,4,2000,1306,0.653,1.167633,1.428571,1.153846,2.0,0,True,0.0021
WS_06,WS,6,3,5,2000,1321,0.6605,1.161703,1.4,1.142857,2.0,0,True,0.003
WS_06,WS,6,3,6,2000,1317,0.6585,1.159694,1.4,1.125,2.0,0,True,0.0045
WS_06,WS,6,3,7,2000,1317,0.6585,1.16152,1.428571,1.125,2.0,0,True,0.004
WS_06,WS,6,3,8,2000,1316,0.658,1.160197,1.428571,1.125,2.0,0,True,0.0044
WS_06,WS,6,3,9,2000,1325,0.6625,1.149766,1.4,1.125,2.0,0,True,0.005
WS_06,WS,6,5,0,2000,1218,0.609,1.249764,1.6,1.222222,2.5,0,True,0.004
WS_06,WS,6,5,1,2000,1217,0.6085,1.235933,1.571429,1.2,2.75,0,True,0.005
WS_06,WS,6,5,2,2000,1211,0.6055,1.254205,1.625,1.222222,2.6,0,True,0.0031
WS_06,WS,6,5,3,2000,1214,0.607,1.256629,1.625,1.222222,2.5,0,True,0.007
WS_06,WS,6,5,4,2000,1212,0.606,1.238281,1.6,1.2,3.0,0,True,0.004
WS_06,WS,6,5,5,2000,1224,0.612,1.240958,1.625,1.2,2.5,0,True,0.006
WS_06,WS,6,5,6,2000,1217,0.6085,1.236189,1.555556,1.2,3.0,0,True,0.006
WS_06,WS,6,5,7,2000,1218,0.609,1.261275,1.6,1.25,2.0,0,True,0.0043
WS_06,WS,6,5,8,2000,1213,0.6065,1.239216,1.6,1.222222,2.5,0,True,0.006
WS_06,WS,6,5,9,2000,1216,0.608,1.228558,1.556349,1.2,2.25,0,True,0.0048
WS_06,WS,6,7,0,2000,1193,0.5965,1.289946,1.60125,1.272727,2.333333,0,True,0.006
WS_06,WS,6,7,1,2000,1189,0.5945,1.277517,1.668333,1.25,3.0,0,True,0.005
WS_06,WS,6,7,2,2000,1191,0.5955,1.266423,1.666667,1.25,2.333333,0,True,0.0073
WS_06,WS,6,7,3,2000,1191,0.5955,1.275424,1.666667,1.25,3.0,0,True,0.0059
WS_06,WS,6,7,4,2000,1190,0.595,1.276474,1.625,1.25,2.5,0,True,0.007
WS_06,WS,6,7,5,2000,1192,0.596,1.271722,1.625,1.25,3.0,0,True,0.0049
WS_06,WS,6,7,6,2000,1195,0.5975,1.280153,1.666667,1.25,2.6,0,True,0.0042
WS_06,WS,6,7,7,2000,1193,0.5965,1.259013,1.666667,1.222222,3.0,0,True,0.004
WS_06,WS,6,7,8,2000,1193,0.5965,1.257397,1.637879,1.222222,2.5,0,True,0.006
WS_06,WS,6,7,9,2000,1191,0.5955,1.276777,1.666667,1.25,2.2,0,True,0.007
WS_07,WS,7,3,0,2000,1318,0.659,1.173378,1.428571,1.142857,3.0,0,True,0.003
WS_07,WS,7,3,1,2000,1332,0.666,1.154758,1.375,1.125,1.8,0,True,0.003
WS_07,WS,7,3,2,2000,1330,0.665,1.158875,1.4,1.125,2.0,0,True,0.003
WS_07,WS,7,3,3,2000,1314,0.657,1.183117,1.456818,1.166667,2.0,0,True,0.003
WS_07,WS,7,3,4,2000,1326,0.663,1.165364,1.4,1.142857,2.0,0,True,0.0044
WS_07,WS,7,3,5,2000,1315,0.6575,1.182757,1.428571,1.166667,2.0,0,True,0.003
WS_07,WS,7,3,6,2000,1324,0.662,1.164692,1.401429,1.142857,2.0,0,True,0.003
WS_07,WS,7,3,7,2000,1327,0.6635,1.159804,1.4,1.125,2.0,0,True,0.0032
WS_07,WS,7,3,8,2000,1318,0.659,1.176717,1.428571,1.142857,3.0,0,True,0.004
WS_07,WS,7,3,9,2000,1328,0.664,1.160275,1.428571,1.125,2.0,0,True,0.0038
WS_07,WS,7,5,0,2000,1228,0.614,1.231694,1.555556,1.2,2.666667,0,True,0.0059
WS_07,WS,7,5,1,2000,1225,0.6125,1.242571,1.6,1.214286,2.5,0,True,0.0051
WS_07,WS,7,5,2,2000,1217,0.6085,1.252499,1.625,1.222222,3.0,0,True,0.0051
WS_07,WS,7,5,3,2000,1220,0.61,1.257267,1.6,1.222222,2.75,0,True,0.0047
WS_07,WS,7,5,4,2000,1221,0.6105,1.240171,1.571429,1.2,3.0,0,True,0.004
WS_07,WS,7,5,5,2000,1222,0.611,1.257045,1.6,1.222222,3.333333,0,True,0.004
WS_07,WS,7,5,6,2000,1214,0.607,1.260589,1.6,1.230769,2.5,0,True,0.0049
WS_07,WS,7,5,7,2000,1218,0.609,1.240557,1.571429,1.222222,2.5,0,True,0.005
WS_07,WS,7,5,8,2000,1220,0.61,1.247364,1.571429,1.222222,2.666667,0,True,0.005
WS_07,WS,7,5,9,2000,1223,0.6115,1.243229,1.571429,1.2,3.0,0,True,0.005
WS_07,WS,7,7,0,2000,1198,0.599,1.274728,1.625,1.25,3.5,0,True,0.007
WS_07,WS,7,7,1,2000,1199,0.5995,1.28143,1.666667,1.25,3.0,0,True,0.0071
WS_07,WS,7,7,2,2000,1200,0.6,1.278672,1.666667,1.25,3.666667,0,True,0.007
WS_07,WS,7,7,3,2000,1194,0.597,1.281581,1.666667,1.25,3.333333,0,True,0.005
WS_07,WS,7,7,4,2000,1200,0.6,1.276913,1.666667,1.25,3.25,0,True,0.0047
WS_07,WS,7,7,5,2000,1202,0.601,1.275539,1.666667,1.25,3.0,0,True,0.0051
WS_07,WS,7,7,6,2000,1199,0.5995,1.289075,1.666667,1.25,4.333333,0,True,0.01
WS_07,WS,7,7,7,2000,1197,0.5985,1.27168,1.6,1.25,2.2,0,True,0.005
WS_07,WS,7,7,8,2000,1202,0.601,1.258604,1.625,1.222222,2.5,0,True,0.0332
WS_07,WS,7,7,9,2000,1200,0.6,1.284974,1.666667,1.25,2.5,0,True,0.004
WS_08,WS,8,3,0,2000,1342,0.671,1.160553,1.428571,1.125,3.0,0,True,0.0031
WS_08,WS,8,3,1,2000,1333,0.6665,1.14603,1.4,1.111111,3.0,0,True,0.0031
WS_08,WS,8,3,2,2000,1327,0.6635,1.172416,1.428571,1.142857,2.0,0,True,0.003
WS_08,WS,8,3,3,2000,1328,0.664,1.169565,1.444444,1.125,3.0,0,True,0.003
WS_08,WS,8,3,4,2000,1314,0.657,1.166415,1.428571,1.142857,2.0,0,True,0.0031
WS_08,WS,8,3,5,2000,1325,0.6625,1.153042,1.428571,1.125,3.0,0,True,0.0034
WS_08,WS,8,3,6,2000,1333,0.6665,1.171963,1.428571,1.142857,2.0,0,True,0.0041
WS_08,WS,8,3,7,2000,1312,0.656,1.168495,1.428571,1.142857,2.0,0,True,0.0039
WS_08,WS,8,3,8,2000,1332,0.666,1.172915,1.444444,1.142857,2.0,0,True,0.003
WS_08,WS,8,3,9,2000,1327,0.6635,1.167733,1.428571,1.142857,2.0,0,True,0.0029
WS_08,WS,8,5,0,2000,1232,0.616,1.241993,1.572857,1.2,4.0,0,True,0.004
WS_08,WS,8,5,1,2000,1227,0.6135,1.242937,1.6,1.214286,3.0,0,True,0.0041
WS_08,WS,8,5,2,2000,1227,0.6135,1.236657,1.6,1.2,4.0,0,True,0.006
WS_08,WS,8,5,3,2000,1226,0.613,1.254277,1.666667,1.222222,4.0,0,True,0.004
WS_08,WS,8,5,4,2000,1231,0.6155,1.234063,1.571429,1.2,3.0,0,True,0.004
WS_08,WS,8,5,5,2000,1232,0.616,1.237241,1.571429,1.2,4.0,0,True,0.003
WS_08,WS,8,5,6,2000,1228,0.614,1.253022,1.625,1.222222,4.0,0,True,0.0081
WS_08,WS,8,5,7,2000,1230,0.615,1.23346,1.572857,1.2,2.333333,0,True,0.006
WS_08,WS,8,5,8,2000,1224,0.612,1.259598,1.625568,1.222222,4.0,0,True,0.0056
WS_08,WS,8,5,9,2000,1219,0.6095,1.249341,1.6,1.222222,3.0,0,True,0.005
WS_08,WS,8,7,0,2000,1203,0.6015,1.281239,1.666667,1.25,4.0,0,True,0.007
WS_08,WS,8,7,1,2000,1203,0.6015,1.266294,1.625,1.222222,3.0,0,True,0.006
WS_08,WS,8,7,2,2000,1204,0.602,1.28261,1.714286,1.25,4.0,0,True,0.01
WS_08,WS,8,7,3,2000,1202,0.601,1.276447,1.666667,1.25,3.0,0,True,0.0072
WS_08,WS,8,7,4,2000,1203,0.6015,1.273413,1.666667,1.25,7.0,0,True,0.006
WS_08,WS,8,7,5,2000,1203,0.6015,1.251348,1.627083,1.222222,2.2,0,True,0.023
WS_08,WS,8,7,6,2000,1199,0.5995,1.28245,1.714286,1.222222,3.0,0,True,0.009
WS_08,WS,8,7,7,2000,1208,0.604,1.246084,1.571429,1.222222,3.0,0,True,0.009
WS_08,WS,8,7,8,2000,1207,0.6035,1.275242,1.666667,1.25,3.333333,0,True,0.005
WS_08,WS,8,7,9,2000,1204,0.602,1.270874,1.666667,1.222222,4.0,0,True,0.007
WS_09,WS,9,3,0,2000,1322,0.661,1.166093,1.4,1.142857,2.0,0,True,0.003
WS_09,WS,9,3,1,2000,1318,0.659,1.179478,1.5,1.166667,2.0,0,True,0.003
WS_09,WS,9,3,2,2000,1314,0.657,1.172272,1.444444,1.142857,2.25,0,True,0.003
WS_09,WS,9,3,3,2000,1320,0.66,1.177595,1.444444,1.153846,3.0,0,True,0.0031
WS_09,WS,9,3,4,2000,1316,0.658,1.177117,1.444444,1.166667,2.0,0,True,0.0041
WS_09,WS,9,3,5,2000,1315,0.6575,1.177414,1.444444,1.166667,2.0,0,True,0.003
WS_09,WS,9,3,6,2000,1324,0.662,1.178024,1.5,1.142857,2.0,0,True,0.0031
WS_09,WS,9,3,7,2000,1313,0.6565,1.179717,1.444444,1.166667,2.0,0,True,0.004
WS_09,WS,9,3,8,2000,1310,0.655,1.177374,1.5,1.142857,2.0,0,True,0.003
WS_09,WS,9,3,9,2000,1334,0.667,1.167372,1.444444,1.129167,2.0,0,True,0.0031
WS_09,WS,9,5,0,2000,1213,0.6065,1.244016,1.6,1.2,2.75,0,True,0.004
WS_09,WS,9,5,1,2000,1208,0.604,1.264512,1.60125,1.25,2.5,0,True,0.0056
WS_09,WS,9,5,2,2000,1203,0.6015,1.261853,1.6,1.222222,3.0,0,True,0.004
WS_09,WS,9,5,3,2000,1213,0.6065,1.265719,1.6,1.25,2.5,0,True,0.004
WS_09,WS,9,5,4,2000,1211,0.6055,1.245737,1.571429,1.222222,4.0,0,True,0.0047
WS_09,WS,9,5,5,2000,1206,0.603,1.257151,1.6,1.222222,2.5,0,True,0.0041
WS_09,WS,9,5,6,2000,1211,0.6055,1.249601,1.60125,1.222222,2.5,0,True,0.0041
WS_09,WS,9,5,7,2000,1223,0.6115,1.24052,1.571429,1.2,2.333333,0,True,0.006
WS_09,WS,9,5,8,2000,1207,0.6035,1.258032,1.625,1.2,3.0,0,True,0.01
WS_09,WS,9,5,9,2000,1210,0.605,1.262496,1.6,1.25,2.75,0,True,0.0074
WS_09,WS,9,7,0,2000,1187,0.5935,1.311524,1.75,1.272727,2.6,0,True,0.009
WS_09,WS,9,7,1,2000,1189,0.5945,1.28168,1.714286,1.25,4.0,0,True,0.01
WS_09,WS,9,7,2,2000,1186,0.593,1.306988,1.75,1.25,4.0,0,True,0.025
WS_09,WS,9,7,3,2000,1187,0.5935,1.310355,1.7,1.285714,2.75,0,True,0.0055
WS_09,WS,9,7,4,2000,1184,0.592,1.314951,1.714286,1.285714,3.0,0,True,0.007
WS_09,WS,9,7,5,2000,1187,0.5935,1.287021,1.666667,1.25,3.0,0,True,0.0065
WS_09,WS,9,7,6,2000,1185,0.5925,1.287364,1.7,1.25,3.0,0,True,0.0071
WS_09,WS,9,7,7,2000,1185,0.5925,1.305636,1.668333,1.285714,3.0,0,True,0.007
WS_09,WS,9,7,8,2000,1187,0.5935,1.312328,1.751389,1.272727,3.0,0,True,0.0071
WS_09,WS,9,7,9,2000,1189,0.5945,1.295698,1.666667,1.258333,2.4,0,True,0.007
WS_10,WS,10,3,0,2000,1275,0.6375,1.20561,1.5,1.184659,2.2,0,True,0.006
WS_10,WS,10,3,1,2000,1296,0.648,1.16448,1.401429,1.142857,2.0,0,True,0.006
WS_10,WS,10,3,2,2000,1291,0.6455,1.179876,1.444444,1.153846,3.0,0,True,0.0031
WS_10,WS,10,3,3,2000,1294,0.647,1.162532,1.4,1.142857,3.0,0,True,0.004
WS_10,WS,10,3,4,2000,1279,0.6395,1.187405,1.444444,1.166667,2.5,0,True,0.004
WS_10,WS,10,3,5,2000,1292,0.646,1.177203,1.428571,1.166667,2.0,0,True,0.0041
WS_10,WS,10,3,6,2000,1285,0.6425,1.18509,1.444444,1.166667,2.2,0,True,0.0036
WS_10,WS,10,3,7,2000,1285,0.6425,1.186911,1.444444,1.166667,2.0,0,True,0.003
WS_10,WS,10,3,8,2000,1280,0.64,1.178385,1.428571,1.153846,2.0,0,True,0.003
WS_10,WS,10,3,9,2000,1281,0.6405,1.183558,1.444444,1.166667,3.0,0,True,0.006
WS_10,WS,10,5,0,2000,1183,0.5915,1.252837,1.6,1.222222,4.0,0,True,0.0061
WS_10,WS,10,5,1,2000,1184,0.592,1.26058,1.6,1.230769,3.0,0,True,0.0061
WS_10,WS,10,5,2,2000,1180,0.59,1.304963,1.666667,1.272727,3.0,0,True,0.0055
WS_10,WS,10,5,3,2000,1182,0.591,1.255232,1.571429,1.230769,3.0,0,True,0.0049
WS_10,WS,10,5,4,2000,1181,0.5905,1.283878,1.666667,1.25,2.5,0,True,0.0036
WS_10,WS,10,5,5,2000,1178,0.589,1.264536,1.60125,1.226496,3.5,0,True,0.005
WS_10,WS,10,5,6,2000,1188,0.594,1.269734,1.625,1.25,2.333333,0,True,0.0106
WS_10,WS,10,5,7,2000,1182,0.591,1.272354,1.6,1.25,4.0,0,True,0.0061
WS_10,WS,10,5,8,2000,1185,0.5925,1.255117,1.555556,1.25,2.4,0,True,0.008
WS_10,WS,10,5,9,2000,1187,0.5935,1.245319,1.571429,1.222222,2.75,0,True,0.0178
WS_10,WS,10,7,0,2000,1160,0.58,1.293631,1.637879,1.25,4.0,0,True,0.0057
WS_10,WS,10,7,1,2000,1162,0.581,1.28812,1.666667,1.272727,2.5,0,True,0.0063
WS_10,WS,10,7,2,2000,1162,0.581,1.299399,1.714286,1.266667,4.0,0,True,0.006
WS_10,WS,10,7,3,2000,1161,0.5805,1.290335,1.668333,1.25,4.0,0,True,0.009
WS_10,WS,10,7,4,2000,1161,0.5805,1.30545,1.668333,1.272727,4.0,0,True,0.0085
WS_10,WS,10,7,5,2000,1162,0.581,1.305554,1.666667,1.272727,2.75,0,True,0.0095
WS_10,WS,10,7,6,2000,1162,0.581,1.308198,1.666667,1.285714,2.5,0,True,0.0058
WS_10,WS,10,7,7,2000,1158,0.579,1.275413,1.6,1.25,2.571429,0,True,0.0066
WS_10,WS,10,7,8,2000,1160,0.58,1.300325,1.666667,1.272727,4.0,0,True,0.0121
WS_10,WS,10,7,9,2000,1161,0.5805,1.29971,1.668333,1.25,3.0,0,True,0.0081
WS_11,WS,11,3,0,2000,1322,0.661,1.152746,1.4,1.125,1.8,0,True,0.004
WS_11,WS,11,3,1,2000,1311,0.6555,1.157169,1.4,1.125,2.0,0,True,0.005
WS_11,WS,11,3,2,2000,1309,0.6545,1.16748,1.428571,1.142857,1.857143,0,True,0.006
WS_11,WS,11,3,3,2000,1322,0.661,1.163741,1.4,1.125,1.714286,0,True,0.0051
WS_11,WS,11,3,4,2000,1305,0.6525,1.164244,1.4,1.142857,2.0,0,True,0.004
WS_11,WS,11,3,5,2000,1300,0.65,1.185876,1.444444,1.166667,2.0,0,True,0.0031
WS_11,WS,11,3,6,2000,1316,0.658,1.178382,1.428571,1.166667,3.0,0,True,0.0034
WS_11,WS,11,3,7,2000,1300,0.65,1.1687,1.400833,1.153846,3.0,0,True,0.0046
WS_11,WS,11,3,8,2000,1312,0.656,1.164684,1.4,1.142857,2.0,0,True,0.003
WS_11,WS,11,3,9,2000,1307,0.6535,1.163985,1.428571,1.142857,1.833333,0,True,0.003
WS_11,WS,11,5,0,2000,1216,0.608,1.226383,1.571429,1.2,2.0,0,True,0.004
WS_11,WS,11,5,1,2000,1219,0.6095,1.229021,1.555556,1.2,3.333333,0,True,0.005
WS_11,WS,11,5,2,2000,1212,0.606,1.228088,1.571429,1.2,2.75,0,True,0.0084
WS_11,WS,11,5,3,2000,1220,0.61,1.232671,1.571429,1.2,3.0,0,True,0.0042
WS_11,WS,11,5,4,2000,1217,0.6085,1.223567,1.5,1.2,2.4,0,True,0.0043
WS_11,WS,11,5,5,2000,1216,0.608,1.23519,1.555556,1.2,4.0,0,True,0.0049
WS_11,WS,11,5,6,2000,1221,0.6105,1.218942,1.555556,1.2,3.0,0,True,0.013
WS_11,WS,11,5,7,2000,1216,0.608,1.229,1.555556,1.2,2.25,0,True,0.0054
WS_11,WS,11,5,8,2000,1216,0.608,1.235492,1.571429,1.2,2.75,0,True,0.0044
WS_11,WS,11,5,9,2000,1211,0.6055,1.245788,1.584167,1.222222,4.0,0,True,0.0041
WS_11,WS,11,7,0,2000,1195,0.5975,1.258308,1.6,1.222222,3.0,0,True,0.0046
WS_11,WS,11,7,1,2000,1194,0.597,1.258474,1.625,1.222222,3.0,0,True,0.006
WS_11,WS,11,7,2,2000,1195,0.5975,1.27148,1.625568,1.25,2.75,0,True,0.0069
WS_11,WS,11,7,3,2000,1198,0.599,1.245103,1.6,1.222222,2.2,0,True,0.008
WS_11,WS,11,7,4,2000,1196,0.598,1.254357,1.6,1.222222,2.5,0,True,0.005
WS_11,WS,11,7,5,2000,1194,0.597,1.276382,1.666667,1.25,2.5,0,True,0.0063
WS_11,WS,11,7,6,2000,1196,0.598,1.255876,1.571429,1.222222,3.333333,0,True,0.0095
WS_11,WS,11,7,7,2000,1191,0.5955,1.26927,1.666667,1.25,2.666667,0,True,0.0041
WS_11,WS,11,7,8,2000,1196,0.598,1.259274,1.571429,1.230769,2.666667,0,True,0.0054
WS_11,WS,11,7,9,2000,1191,0.5955,1.268264,1.625,1.222222,4.0,0,True,0.013
WS_12,WS,12,3,0,2000,1316,0.658,1.162746,1.4,1.142857,3.0,0,True,0.0031
WS_12,WS,12,3,1,2000,1316,0.658,1.174106,1.444444,1.142857,3.0,0,True,0.003
WS_12,WS,12,3,2,2000,1322,0.661,1.181788,1.5,1.142857,3.0,0,True,0.003
WS_12,WS,12,3,3,2000,1321,0.6605,1.175397,1.428571,1.153846,2.0,0,True,0.0039
WS_12,WS,12,3,4,2000,1325,0.6625,1.172502,1.428571,1.142857,2.5,0,True,0.003
WS_12,WS,12,3,5,2000,1316,0.658,1.185262,1.444444,1.166667,3.0,0,True,0.005
WS_12,WS,12,3,6,2000,1317,0.6585,1.170235,1.428571,1.142857,3.0,0,True,0.0166
WS_12,WS,12,3,7,2000,1321,0.6605,1.172776,1.428571,1.142857,2.0,0,True,0.004
WS_12,WS,12,3,8,2000,1314,0.657,1.168936,1.428571,1.142857,3.0,0,True,0.003
WS_12,WS,12,3,9,2000,1314,0.657,1.183481,1.444444,1.166667,2.0,0,True,0.0031
WS_12,WS,12,5,0,2000,1227,0.6135,1.251144,1.6,1.222222,3.0,0,True,0.0039
WS_12,WS,12,5,1,2000,1222,0.611,1.258192,1.666667,1.222222,3.0,0,True,0.003
WS_12,WS,12,5,2,2000,1218,0.609,1.235141,1.571429,1.2,4.0,0,True,0.004
WS_12,WS,12,5,3,2000,1219,0.6095,1.264714,1.6,1.230769,4.0,0,True,0.0138
WS_12,WS,12,5,4,2000,1217,0.6085,1.267651,1.666667,1.222222,3.0,0,True,0.0094
WS_12,WS,12,5,5,2000,1225,0.6125,1.260308,1.6,1.25,3.0,0,True,0.004
WS_12,WS,12,5,6,2000,1220,0.61,1.24991,1.6,1.222222,3.0,0,True,0.0035
WS_12,WS,12,5,7,2000,1224,0.612,1.240926,1.6,1.222222,2.5,0,True,0.0039
WS_12,WS,12,5,8,2000,1216,0.608,1.248863,1.6,1.222222,3.0,0,True,0.0069
WS_12,WS,12,5,9,2000,1224,0.612,1.246527,1.6,1.222222,2.25,0,True,0.0045
WS_12,WS,12,7,0,2000,1202,0.601,1.251546,1.625,1.222222,3.0,0,True,0.008
WS_12,WS,12,7,1,2000,1199,0.5995,1.296543,1.666667,1.272727,3.0,0,True,0.005
WS_12,WS,12,7,2,2000,1205,0.6025,1.260477,1.625,1.222222,3.0,0,True,0.0049
WS_12,WS,12,7,3,2000,1206,0.603,1.287459,1.666667,1.25,5.0,0,True,0.0061
WS_12,WS,12,7,4,2000,1199,0.5995,1.27344,1.666667,1.222222,4.0,0,True,0.008
WS_12,WS,12,7,5,2000,1202,0.601,1.270988,1.666667,1.25,3.0,0,True,0.0055
WS_12,WS,12,7,6,2000,1202,0.601,1.276175,1.666667,1.25,3.0,0,True,0.0054
WS_12,WS,12,7,7,2000,1206,0.603,1.267339,1.625,1.230769,3.0,0,True,0.008
WS_12,WS,12,7,8,2000,1204,0.602,1.265861,1.6,1.25,2.4,0,True,0.008
WS_12,WS,12,7,9,2000,1204,0.602,1.271897,1.625,1.25,3.0,0,True,0.0152
WS_13,WS,13,3,0,2000,1316,0.658,1.166096,1.428571,1.125,3.0,0,True,0.003
WS_13,WS,13,3,1,2000,1305,0.6525,1.163995,1.428571,1.142857,2.0,0,True,0.009
WS_13,WS,13,3,2,2000,1305,0.6525,1.161323,1.4,1.142857,2.0,0,True,0.006
WS_13,WS,13,3,3,2000,1310,0.655,1.175587,1.444444,1.142857,2.0,0,True,0.0046
WS_13,WS,13,3,4,2000,1308,0.654,1.169766,1.428571,1.142857,2.0,0,True,0.0056
WS_13,WS,13,3,5,2000,1307,0.6535,1.172796,1.428571,1.166667,3.0,0,True,0.0067
WS_13,WS,13,3,6,2000,1297,0.6485,1.165542,1.417262,1.142857,1.857143,0,True,0.0044
WS_13,WS,13,3,7,2000,1313,0.6565,1.161731,1.428571,1.142857,3.0,0,True,0.0075
WS_13,WS,13,3,8,2000,1304,0.652,1.172101,1.428571,1.142857,3.0,0,True,0.0055
WS_13,WS,13,3,9,2000,1311,0.6555,1.169004,1.428571,1.142857,2.0,0,True,0.0055
WS_13,WS,13,5,0,2000,1204,0.602,1.251971,1.571429,1.222222,4.0,0,True,0.0351
WS_13,WS,13,5,1,2000,1210,0.605,1.248567,1.6,1.222222,4.0,0,True,0.0057
WS_13,WS,13,5,2,2000,1206,0.603,1.246523,1.6,1.2,3.0,0,True,0.0057
WS_13,WS,13,5,3,2000,1202,0.601,1.264865,1.60125,1.230769,2.25,0,True,0.008
WS_13,WS,13,5,4,2000,1207,0.6035,1.245554,1.571429,1.222222,3.0,0,True,0.008
WS_13,WS,13,5,5,2000,1207,0.6035,1.247585,1.6,1.222222,2.75,0,True,0.0072
WS_13,WS,13,5,6,2000,1207,0.6035,1.264719,1.625,1.222222,4.0,0,True,0.0105
WS_13,WS,13,5,7,2000,1202,0.601,1.279922,1.625,1.25,3.0,0,True,0.0065
WS_13,WS,13,5,8,2000,1209,0.6045,1.232685,1.571429,1.2,2.0,0,True,0.0049
WS_13,WS,13,5,9,2000,1202,0.601,1.236618,1.571429,1.2,2.5,0,True,0.0057
WS_13,WS,13,7,0,2000,1180,0.59,1.281252,1.666667,1.25,3.0,0,True,0.0043
WS_13,WS,13,7,1,2000,1178,0.589,1.293194,1.700714,1.25,3.0,0,True,0.0105
WS_13,WS,13,7,2,2000,1184,0.592,1.274734,1.637879,1.230769,2.6,0,True,0.0095
WS_13,WS,13,7,3,2000,1182,0.591,1.284744,1.666667,1.25,4.0,0,True,0.0095
WS_13,WS,13,7,4,2000,1184,0.592,1.28319,1.636364,1.25,2.5,0,True,0.008
WS_13,WS,13,7,5,2000,1179,0.5895,1.299693,1.714286,1.25,3.25,0,True,0.0095
WS_13,WS,13,7,6,2000,1183,0.5915,1.288812,1.666667,1.25,2.75,0,True,0.0054
WS_13,WS,13,7,7,2000,1178,0.589,1.292332,1.666667,1.25,2.75,0,True,0.0055
WS_13,WS,13,7,8,2000,1182,0.591,1.286059,1.627083,1.25,3.0,0,True,0.0066
WS_13,WS,13,7,9,2000,1183,0.5915,1.287169,1.666667,1.25,4.0,0,True,0.0056
WS_14,WS,14,3,0,2000,1316,0.658,1.172184,1.444444,1.142857,3.0,0,True,0.0039
WS_14,WS,14,3,1,2000,1324,0.662,1.168191,1.428571,1.138095,3.0,0,True,0.003
WS_14,WS,14,3,2,2000,1321,0.6605,1.170188,1.428571,1.153846,3.0,0,True,0.0031
WS_14,WS,14,3,3,2000,1311,0.6555,1.17827,1.5,1.142857,3.0,0,True,0.0027
WS_14,WS,14,3,4,2000,1314,0.657,1.176874,1.5,1.142857,3.0,0,True,0.0099
WS_14,WS,14,3,5,2000,1317,0.6585,1.191327,1.444444,1.181818,3.0,0,True,0.0047
WS_14,WS,14,3,6,2000,1313,0.6565,1.182881,1.5,1.166667,2.0,0,True,0.0035
WS_14,WS,14,3,7,2000,1320,0.66,1.167316,1.428571,1.125,3.0,0,True,0.0215
WS_14,WS,14,3,8,2000,1319,0.6595,1.173493,1.444444,1.142857,3.0,0,True,0.0051
WS_14,WS,14,3,9,2000,1317,0.6585,1.176839,1.5,1.142857,3.0,0,True,0.0029
WS_14,WS,14,5,0,2000,1216,0.608,1.242917,1.6,1.2,3.0,0,True,0.0081
WS_14,WS,14,5,1,2000,1214,0.607,1.259286,1.625,1.222222,3.0,0,True,0.006
WS_14,WS,14,5,2,2000,1216,0.608,1.257109,1.60125,1.222222,2.333333,0,True,0.0076
WS_14,WS,14,5,3,2000,1212,0.606,1.273426,1.666667,1.25,2.4,0,True,0.005
WS_14,WS,14,5,4,2000,1220,0.61,1.256521,1.60125,1.222222,3.0,0,True,0.0038
WS_14,WS,14,5,5,2000,1218,0.609,1.263488,1.627083,1.222222,4.0,0,True,0.0056
WS_14,WS,14,5,6,2000,1214,0.607,1.266605,1.6,1.25,5.0,0,True,0.0065
WS_14,WS,14,5,7,2000,1212,0.606,1.246235,1.6,1.2,3.0,0,True,0.005
WS_14,WS,14,5,8,2000,1218,0.609,1.235867,1.572857,1.2,3.0,0,True,0.004
WS_14,WS,14,5,9,2000,1220,0.61,1.259422,1.625,1.222222,3.0,0,True,0.0037
WS_14,WS,14,7,0,2000,1192,0.596,1.283824,1.666667,1.25,2.75,0,True,0.0106
WS_14,WS,14,7,1,2000,1200,0.6,1.281047,1.666667,1.25,2.75,0,True,0.0096
WS_14,WS,14,7,2,2000,1197,0.5985,1.280077,1.666667,1.25,3.333333,0,True,0.0049
WS_14,WS,14,7,3,2000,1190,0.595,1.287317,1.668333,1.25,3.0,0,True,0.0041
WS_14,WS,14,7,4,2000,1192,0.596,1.283799,1.666667,1.25,4.0,0,True,0.0047
WS_14,WS,14,7,5,2000,1196,0.598,1.299152,1.7,1.272727,3.0,0,True,0.0056
WS_14,WS,14,7,6,2000,1194,0.597,1.313172,1.714286,1.272727,4.333333,0,True,0.0044
WS_14,WS,14,7,7,2000,1195,0.5975,1.292955,1.666667,1.25,2.5,0,True,0.004
WS_14,WS,14,7,8,2000,1196,0.598,1.269614,1.669048,1.222222,4.0,0,True,0.0065
WS_14,WS,14,7,9,2000,1191,0.5955,1.258353,1.60125,1.222222,3.333333,0,True,0.0069
WS_15,WS,15,3,0,2000,1324,0.662,1.165465,1.4,1.142857,2.0,0,True,0.005
WS_15,WS,15,3,1,2000,1307,0.6535,1.182524,1.454545,1.166667,2.0,0,True,0.0075
WS_15,WS,15,3,2,2000,1314,0.657,1.170527,1.428571,1.142857,3.0,0,True,0.0048
WS_15,WS,15,3,3,2000,1324,0.662,1.173534,1.428571,1.153846,3.0,0,True,0.0049
WS_15,WS,15,3,4,2000,1317,0.6585,1.174587,1.428571,1.166667,3.0,0,True,0.0147
WS_15,WS,15,3,5,2000,1310,0.655,1.175459,1.444444,1.142857,2.0,0,True,0.0065
WS_15,WS,15,3,6,2000,1321,0.6605,1.169095,1.428571,1.142857,2.0,0,True,0.0071
WS_15,WS,15,3,7,2000,1324,0.662,1.163716,1.400833,1.142857,2.0,0,True,0.0065
WS_15,WS,15,3,8,2000,1320,0.66,1.166397,1.4,1.142857,2.0,0,True,0.0043
WS_15,WS,15,3,9,2000,1328,0.664,1.146874,1.4,1.111111,3.0,0,True,0.004
WS_15,WS,15,5,0,2000,1206,0.603,1.261555,1.60125,1.25,4.0,0,True,0.0057
WS_15,WS,15,5,1,2000,1211,0.6055,1.265451,1.625,1.230769,5.0,0,True,0.006
WS_15,WS,15,5,2,2000,1220,0.61,1.251879,1.625,1.222222,2.5,0,True,0.0056
WS_15,WS,15,5,3,2000,1208,0.604,1.262347,1.6,1.230769,3.0,0,True,0.0055
WS_15,WS,15,5,4,2000,1218,0.609,1.235989,1.584167,1.222222,2.5,0,True,0.005
WS_15,WS,15,5,5,2000,1210,0.605,1.264079,1.6,1.25,3.0,0,True,0.0035
WS_15,WS,15,5,6,2000,1215,0.6075,1.252912,1.6,1.222222,5.0,0,True,0.0046
WS_15,WS,15,5,7,2000,1208,0.604,1.281764,1.625,1.25,3.0,0,True,0.0037
WS_15,WS,15,5,8,2000,1211,0.6055,1.254093,1.625,1.222222,2.285714,0,True,0.0037
WS_15,WS,15,5,9,2000,1205,0.6025,1.256278,1.571429,1.222222,4.0,0,True,0.0029
WS_15,WS,15,7,0,2000,1187,0.5935,1.284119,1.666667,1.25,4.0,0,True,0.0148
WS_15,WS,15,7,1,2000,1189,0.5945,1.314081,1.7,1.285714,4.0,0,True,0.0045
WS_15,WS,15,7,2,2000,1191,0.5955,1.285179,1.666667,1.25,2.333333,0,True,0.0045
WS_15,WS,15,7,3,2000,1187,0.5935,1.296754,1.714286,1.25,3.5,0,True,0.0076
WS_15,WS,15,7,4,2000,1193,0.5965,1.28706,1.666667,1.25,3.0,0,True,0.0052
WS_15,WS,15,7,5,2000,1190,0.595,1.295157,1.637879,1.272727,3.0,0,True,0.0076
WS_15,WS,15,7,6,2000,1190,0.595,1.299401,1.666667,1.25,4.0,0,True,0.007
WS_15,WS,15,7,7,2000,1186,0.593,1.30322,1.714286,1.25,3.0,0,True,0.0081
WS_15,WS,15,7,8,2000,1187,0.5935,1.28835,1.636364,1.25,3.5,0,True,0.0041
WS_15,WS,15,7,9,2000,1187,0.5935,1.29238,1.700714,1.25,3.0,0,True,0.0064
WS_16,WS,16,3,0,2000,1317,0.6585,1.183432,1.5,1.153846,3.0,0,True,0.004
WS_16,WS,16,3,1,2000,1305,0.6525,1.186977,1.456818,1.166667,3.0,0,True,0.0311
WS_16,WS,16,3,2,2000,1320,0.66,1.175131,1.444444,1.142857,3.0,0,True,0.0029
WS_16,WS,16,3,3,2000,1316,0.658,1.172584,1.428571,1.142857,2.0,0,True,0.004
WS_16,WS,16,3,4,2000,1320,0.66,1.167007,1.428571,1.125,3.0,0,True,0.0064
WS_16,WS,16,3,5,2000,1307,0.6535,1.196061,1.5,1.181818,3.0,0,True,0.0029
WS_16,WS,16,3,6,2000,1310,0.655,1.178498,1.5,1.142857,3.0,0,True,0.0039
WS_16,WS,16,3,7,2000,1318,0.659,1.162575,1.428571,1.142857,2.0,0,True,0.0031
WS_16,WS,16,3,8,2000,1319,0.6595,1.174808,1.428571,1.142857,2.0,0,True,0.0031
WS_16,WS,16,3,9,2000,1315,0.6575,1.175452,1.428571,1.153846,3.0,0,True,0.0077
WS_16,WS,16,5,0,2000,1221,0.6105,1.261488,1.625,1.222222,5.0,0,True,0.0038
WS_16,WS,16,5,1,2000,1213,0.6065,1.250663,1.6,1.222222,4.0,0,True,0.0043
WS_16,WS,16,5,2,2000,1216,0.608,1.258497,1.625,1.222222,5.0,0,True,0.0053
WS_16,WS,16,5,3,2000,1216,0.608,1.2362,1.571429,1.2,2.333333,0,True,0.0055
WS_16,WS,16,5,4,2000,1212,0.606,1.252816,1.625,1.222222,2.333333,0,True,0.0075
WS_16,WS,16,5,5,2000,1218,0.609,1.248535,1.6,1.222222,2.2,0,True,0.0075
WS_16,WS,16,5,6,2000,1213,0.6065,1.250403,1.6,1.222222,5.0,0,True,0.0037
WS_16,WS,16,5,7,2000,1217,0.6085,1.247343,1.6,1.222222,4.0,0,True,0.0047
WS_16,WS,16,5,8,2000,1212,0.606,1.257044,1.625,1.222222,2.666667,0,True,0.0055
WS_16,WS,16,5,9,2000,1210,0.605,1.285665,1.666667,1.25,4.0,0,True,0.0066
WS_16,WS,16,7,0,2000,1191,0.5955,1.293565,1.714286,1.25,3.0,0,True,0.0067
WS_16,WS,16,7,1,2000,1189,0.5945,1.295404,1.666667,1.272727,2.75,0,True,0.0067
WS_16,WS,16,7,2,2000,1191,0.5955,1.313494,1.714935,1.272727,6.0,0,True,0.0055
WS_16,WS,16,7,3,2000,1190,0.595,1.284905,1.666667,1.25,3.5,0,True,0.0046
WS_16,WS,16,7,4,2000,1190,0.595,1.272344,1.666667,1.230769,4.0,0,True,0.0049
WS_16,WS,16,7,5,2000,1192,0.596,1.295938,1.714286,1.25,5.0,0,True,0.005
WS_16,WS,16,7,6,2000,1188,0.594,1.287156,1.714286,1.25,3.0,0,True,0.0059
WS_16,WS,16,7,7,2000,1191,0.5955,1.272519,1.666667,1.222222,2.666667,0,True,0.005
WS_16,WS,16,7,8,2000,1190,0.595,1.297385,1.714286,1.25,4.0,0,True,0.0056
WS_16,WS,16,7,9,2000,1192,0.596,1.285194,1.666667,1.25,2.333333,0,True,0.005
WS_17,WS,17,3,0,2000,1316,0.658,1.177779,1.444949,1.142857,3.0,0,True,0.003
WS_17,WS,17,3,1,2000,1326,0.663,1.156476,1.428571,1.125,2.0,0,True,0.0033
WS_17,WS,17,3,2,2000,1323,0.6615,1.157444,1.4,1.133929,1.75,0,True,0.002
WS_17,WS,17,3,3,2000,1332,0.666,1.152577,1.4,1.125,3.0,0,True,0.003
WS_17,WS,17,3,4,2000,1325,0.6625,1.156784,1.4,1.125,2.333333,0,True,0.0035
WS_17,WS,17,3,5,2000,1315,0.6575,1.157949,1.428571,1.125,2.333333,0,True,0.003
WS_17,WS,17,3,6,2000,1326,0.663,1.178742,1.456818,1.153846,2.0,0,True,0.0096
WS_17,WS,17,3,7,2000,1324,0.662,1.168915,1.428571,1.142857,2.0,0,True,0.005
WS_17,WS,17,3,8,2000,1330,0.665,1.160647,1.428571,1.125,3.0,0,True,0.0031
WS_17,WS,17,3,9,2000,1321,0.6605,1.167493,1.428571,1.142857,1.75,0,True,0.002
WS_17,WS,17,5,0,2000,1215,0.6075,1.249501,1.6,1.222222,2.25,0,True,0.0036
WS_17,WS,17,5,1,2000,1219,0.6095,1.24981,1.571429,1.222222,5.0,0,True,0.003
WS_17,WS,17,5,2,2000,1219,0.6095,1.242243,1.625,1.2,4.0,0,True,0.003
WS_17,WS,17,5,3,2000,1218,0.609,1.248094,1.571429,1.222222,4.0,0,True,0.0041
WS_17,WS,17,5,4,2000,1215,0.6075,1.251095,1.571429,1.222222,4.0,0,True,0.0045
WS_17,WS,17,5,5,2000,1218,0.609,1.235682,1.571429,1.2,3.0,0,True,0.004
WS_17,WS,17,5,6,2000,1222,0.611,1.248962,1.571429,1.222222,5.0,0,True,0.0037
WS_17,WS,17,5,7,2000,1222,0.611,1.24011,1.555556,1.222222,3.0,0,True,0.004
WS_17,WS,17,5,8,2000,1228,0.614,1.238376,1.571429,1.2,2.333333,0,True,0.0041
WS_17,WS,17,5,9,2000,1221,0.6105,1.240527,1.571429,1.2,4.0,0,True,0.004
WS_17,WS,17,7,0,2000,1197,0.5985,1.298126,1.666667,1.25,3.0,0,True,0.0045
WS_17,WS,17,7,1,2000,1194,0.597,1.267454,1.627083,1.230769,2.333333,0,True,0.0066
WS_17,WS,17,7,2,2000,1199,0.5995,1.256919,1.625568,1.222222,2.8,0,True,0.0053
WS_17,WS,17,7,3,2000,1195,0.5975,1.249097,1.6,1.222222,3.0,0,True,0.0055
WS_17,WS,17,7,4,2000,1201,0.6005,1.275935,1.666667,1.25,2.5,0,True,0.0045
WS_17,WS,17,7,5,2000,1194,0.597,1.263705,1.625,1.222222,2.666667,0,True,0.0095
WS_17,WS,17,7,6,2000,1195,0.5975,1.271051,1.666667,1.25,2.5,0,True,0.006
WS_17,WS,17,7,7,2000,1195,0.5975,1.291879,1.666667,1.25,2.8,0,True,0.0081
WS_17,WS,17,7,8,2000,1194,0.597,1.273159,1.666667,1.230769,4.0,0,True,0.0115
WS_17,WS,17,7,9,2000,1197,0.5985,1.283926,1.666667,1.25,3.0,0,True,0.0067
WS_18,WS,18,3,0,2000,1319,0.6595,1.169037,1.428571,1.142857,3.0,0,True,0.0051
WS_18,WS,18,3,1,2000,1316,0.658,1.172866,1.428571,1.153846,3.0,0,True,0.0054
WS_18,WS,18,3,2,2000,1320,0.66,1.157682,1.428571,1.125,2.0,0,True,0.005
WS_18,WS,18,3,3,2000,1317,0.6585,1.165916,1.428571,1.142857,2.0,0,True,0.0035
WS_18,WS,18,3,4,2000,1326,0.663,1.144411,1.4,1.111111,2.0,0,True,0.006
WS_18,WS,18,3,5,2000,1328,0.664,1.141853,1.375,1.111111,3.0,0,True,0.0061
WS_18,WS,18,3,6,2000,1315,0.6575,1.174934,1.429365,1.160256,2.0,0,True,0.0037
WS_18,WS,18,3,7,2000,1309,0.6545,1.181192,1.444444,1.166667,3.0,0,True,0.0036
WS_18,WS,18,3,8,2000,1324,0.662,1.156082,1.4,1.125,3.0,0,True,0.0036
WS_18,WS,18,3,9,2000,1322,0.661,1.161346,1.428571,1.125,2.0,0,True,0.0031
WS_18,WS,18,5,0,2000,1219,0.6095,1.223595,1.572857,1.2,3.0,0,True,0.0035
WS_18,WS,18,5,1,2000,1220,0.61,1.243959,1.571429,1.222222,2.4,0,True,0.0076
WS_18,WS,18,5,2,2000,1228,0.614,1.240077,1.6,1.2,2.5,0,True,0.0115
WS_18,WS,18,5,3,2000,1220,0.61,1.259568,1.571429,1.222222,4.0,0,True,0.0055
WS_18,WS,18,5,4,2000,1221,0.6105,1.250268,1.571429,1.222222,5.0,0,True,0.0031
WS_18,WS,18,5,5,2000,1220,0.61,1.239233,1.6,1.2,5.0,0,True,0.0055
WS_18,WS,18,5,6,2000,1224,0.612,1.246348,1.571429,1.222222,4.0,0,True,0.004
WS_18,WS,18,5,7,2000,1218,0.609,1.239929,1.571429,1.2,4.0,0,True,0.0041
WS_18,WS,18,5,8,2000,1222,0.611,1.262542,1.6,1.222222,3.0,0,True,0.0043
WS_18,WS,18,5,9,2000,1209,0.6045,1.253999,1.6,1.222222,3.0,0,True,0.0037
WS_18,WS,18,7,0,2000,1200,0.6,1.276755,1.666667,1.230769,3.0,0,True,0.0052
WS_18,WS,18,7,1,2000,1199,0.5995,1.290737,1.716071,1.25,3.5,0,True,0.0071
WS_18,WS,18,7,2,2000,1197,0.5985,1.286445,1.666667,1.25,3.0,0,True,0.0045
WS_18,WS,18,7,3,2000,1196,0.598,1.273511,1.666667,1.222222,3.5,0,True,0.005
WS_18,WS,18,7,4,2000,1199,0.5995,1.270148,1.666667,1.222222,2.5,0,True,0.0055
WS_18,WS,18,7,5,2000,1201,0.6005,1.258175,1.625568,1.222222,3.0,0,True,0.005
WS_18,WS,18,7,6,2000,1195,0.5975,1.291587,1.666667,1.25,3.666667,0,True,0.0046
WS_18,WS,18,7,7,2000,1200,0.6,1.266401,1.666667,1.222222,3.0,0,True,0.0047
WS_18,WS,18,7,8,2000,1197,0.5985,1.286776,1.666667,1.25,3.0,0,True,0.0054
WS_18,WS,18,7,9,2000,1193,0.5965,1.28934,1.728409,1.25,3.5,0,True,0.0057
WS_19,WS,19,3,0,2000,1349,0.6745,1.164468,1.428571,1.142857,2.0,0,True,0.0085
WS_19,WS,19,3,1,2000,1343,0.6715,1.157228,1.428571,1.125,3.0,0,True,0.003
WS_19,WS,19,3,2,2000,1344,0.672,1.172915,1.444444,1.142857,3.0,0,True,0.0031
WS_19,WS,19,3,3,2000,1349,0.6745,1.157943,1.428571,1.125,3.0,0,True,0.0029
WS_19,WS,19,3,4,2000,1351,0.6755,1.150123,1.4,1.125,3.0,0,True,0.003
WS_19,WS,19,3,5,2000,1326,0.663,1.170842,1.444444,1.142857,2.0,0,True,0.0032
WS_19,WS,19,3,6,2000,1339,0.6695,1.174218,1.429365,1.142857,3.0,0,True,0.003
WS_19,WS,19,3,7,2000,1348,0.674,1.17606,1.444444,1.142857,3.0,0,True,0.0027
WS_19,WS,19,3,8,2000,1361,0.6805,1.13678,1.375,1.111111,2.0,0,True,0.0035
WS_19,WS,19,3,9,2000,1353,0.6765,1.139836,1.4,1.111111,3.0,0,True,0.0037
WS_19,WS,19,5,0,2000,1246,0.623,1.231003,1.571429,1.2,3.0,0,True,0.0046
WS_19,WS,19,5,1,2000,1240,0.62,1.238545,1.625,1.2,3.0,0,True,0.0041
WS_19,WS,19,5,2,2000,1242,0.621,1.231985,1.6,1.2,3.0,0,True,0.0041
WS_19,WS,19,5,3,2000,1243,0.6215,1.219495,1.571429,1.2,2.5,0,True,0.0037
WS_19,WS,19,5,4,2000,1243,0.6215,1.224368,1.556349,1.2,3.0,0,True,0.005
WS_19,WS,19,5,5,2000,1245,0.6225,1.240179,1.572024,1.2,2.8,0,True,0.0051
WS_19,WS,19,5,6,2000,1241,0.6205,1.237854,1.571429,1.222222,2.5,0,True,0.0049
WS_19,WS,19,5,7,2000,1242,0.621,1.237917,1.6,1.2,3.0,0,True,0.0107
WS_19,WS,19,5,8,2000,1245,0.6225,1.241102,1.571429,1.2,4.0,0,True,0.0067
WS_19,WS,19,5,9,2000,1241,0.6205,1.243221,1.625,1.2,3.5,0,True,0.0035
WS_19,WS,19,7,0,2000,1219,0.6095,1.254658,1.60125,1.222222,5.0,0,True,0.0125
WS_19,WS,19,7,1,2000,1215,0.6075,1.282084,1.666667,1.25,5.0,0,True,0.007
WS_19,WS,19,7,2,2000,1221,0.6105,1.267985,1.666667,1.222222,4.0,0,True,0.0056
WS_19,WS,19,7,3,2000,1220,0.61,1.275831,1.666667,1.222222,3.0,0,True,0.0057
WS_19,WS,19,7,4,2000,1221,0.6105,1.271979,1.700714,1.222222,3.333333,0,True,0.0062
WS_19,WS,19,7,5,2000,1219,0.6095,1.27878,1.714286,1.230769,4.0,0,True,0.0061
WS_19,WS,19,7,6,2000,1221,0.6105,1.259287,1.666667,1.222222,3.0,0,True,0.0074
WS_19,WS,19,7,7,2000,1219,0.6095,1.263428,1.666667,1.222222,5.0,0,True,0.0084
WS_19,WS,19,7,8,2000,1225,0.6125,1.256112,1.627083,1.222222,3.0,0,True,0.005
WS_19,WS,19,7,9,2000,1220,0.61,1.295699,1.714286,1.25,5.0,0,True,0.0149
WS_20,WS,20,3,0,2000,1306,0.653,1.182462,1.444444,1.166667,3.0,0,True,0.003
WS_20,WS,20,3,1,2000,1308,0.654,1.177292,1.429365,1.153846,2.0,0,True,0.0039
WS_20,WS,20,3,2,2000,1314,0.657,1.160075,1.400833,1.125,3.0,0,True,0.003
WS_20,WS,20,3,3,2000,1309,0.6545,1.175844,1.428571,1.153846,3.0,0,True,0.003
WS_20,WS,20,3,4,2000,1308,0.654,1.172152,1.428571,1.142857,2.0,0,True,0.003
WS_20,WS,20,3,5,2000,1308,0.654,1.176349,1.428571,1.166667,3.0,0,True,0.0047
WS_20,WS,20,3,6,2000,1318,0.659,1.1707,1.444444,1.142857,2.0,0,True,0.004
WS_20,WS,20,3,7,2000,1309,0.6545,1.161009,1.4,1.142857,3.0,0,True,0.0036
WS_20,WS,20,3,8,2000,1319,0.6595,1.1591,1.4,1.142857,2.0,0,True,0.008
WS_20,WS,20,3,9,2000,1306,0.653,1.180763,1.428571,1.166667,3.0,0,True,0.0039
WS_20,WS,20,5,0,2000,1195,0.5975,1.265777,1.625,1.25,2.5,0,True,0.004
WS_20,WS,20,5,1,2000,1200,0.6,1.266418,1.6,1.222222,5.0,0,True,0.005
WS_20,WS,20,5,2,2000,1214,0.607,1.234344,1.571429,1.2,2.166667,0,True,0.0076
WS_20,WS,20,5,3,2000,1204,0.602,1.263747,1.60125,1.222222,5.0,0,True,0.0051
WS_20,WS,20,5,4,2000,1207,0.6035,1.255194,1.6,1.222222,3.0,0,True,0.0056
WS_20,WS,20,5,5,2000,1212,0.606,1.251601,1.6,1.222222,3.0,0,True,0.005
WS_20,WS,20,5,6,2000,1207,0.6035,1.236541,1.571429,1.222222,2.333333,0,True,0.006
WS_20,WS,20,5,7,2000,1209,0.6045,1.240314,1.571429,1.222222,4.0,0,True,0.0041
WS_20,WS,20,5,8,2000,1201,0.6005,1.258921,1.625,1.226496,3.0,0,True,0.0031
WS_20,WS,20,5,9,2000,1206,0.603,1.261304,1.625,1.222222,3.0,0,True,0.0031
WS_20,WS,20,7,0,2000,1185,0.5925,1.281924,1.666667,1.25,3.0,0,True,0.0049
WS_20,WS,20,7,1,2000,1180,0.59,1.270641,1.666667,1.240385,3.0,0,True,0.0047
WS_20,WS,20,7,2,2000,1181,0.5905,1.280897,1.666667,1.25,3.333333,0,True,0.005
WS_20,WS,20,7,3,2000,1180,0.59,1.324913,1.714286,1.285714,5.0,0,True,0.0046
WS_20,WS,20,7,4,2000,1181,0.5905,1.276911,1.625568,1.25,3.0,0,True,0.0052
WS_20,WS,20,7,5,2000,1179,0.5895,1.320825,1.714286,1.285714,2.5,0,True,0.0125
WS_20,WS,20,7,6,2000,1182,0.591,1.300164,1.668333,1.25,4.0,0,True,0.021
WS_20,WS,20,7,7,2000,1181,0.5905,1.317765,1.714286,1.285714,4.0,0,True,0.0047
WS_20,WS,20,7,8,2000,1186,0.593,1.307743,1.666667,1.272727,4.0,0,True,0.007
WS_20,WS,20,7,9,2000,1181,0.5905,1.274527,1.666667,1.230769,4.0,0,True,0.0076
WS_21,WS,21,3,0,2000,1336,0.668,1.172232,1.428571,1.125,3.0,0,True,0.0025
WS_21,WS,21,3,1,2000,1326,0.663,1.172869,1.5,1.142857,2.0,0,True,0.0031
WS_21,WS,21,3,2,2000,1328,0.664,1.169769,1.444444,1.142857,2.0,0,True,0.0022
WS_21,WS,21,3,3,2000,1346,0.673,1.165307,1.428571,1.125,3.0,0,True,0.0034
WS_21,WS,21,3,4,2000,1332,0.666,1.167036,1.428571,1.142857,3.0,0,True,0.004
WS_21,WS,21,3,5,2000,1343,0.6715,1.151033,1.4,1.125,2.0,0,True,0.0029
WS_21,WS,21,3,6,2000,1327,0.6635,1.147881,1.4,1.125,3.0,0,True,0.003
WS_21,WS,21,3,7,2000,1317,0.6585,1.165185,1.428571,1.125,2.0,0,True,0.003
WS_21,WS,21,3,8,2000,1334,0.667,1.155379,1.4,1.125,3.0,0,True,0.004
WS_21,WS,21,3,9,2000,1331,0.6655,1.148439,1.4,1.125,2.0,0,True,0.0035
WS_21,WS,21,5,0,2000,1228,0.614,1.234774,1.571429,1.2,3.0,0,True,0.004
WS_21,WS,21,5,1,2000,1235,0.6175,1.223416,1.571429,1.2,3.0,0,True,0.005
WS_21,WS,21,5,2,2000,1222,0.611,1.254069,1.625,1.222222,3.0,0,True,0.004
WS_21,WS,21,5,3,2000,1228,0.614,1.241514,1.571429,1.222222,4.0,0,True,0.005
WS_21,WS,21,5,4,2000,1230,0.615,1.235268,1.571429,1.2,4.0,0,True,0.0036
WS_21,WS,21,5,5,2000,1216,0.608,1.256529,1.625,1.222222,3.0,0,True,0.0101
WS_21,WS,21,5,6,2000,1222,0.611,1.236673,1.6,1.2,3.0,0,True,0.0077
WS_21,WS,21,5,7,2000,1232,0.616,1.235849,1.6,1.2,2.166667,0,True,0.0041
WS_21,WS,21,5,8,2000,1235,0.6175,1.229589,1.571429,1.2,4.0,0,True,0.0038
WS_21,WS,21,5,9,2000,1227,0.6135,1.237738,1.571429,1.2,2.333333,0,True,0.0037
WS_21,WS,21,7,0,2000,1207,0.6035,1.299301,1.714286,1.25,2.75,0,True,0.0047
WS_21,WS,21,7,1,2000,1207,0.6035,1.280378,1.666667,1.25,4.0,0,True,0.0057
WS_21,WS,21,7,2,2000,1202,0.601,1.275363,1.7,1.222222,3.0,0,True,0.0055
WS_21,WS,21,7,3,2000,1204,0.602,1.263199,1.625,1.222222,3.0,0,True,0.0135
WS_21,WS,21,7,4,2000,1205,0.6025,1.283368,1.666667,1.25,4.0,0,True,0.0066
WS_21,WS,21,7,5,2000,1204,0.602,1.289539,1.666667,1.25,5.0,0,True,0.004
WS_21,WS,21,7,6,2000,1203,0.6015,1.274479,1.7,1.230769,4.0,0,True,0.006
WS_21,WS,21,7,7,2000,1205,0.6025,1.28463,1.714286,1.25,5.0,0,True,0.0058
WS_21,WS,21,7,8,2000,1205,0.6025,1.301605,1.714286,1.25,5.0,0,True,0.0046
WS_21,WS,21,7,9,2000,1206,0.603,1.264742,1.666667,1.222222,3.0,0,True,0.0055
WS_22,WS,22,3,0,2000,1320,0.66,1.184102,1.456818,1.153846,3.0,0,True,0.004
WS_22,WS,22,3,1,2000,1330,0.665,1.158965,1.4,1.125,2.0,0,True,0.003
WS_22,WS,22,3,2,2000,1339,0.6695,1.156404,1.428571,1.125,2.0,0,True,0.0045
WS_22,WS,22,3,3,2000,1350,0.675,1.156343,1.428571,1.125,3.0,0,True,0.0035
WS_22,WS,22,3,4,2000,1324,0.662,1.164252,1.428571,1.142857,2.0,0,True,0.0087
WS_22,WS,22,3,5,2000,1334,0.667,1.167743,1.428571,1.142857,3.0,0,True,0.0087
WS_22,WS,22,3,6,2000,1325,0.6625,1.162186,1.4,1.125,3.0,0,True,0.0093
WS_22,WS,22,3,7,2000,1328,0.664,1.168419,1.428571,1.142857,3.0,0,True,0.0049
WS_22,WS,22,3,8,2000,1332,0.666,1.166803,1.428571,1.142857,3.0,0,True,0.0041
WS_22,WS,22,3,9,2000,1343,0.6715,1.163406,1.428571,1.125,3.0,0,True,0.0056
WS_22,WS,22,5,0,2000,1237,0.6185,1.246327,1.6,1.222222,3.0,0,True,0.0072
WS_22,WS,22,5,1,2000,1227,0.6135,1.24765,1.625,1.222222,3.0,0,True,0.006
WS_22,WS,22,5,2,2000,1233,0.6165,1.250895,1.60125,1.222222,5.0,0,True,0.0052
WS_22,WS,22,5,3,2000,1237,0.6185,1.233115,1.571429,1.2,3.0,0,True,0.004
WS_22,WS,22,5,4,2000,1231,0.6155,1.264071,1.625,1.222222,3.0,0,True,0.0045
WS_22,WS,22,5,5,2000,1230,0.615,1.233821,1.555556,1.2,4.0,0,True,0.0048
WS_22,WS,22,5,6,2000,1234,0.617,1.230315,1.571429,1.2,3.0,0,True,0.0041
WS_22,WS,22,5,7,2000,1231,0.6155,1.239813,1.571429,1.2,4.0,0,True,0.0047
WS_22,WS,22,5,8,2000,1236,0.618,1.234723,1.571429,1.2,3.0,0,True,0.005
WS_22,WS,22,5,9,2000,1232,0.616,1.254269,1.6,1.222222,4.0,0,True,0.004
WS_22,WS,22,7,0,2000,1207,0.6035,1.29147,1.668333,1.25,5.0,0,True,0.0311
WS_22,WS,22,7,1,2000,1207,0.6035,1.296839,1.714286,1.25,5.0,0,True,0.0083
WS_22,WS,22,7,2,2000,1206,0.603,1.284675,1.666667,1.25,2.333333,0,True,0.0066
WS_22,WS,22,7,3,2000,1205,0.6025,1.293651,1.714286,1.25,4.5,0,True,0.0067
WS_22,WS,22,7,4,2000,1213,0.6065,1.272753,1.666667,1.222222,4.0,0,True,0.007
WS_22,WS,22,7,5,2000,1204,0.602,1.28304,1.666667,1.25,5.0,0,True,0.0097
WS_22,WS,22,7,6,2000,1205,0.6025,1.286578,1.666667,1.25,5.0,0,True,0.0078
WS_22,WS,22,7,7,2000,1208,0.604,1.271714,1.666667,1.222222,5.0,0,True,0.0077
WS_22,WS,22,7,8,2000,1210,0.605,1.273251,1.714286,1.222222,4.0,0,True,0.0091
WS_22,WS,22,7,9,2000,1206,0.603,1.289471,1.666667,1.25,5.0,0,True,0.0078
WS_23,WS,23,3,0,2000,1317,0.6585,1.170422,1.428571,1.153846,2.0,0,True,0.004
WS_23,WS,23,3,1,2000,1311,0.6555,1.172788,1.428571,1.142857,2.0,0,True,0.0046
WS_23,WS,23,3,2,2000,1323,0.6615,1.175229,1.429365,1.153846,2.0,0,True,0.0036
WS_23,WS,23,3,3,2000,1317,0.6585,1.169957,1.428571,1.142857,3.0,0,True,0.0045
WS_23,WS,23,3,4,2000,1315,0.6575,1.15976,1.4,1.125,2.0,0,True,0.004
WS_23,WS,23,3,5,2000,1321,0.6605,1.170067,1.428571,1.142857,2.0,0,True,0.0075
WS_23,WS,23,3,6,2000,1317,0.6585,1.176309,1.428571,1.166667,2.0,0,True,0.0074
WS_23,WS,23,3,7,2000,1323,0.6615,1.166547,1.428571,1.142857,2.333333,0,True,0.0031
WS_23,WS,23,3,8,2000,1299,0.6495,1.177833,1.444444,1.153846,2.333333,0,True,0.0058
WS_23,WS,23,3,9,2000,1318,0.659,1.16231,1.4,1.125,2.0,0,True,0.0042
WS_23,WS,23,5,0,2000,1218,0.609,1.243102,1.571429,1.222222,2.0,0,True,0.0039
WS_23,WS,23,5,1,2000,1225,0.6125,1.220612,1.555556,1.2,2.0,0,True,0.0037
WS_23,WS,23,5,2,2000,1217,0.6085,1.244154,1.6,1.207143,3.333333,0,True,0.005
WS_23,WS,23,5,3,2000,1215,0.6075,1.226486,1.5,1.2,2.0,0,True,0.004
WS_23,WS,23,5,4,2000,1217,0.6085,1.249097,1.571429,1.222222,3.0,0,True,0.004
WS_23,WS,23,5,5,2000,1223,0.6115,1.236009,1.571429,1.2,2.5,0,True,0.005
WS_23,WS,23,5,6,2000,1221,0.6105,1.262998,1.60125,1.222222,3.666667,0,True,0.0029
WS_23,WS,23,5,7,2000,1213,0.6065,1.254312,1.572857,1.222222,2.5,0,True,0.0134
WS_23,WS,23,5,8,2000,1212,0.606,1.240408,1.571429,1.222222,2.75,0,True,0.004
WS_23,WS,23,5,9,2000,1218,0.609,1.243129,1.600769,1.2,2.142857,0,True,0.0054
WS_23,WS,23,7,0,2000,1196,0.598,1.270338,1.625,1.25,3.0,0,True,0.004
WS_23,WS,23,7,1,2000,1200,0.6,1.26653,1.625,1.222222,3.0,0,True,0.0136
WS_23,WS,23,7,2,2000,1197,0.5985,1.281908,1.625,1.25,2.333333,0,True,0.0112
WS_23,WS,23,7,3,2000,1199,0.5995,1.266105,1.666667,1.222222,3.0,0,True,0.008
WS_23,WS,23,7,4,2000,1194,0.597,1.284844,1.637879,1.25,2.5,0,True,0.0075
WS_23,WS,23,7,5,2000,1199,0.5995,1.26025,1.6,1.226496,2.6,0,True,0.007
WS_23,WS,23,7,6,2000,1193,0.5965,1.299349,1.75,1.25,7.0,0,True,0.0105
WS_23,WS,23,7,7,2000,1203,0.6015,1.264882,1.625,1.222222,2.5,0,True,0.0087
WS_23,WS,23,7,8,2000,1199,0.5995,1.249481,1.571429,1.222222,2.5,0,True,0.0064
WS_23,WS,23,7,9,2000,1200,0.6,1.279709,1.625,1.25,3.0,0,True,0.0061
WS_24,WS,24,3,0,2000,1322,0.661,1.159383,1.4,1.142857,2.0,0,True,0.004
WS_24,WS,24,3,1,2000,1310,0.655,1.167479,1.428571,1.142857,2.0,0,True,0.0091
WS_24,WS,24,3,2,2000,1341,0.6705,1.155231,1.428571,1.125,2.0,0,True,0.0081
WS_24,WS,24,3,3,2000,1318,0.659,1.151739,1.4,1.125,2.0,0,True,0.0038
WS_24,WS,24,3,4,2000,1317,0.6585,1.153352,1.4,1.125,2.0,0,True,0.0054
WS_24,WS,24,3,5,2000,1325,0.6625,1.155197,1.428571,1.125,2.0,0,True,0.0032
WS_24,WS,24,3,6,2000,1312,0.656,1.190533,1.5,1.166667,3.0,0,True,0.0075
WS_24,WS,24,3,7,2000,1330,0.665,1.156801,1.428571,1.125,2.0,0,True,0.0051
WS_24,WS,24,3,8,2000,1325,0.6625,1.151949,1.4,1.125,2.0,0,True,0.0039
WS_24,WS,24,3,9,2000,1320,0.66,1.153078,1.4,1.125,3.0,0,True,0.0074
WS_24,WS,24,5,0,2000,1207,0.6035,1.233337,1.555556,1.214286,2.5,0,True,0.0059
WS_24,WS,24,5,1,2000,1207,0.6035,1.269631,1.625,1.230769,2.666667,0,True,0.0061
WS_24,WS,24,5,2,2000,1213,0.6065,1.233872,1.571429,1.207143,2.25,0,True,0.0036
WS_24,WS,24,5,3,2000,1210,0.605,1.245989,1.571429,1.222222,4.0,0,True,0.006
WS_24,WS,24,5,4,2000,1214,0.607,1.250693,1.584167,1.222222,3.0,0,True,0.0401
WS_24,WS,24,5,5,2000,1206,0.603,1.260275,1.6,1.25,3.0,0,True,0.0047
WS_24,WS,24,5,6,2000,1212,0.606,1.250822,1.60125,1.222222,3.0,0,True,0.0059
WS_24,WS,24,5,7,2000,1213,0.6065,1.235551,1.571429,1.2,2.2,0,True,0.0041
WS_24,WS,24,5,8,2000,1205,0.6025,1.238924,1.571429,1.222222,2.666667,0,True,0.0041
WS_24,WS,24,5,9,2000,1211,0.6055,1.251176,1.6,1.222222,3.0,0,True,0.0056
WS_24,WS,24,7,0,2000,1187,0.5935,1.295697,1.714286,1.25,3.333333,0,True,0.0045
WS_24,WS,24,7,1,2000,1188,0.594,1.294807,1.666667,1.25,6.0,0,True,0.0046
WS_24,WS,24,7,2,2000,1188,0.594,1.303731,1.714286,1.272727,5.0,0,True,0.005
WS_24,WS,24,7,3,2000,1189,0.5945,1.266063,1.625,1.230769,3.0,0,True,0.0043
WS_24,WS,24,7,4,2000,1185,0.5925,1.294775,1.666667,1.25,2.666667,0,True,0.004
WS_24,WS,24,7,5,2000,1187,0.5935,1.283476,1.666667,1.25,4.0,0,True,0.004
WS_24,WS,24,7,6,2000,1181,0.5905,1.302469,1.700714,1.272727,2.5,0,True,0.0046
WS_24,WS,24,7,7,2000,1184,0.592,1.283181,1.666667,1.25,2.666667,0,True,0.0087
WS_24,WS,24,7,8,2000,1185,0.5925,1.295217,1.700714,1.25,4.0,0,True,0.0047
WS_24,WS,24,7,9,2000,1187,0.5935,1.294017,1.668333,1.25,3.0,0,True,0.0047
WS_25,WS,25,3,0,2000,1300,0.65,1.166778,1.444444,1.142857,2.0,0,True,0.003
WS_25,WS,25,3,1,2000,1318,0.659,1.157156,1.400833,1.125,1.857143,0,True,0.0031
WS_25,WS,25,3,2,2000,1315,0.6575,1.165661,1.4,1.142857,2.0,0,True,0.0051
WS_25,WS,25,3,3,2000,1320,0.66,1.149931,1.4,1.125,2.333333,0,True,0.003
WS_25,WS,25,3,4,2000,1294,0.647,1.195525,1.5,1.166667,3.0,0,True,0.0063
WS_25,WS,25,3,5,2000,1307,0.6535,1.183858,1.5,1.160256,2.0,0,True,0.0039
WS_25,WS,25,3,6,2000,1311,0.6555,1.159105,1.4,1.142857,1.714286,0,True,0.0039
WS_25,WS,25,3,7,2000,1313,0.6565,1.154278,1.4,1.125,2.0,0,True,0.0037
WS_25,WS,25,3,8,2000,1305,0.6525,1.173796,1.416667,1.166667,1.714286,0,True,0.0037
WS_25,WS,25,3,9,2000,1308,0.654,1.18063,1.5,1.153846,3.0,0,True,0.006
WS_25,WS,25,5,0,2000,1204,0.602,1.238702,1.556349,1.222222,2.2,0,True,0.0055
WS_25,WS,25,5,1,2000,1208,0.604,1.249037,1.572857,1.222222,2.666667,0,True,0.0192
WS_25,WS,25,5,2,2000,1205,0.6025,1.2553,1.571429,1.222222,2.0,0,True,0.0031
WS_25,WS,25,5,3,2000,1197,0.5985,1.267848,1.625,1.25,4.0,0,True,0.0036
WS_25,WS,25,5,4,2000,1200,0.6,1.265058,1.625,1.25,2.333333,0,True,0.005
WS_25,WS,25,5,5,2000,1213,0.6065,1.235797,1.571429,1.2,2.0,0,True,0.0055
WS_25,WS,25,5,6,2000,1201,0.6005,1.26741,1.571429,1.25,2.0,0,True,0.004
WS_25,WS,25,5,7,2000,1198,0.599,1.255719,1.625,1.222222,2.333333,0,True,0.0041
WS_25,WS,25,5,8,2000,1202,0.601,1.27275,1.666667,1.25,2.5,0,True,0.0065
WS_25,WS,25,5,9,2000,1201,0.6005,1.279986,1.625,1.25,3.0,0,True,0.006
WS_25,WS,25,7,0,2000,1176,0.588,1.311031,1.714286,1.285714,3.0,0,True,0.0055
WS_25,WS,25,7,1,2000,1174,0.587,1.303294,1.714286,1.25,4.0,0,True,0.0045
WS_25,WS,25,7,2,2000,1174,0.587,1.317058,1.668333,1.3,3.666667,0,True,0.0075
WS_25,WS,25,7,3,2000,1180,0.59,1.274731,1.625,1.25,2.5,0,True,0.007
WS_25,WS,25,7,4,2000,1183,0.5915,1.265427,1.666667,1.222222,4.0,0,True,0.005
WS_25,WS,25,7,5,2000,1185,0.5925,1.25181,1.6,1.222222,2.5,0,True,0.0085
WS_25,WS,25,7,6,2000,1178,0.589,1.286294,1.666667,1.25,3.0,0,True,0.0055
WS_25,WS,25,7,7,2000,1185,0.5925,1.275104,1.666667,1.25,3.0,0,True,0.0055
WS_25,WS,25,7,8,2000,1180,0.59,1.298241,1.666667,1.258333,4.0,0,True,0.004
WS_25,WS,25,7,9,2000,1179,0.5895,1.303843,1.7,1.272727,4.0,0,True,0.005
WS_26,WS,26,3,0,2000,1300,0.65,1.203257,1.5,1.181818,2.0,0,True,0.004
WS_26,WS,26,3,1,2000,1297,0.6485,1.172821,1.444444,1.142857,2.0,0,True,0.0036
WS_26,WS,26,3,2,2000,1303,0.6515,1.177061,1.400833,1.166667,2.0,0,True,0.0048
WS_26,WS,26,3,3,2000,1321,0.6605,1.153688,1.4,1.125,2.25,0,True,0.0039
WS_26,WS,26,3,4,2000,1311,0.6555,1.171578,1.428571,1.142857,2.0,0,True,0.0029
WS_26,WS,26,3,5,2000,1310,0.655,1.185057,1.454545,1.166667,3.0,0,True,0.0053
WS_26,WS,26,3,6,2000,1300,0.65,1.180229,1.428571,1.166667,2.5,0,True,0.0096
WS_26,WS,26,3,7,2000,1301,0.6505,1.179181,1.429365,1.166667,2.0,0,True,0.007
WS_26,WS,26,3,8,2000,1295,0.6475,1.195875,1.444444,1.181818,2.0,0,True,0.02
WS_26,WS,26,3,9,2000,1307,0.6535,1.191478,1.5,1.166667,3.0,0,True,0.003
WS_26,WS,26,5,0,2000,1208,0.604,1.272551,1.625,1.25,2.5,0,True,0.005
WS_26,WS,26,5,1,2000,1211,0.6055,1.250114,1.556349,1.222222,2.5,0,True,0.0081
WS_26,WS,26,5,2,2000,1204,0.602,1.266598,1.625,1.25,2.4,0,True,0.005
WS_26,WS,26,5,3,2000,1204,0.602,1.26108,1.6,1.25,2.333333,0,True,0.004
WS_26,WS,26,5,4,2000,1213,0.6065,1.258597,1.625,1.222222,3.0,0,True,0.005
WS_26,WS,26,5,5,2000,1211,0.6055,1.248212,1.6,1.222222,2.5,0,True,0.004
WS_26,WS,26,5,6,2000,1208,0.604,1.257482,1.625,1.222222,2.5,0,True,0.006
WS_26,WS,26,5,7,2000,1211,0.6055,1.223509,1.5,1.2,2.0,0,True,0.0038
WS_26,WS,26,5,8,2000,1210,0.605,1.255774,1.6,1.222222,2.5,0,True,0.0036
WS_26,WS,26,5,9,2000,1208,0.604,1.253586,1.583333,1.222222,2.25,0,True,0.0034
WS_26,WS,26,7,0,2000,1187,0.5935,1.275449,1.666667,1.25,3.0,0,True,0.004
WS_26,WS,26,7,1,2000,1185,0.5925,1.288259,1.666667,1.269697,2.5,0,True,0.005
WS_26,WS,26,7,2,2000,1183,0.5915,1.28016,1.666667,1.25,2.2,0,True,0.0105
WS_26,WS,26,7,3,2000,1186,0.593,1.295799,1.666667,1.272727,2.5,0,True,0.0115
WS_26,WS,26,7,4,2000,1184,0.592,1.296637,1.666667,1.272727,2.666667,0,True,0.0075
WS_26,WS,26,7,5,2000,1187,0.5935,1.254112,1.6,1.222222,2.5,0,True,0.0047
WS_26,WS,26,7,6,2000,1182,0.591,1.300155,1.666667,1.272727,3.0,0,True,0.0067
WS_26,WS,26,7,7,2000,1183,0.5915,1.269889,1.636364,1.25,2.75,0,True,0.0045
WS_26,WS,26,7,8,2000,1181,0.5905,1.286225,1.625,1.25,2.666667,0,True,0.005
WS_26,WS,26,7,9,2000,1181,0.5905,1.295339,1.666667,1.272727,4.5,0,True,0.0038
WS_27,WS,27,3,0,2000,1332,0.666,1.15466,1.401429,1.125,2.333333,0,True,0.0036
WS_27,WS,27,3,1,2000,1319,0.6595,1.172727,1.428571,1.142857,2.0,0,True,0.0042
WS_27,WS,27,3,2,2000,1319,0.6595,1.165817,1.428571,1.142857,3.0,0,True,0.0036
WS_27,WS,27,3,3,2000,1328,0.664,1.162152,1.429365,1.129167,2.0,0,True,0.0025
WS_27,WS,27,3,4,2000,1315,0.6575,1.164724,1.417262,1.142857,3.0,0,True,0.0031
WS_27,WS,27,3,5,2000,1310,0.655,1.177361,1.429365,1.142857,2.0,0,True,0.0148
WS_27,WS,27,3,6,2000,1336,0.668,1.1448,1.375,1.125,2.0,0,True,0.003
WS_27,WS,27,3,7,2000,1330,0.665,1.167765,1.444444,1.142857,3.0,0,True,0.0031
WS_27,WS,27,3,8,2000,1343,0.6715,1.153151,1.400833,1.125,2.0,0,True,0.003
WS_27,WS,27,3,9,2000,1318,0.659,1.148291,1.428571,1.111111,2.0,0,True,0.003
WS_27,WS,27,5,0,2000,1221,0.6105,1.238688,1.60125,1.2,2.4,0,True,0.0034
WS_27,WS,27,5,1,2000,1227,0.6135,1.225168,1.502273,1.2,3.0,0,True,0.0055
WS_27,WS,27,5,2,2000,1225,0.6125,1.242943,1.571429,1.222222,4.0,0,True,0.0095
WS_27,WS,27,5,3,2000,1232,0.616,1.222271,1.5,1.2,2.4,0,True,0.0072
WS_27,WS,27,5,4,2000,1228,0.614,1.231246,1.571429,1.2,2.75,0,True,0.006
WS_27,WS,27,5,5,2000,1222,0.611,1.231661,1.571429,1.2,3.0,0,True,0.0031
WS_27,WS,27,5,6,2000,1222,0.611,1.248909,1.571429,1.222222,4.0,0,True,0.004
WS_27,WS,27,5,7,2000,1225,0.6125,1.237791,1.571429,1.2,2.666667,0,True,0.0045
WS_27,WS,27,5,8,2000,1223,0.6115,1.234693,1.5,1.222222,3.0,0,True,0.0035
WS_27,WS,27,5,9,2000,1227,0.6135,1.219156,1.571429,1.2,2.0,0,True,0.0045
WS_27,WS,27,7,0,2000,1203,0.6015,1.274876,1.666667,1.25,3.0,0,True,0.005
WS_27,WS,27,7,1,2000,1208,0.604,1.271601,1.666667,1.25,2.25,0,True,0.0045
WS_27,WS,27,7,2,2000,1200,0.6,1.253756,1.6,1.222222,3.0,0,True,0.007
WS_27,WS,27,7,3,2000,1203,0.6015,1.254747,1.666667,1.222222,3.0,0,True,0.0055
WS_27,WS,27,7,4,2000,1206,0.603,1.25407,1.625,1.222222,2.5,0,True,0.007
WS_27,WS,27,7,5,2000,1204,0.602,1.257135,1.6,1.222222,2.666667,0,True,0.005
WS_27,WS,27,7,6,2000,1203,0.6015,1.265952,1.625568,1.25,2.25,0,True,0.005
WS_27,WS,27,7,7,2000,1202,0.601,1.269329,1.625,1.25,3.0,0,True,0.005
WS_27,WS,27,7,8,2000,1202,0.601,1.269514,1.666667,1.222222,2.8,0,True,0.0053
WS_27,WS,27,7,9,2000,1205,0.6025,1.253639,1.6,1.222222,2.333333,0,True,0.0057
WS_28,WS,28,3,0,2000,1314,0.657,1.164855,1.428571,1.125,2.0,0,True,0.0095
WS_28,WS,28,3,1,2000,1320,0.66,1.168917,1.428571,1.142857,2.0,0,True,0.0095
WS_28,WS,28,3,2,2000,1318,0.659,1.166539,1.417262,1.142857,1.8,0,True,0.0166
WS_28,WS,28,3,3,2000,1306,0.653,1.178276,1.444444,1.142857,2.0,0,True,0.0035
WS_28,WS,28,3,4,2000,1304,0.652,1.180503,1.5,1.166667,2.0,0,True,0.004
WS_28,WS,28,3,5,2000,1308,0.654,1.184255,1.429365,1.166667,2.0,0,True,0.0068
WS_28,WS,28,3,6,2000,1318,0.659,1.16045,1.428571,1.125,2.333333,0,True,0.006
WS_28,WS,28,3,7,2000,1308,0.654,1.18012,1.456818,1.160256,2.0,0,True,0.0025
WS_28,WS,28,3,8,2000,1325,0.6625,1.162548,1.428571,1.125,2.0,0,True,0.004
WS_28,WS,28,3,9,2000,1301,0.6505,1.180474,1.429365,1.166667,2.0,0,True,0.003
WS_28,WS,28,5,0,2000,1217,0.6085,1.244977,1.571429,1.222222,2.333333,0,True,0.0035
WS_28,WS,28,5,1,2000,1214,0.607,1.247267,1.571429,1.222222,2.5,0,True,0.0066
WS_28,WS,28,5,2,2000,1211,0.6055,1.244042,1.571429,1.222222,5.0,0,True,0.0069
WS_28,WS,28,5,3,2000,1209,0.6045,1.240423,1.6,1.2,5.0,0,True,0.0063
WS_28,WS,28,5,4,2000,1212,0.606,1.220206,1.571429,1.2,2.0,0,True,0.0051
WS_28,WS,28,5,5,2000,1210,0.605,1.2557,1.625,1.222222,2.5,0,True,0.0051
WS_28,WS,28,5,6,2000,1209,0.6045,1.240224,1.6,1.222222,3.0,0,True,0.0056
WS_28,WS,28,5,7,2000,1215,0.6075,1.221808,1.571429,1.181818,5.0,0,True,0.0045
WS_28,WS,28,5,8,2000,1206,0.603,1.249692,1.6,1.222222,2.333333,0,True,0.0105
WS_28,WS,28,5,9,2000,1215,0.6075,1.251061,1.6,1.222222,3.0,0,True,0.0105
WS_28,WS,28,7,0,2000,1189,0.5945,1.273726,1.625,1.25,2.5,0,True,0.0093
WS_28,WS,28,7,1,2000,1187,0.5935,1.308365,1.714286,1.272727,4.0,0,True,0.006
WS_28,WS,28,7,2,2000,1191,0.5955,1.273599,1.666667,1.230769,3.5,0,True,0.0067
WS_28,WS,28,7,3,2000,1188,0.594,1.283806,1.666667,1.25,3.0,0,True,0.006
WS_28,WS,28,7,4,2000,1190,0.595,1.268609,1.666667,1.25,3.0,0,True,0.0085
WS_28,WS,28,7,5,2000,1191,0.5955,1.275628,1.627083,1.25,3.0,0,True,0.0083
WS_28,WS,28,7,6,2000,1194,0.597,1.286386,1.666667,1.25,4.0,0,True,0.006
WS_28,WS,28,7,7,2000,1191,0.5955,1.287191,1.666667,1.25,2.75,0,True,0.013
WS_28,WS,28,7,8,2000,1189,0.5945,1.306614,1.714286,1.272727,3.0,0,True,0.0056
WS_28,WS,28,7,9,2000,1190,0.595,1.286038,1.700714,1.25,3.333333,0,True,0.0086
WS_29,WS,29,3,0,2000,1310,0.655,1.180189,1.444444,1.166667,3.0,0,True,0.0059
WS_29,WS,29,3,1,2000,1318,0.659,1.160902,1.428571,1.125,3.0,0,True,0.0085
WS_29,WS,29,3,2,2000,1319,0.6595,1.155293,1.429365,1.125,2.0,0,True,0.0083
WS_29,WS,29,3,3,2000,1312,0.656,1.17922,1.5,1.142857,2.0,0,True,0.005
WS_29,WS,29,3,4,2000,1317,0.6585,1.155854,1.444444,1.125,3.0,0,True,0.003
WS_29,WS,29,3,5,2000,1325,0.6625,1.163723,1.444444,1.125,3.0,0,True,0.0055
WS_29,WS,29,3,6,2000,1301,0.6505,1.172798,1.444444,1.142857,3.0,0,True,0.0036
WS_29,WS,29,3,7,2000,1317,0.6585,1.158934,1.428571,1.125,3.0,0,True,0.005
WS_29,WS,29,3,8,2000,1326,0.663,1.154269,1.4,1.125,2.0,0,True,0.0064
WS_29,WS,29,3,9,2000,1311,0.6555,1.157302,1.4,1.125,3.0,0,True,0.0036
WS_29,WS,29,5,0,2000,1217,0.6085,1.240613,1.571429,1.222222,5.0,0,True,0.0044
WS_29,WS,29,5,1,2000,1219,0.6095,1.245075,1.571429,1.222222,4.0,0,True,0.0061
WS_29,WS,29,5,2,2000,1212,0.606,1.248945,1.6,1.222222,3.0,0,True,0.0067
WS_29,WS,29,5,3,2000,1216,0.608,1.260827,1.60125,1.222222,4.0,0,True,0.0107
WS_29,WS,29,5,4,2000,1214,0.607,1.256287,1.6,1.222222,4.0,0,True,0.006
WS_29,WS,29,5,5,2000,1220,0.61,1.229972,1.571429,1.2,4.0,0,True,0.003
WS_29,WS,29,5,6,2000,1221,0.6105,1.243456,1.6,1.2,3.0,0,True,0.0035
WS_29,WS,29,5,7,2000,1220,0.61,1.241671,1.571429,1.2,3.0,0,True,0.0085
WS_29,WS,29,5,8,2000,1215,0.6075,1.239705,1.6,1.2,5.0,0,True,0.011
WS_29,WS,29,5,9,2000,1212,0.606,1.236632,1.625,1.2,3.0,0,True,0.008
WS_29,WS,29,7,0,2000,1193,0.5965,1.278446,1.75,1.222222,3.0,0,True,0.0095
WS_29,WS,29,7,1,2000,1195,0.5975,1.263829,1.6,1.25,5.0,0,True,0.0082
WS_29,WS,29,7,2,2000,1195,0.5975,1.278018,1.625,1.25,4.0,0,True,0.0065
WS_29,WS,29,7,3,2000,1190,0.595,1.295986,1.700714,1.25,2.5,0,True,0.0082
WS_29,WS,29,7,4,2000,1197,0.5985,1.278589,1.625,1.25,4.0,0,True,0.0097
WS_29,WS,29,7,5,2000,1188,0.594,1.291575,1.666667,1.25,4.0,0,True,0.0076
WS_29,WS,29,7,6,2000,1195,0.5975,1.295691,1.666667,1.25,6.0,0,True,0.0085
WS_29,WS,29,7,7,2000,1191,0.5955,1.267144,1.625,1.222222,7.0,0,True,0.007
WS_29,WS,29,7,8,2000,1190,0.595,1.294324,1.714286,1.25,6.0,0,True,0.0073
WS_29,WS,29,7,9,2000,1194,0.597,1.269907,1.666667,1.222222,4.0,0,True,0.0135
ER_00,ER,0,3,0,2127,2087,0.981194,1.011277,1.0,1.0,1.666667,0,True,0.0135
ER_00,ER,0,3,1,2127,2087,0.981194,1.010048,1.0,1.0,1.666667,0,True,0.0096
ER_00,ER,0,3,2,2127,2088,0.981664,1.009627,1.0,1.0,1.5,0,True,0.0102
ER_00,ER,0,3,3,2127,2087,0.981194,1.007432,1.0,1.0,1.4,0,True,0.0095
ER_00,ER,0,3,4,2127,2087,0.981194,1.005196,1.0,1.0,1.5,0,True,0.0081
ER_00,ER,0,3,5,2127,2086,0.980724,1.008492,1.0,1.0,1.5,0,True,0.0096
ER_00,ER,0,3,6,2127,2089,0.982134,1.008598,1.0,1.0,1.5,0,True,0.0057
ER_00,ER,0,3,7,2127,2088,0.981664,1.009751,1.0,1.0,1.666667,0,True,0.0071
ER_00,ER,0,3,8,2127,2086,0.980724,1.009851,1.0,1.0,1.4,0,True,0.0061
ER_00,ER,0,3,9,2127,2087,0.981194,1.007836,1.0,1.0,1.5,0,True,0.0076
ER_00,ER,0,5,0,2127,1845,0.867419,1.13388,1.5,1.0,5.0,0,True,0.0363
ER_00,ER,0,5,1,2127,1834,0.862247,1.130825,1.505,1.0,3.0,0,True,0.027
ER_00,ER,0,5,2,2127,1841,0.865538,1.111424,1.5,1.0,3.0,0,True,0.0271
ER_00,ER,0,5,3,2127,1840,0.865068,1.119883,1.5,1.0,5.0,0,True,0.0284
ER_00,ER,0,5,4,2127,1849,0.869299,1.108708,1.5,1.0,3.0,0,True,0.0259
ER_00,ER,0,5,5,2127,1844,0.866949,1.125952,1.5,1.0,3.0,0,True,0.0541
ER_00,ER,0,5,6,2127,1840,0.865068,1.110903,1.5,1.0,3.0,0,True,0.0378
ER_00,ER,0,5,7,2127,1838,0.864128,1.131999,1.5,1.0,3.0,0,True,0.055
ER_00,ER,0,5,8,2127,1837,0.863658,1.124972,1.5,1.0,5.0,0,True,0.0372
ER_00,ER,0,5,9,2127,1834,0.862247,1.131111,1.5,1.0,5.0,0,True,0.0273
ER_00,ER,0,7,0,2127,1529,0.718853,1.341408,2.0,1.2,3.5,0,True,0.0652
ER_00,ER,0,7,1,2127,1524,0.716502,1.339086,2.0,1.2,6.0,0,True,0.0602
ER_00,ER,0,7,2,2127,1526,0.717442,1.359715,2.0,1.25,6.0,0,True,0.0558
ER_00,ER,0,7,3,2127,1534,0.721204,1.345422,2.0,1.25,6.0,0,True,0.0689
ER_00,ER,0,7,4,2127,1517,0.713211,1.349412,2.0,1.25,3.5,0,True,0.0548
ER_00,ER,0,7,5,2127,1529,0.718853,1.346309,2.0,1.25,4.0,0,True,0.0837
ER_00,ER,0,7,6,2127,1515,0.712271,1.364284,2.0,1.258333,7.0,0,True,0.1175
ER_00,ER,0,7,7,2127,1555,0.731077,1.33026,2.0,1.2,4.5,0,True,0.0763
ER_00,ER,0,7,8,2127,1523,0.716032,1.345868,2.0,1.25,6.0,0,True,0.0546
ER_00,ER,0,7,9,2127,1539,0.723554,1.338463,2.0,1.2,4.5,0,True,0.0552
ER_01,ER,1,3,0,2038,1995,0.978901,1.012602,1.0,1.0,1.666667,0,True,0.0096
ER_01,ER,1,3,1,2038,1996,0.979392,1.010642,1.0,1.0,2.0,0,True,0.0097
ER_01,ER,1,3,2,2038,1995,0.978901,1.011052,1.0,1.0,1.666667,0,True,0.0096
ER_01,ER,1,3,3,2038,1997,0.979882,1.015068,1.166667,1.0,2.0,0,True,0.0065
ER_01,ER,1,3,4,2038,1996,0.979392,1.012685,1.0,1.0,2.0,0,True,0.0064
ER_01,ER,1,3,5,2038,1996,0.979392,1.014094,1.00625,1.0,2.0,0,True,0.006
ER_01,ER,1,3,6,2038,1998,0.980373,1.012366,1.0,1.0,2.0,0,True,0.006
ER_01,ER,1,3,7,2038,1994,0.97841,1.01056,1.0,1.0,1.666667,0,True,0.0098
ER_01,ER,1,3,8,2038,1996,0.979392,1.013569,1.166667,1.0,1.5,0,True,0.008
ER_01,ER,1,3,9,2038,1995,0.978901,1.012793,1.0,1.0,1.5,0,True,0.0101
ER_01,ER,1,5,0,2038,1804,0.885182,1.105963,1.5,1.0,3.0,0,True,0.033
ER_01,ER,1,5,1,2038,1810,0.888126,1.100109,1.5,1.0,4.0,0,True,0.0363
ER_01,ER,1,5,2,2038,1794,0.880275,1.112891,1.5,1.0,5.0,0,True,0.0609
ER_01,ER,1,5,3,2038,1809,0.887635,1.090212,1.5,1.0,2.5,0,True,0.0428
ER_01,ER,1,5,4,2038,1801,0.88371,1.092803,1.5,1.0,2.5,0,True,0.0371
ER_01,ER,1,5,5,2038,1803,0.884691,1.09905,1.5,1.0,3.0,0,True,0.0289
ER_01,ER,1,5,6,2038,1798,0.882237,1.100507,1.5,1.0,5.0,0,True,0.0316
ER_01,ER,1,5,7,2038,1802,0.8842,1.104698,1.5,1.0,3.0,0,True,0.03
ER_01,ER,1,5,8,2038,1802,0.8842,1.102346,1.5,1.0,3.0,0,True,0.0356
ER_01,ER,1,5,9,2038,1808,0.887144,1.10132,1.5,1.0,5.0,0,True,0.0349
ER_01,ER,1,7,0,2038,1524,0.747792,1.314611,2.0,1.2,6.0,0,True,0.0662
ER_01,ER,1,7,1,2038,1519,0.745339,1.321256,2.0,1.2,4.0,0,True,0.0452
ER_01,ER,1,7,2,2038,1524,0.747792,1.306947,1.8,1.2,6.0,0,True,0.0727
ER_01,ER,1,7,3,2038,1529,0.750245,1.293022,2.0,1.2,3.5,0,True,0.102
ER_01,ER,1,7,4,2038,1523,0.747301,1.307395,2.0,1.2,7.0,0,True,0.0674
ER_01,ER,1,7,5,2038,1526,0.748773,1.291596,2.0,1.2,3.0,0,True,0.068
ER_01,ER,1,7,6,2038,1518,0.744848,1.303914,1.8,1.2,7.0,0,True,0.0731
ER_01,ER,1,7,7,2038,1516,0.743867,1.310374,2.0,1.2,6.0,0,True,0.0522
ER_01,ER,1,7,8,2038,1532,0.751717,1.302968,2.0,1.2,5.0,0,True,0.0651
ER_01,ER,1,7,9,2038,1530,0.750736,1.299166,2.0,1.2,6.0,0,True,0.0654
ER_02,ER,2,3,0,1993,1941,0.973909,1.012176,1.142857,1.0,1.666667,0,True,0.008
ER_02,ER,2,3,1,1993,1944,0.975414,1.014044,1.166667,1.0,1.666667,0,True,0.0082
ER_02,ER,2,3,2,1993,1943,0.974912,1.0141,1.166667,1.0,1.666667,0,True,0.0075
ER_02,ER,2,3,3,1993,1942,0.97441,1.015817,1.166667,1.0,1.666667,0,True,0.0085
ER_02,ER,2,3,4,1993,1945,0.975916,1.010386,1.0,1.0,1.666667,0,True,0.0065
ER_02,ER,2,3,5,1993,1945,0.975916,1.014132,1.166667,1.0,1.666667,0,True,0.007
ER_02,ER,2,3,6,1993,1943,0.974912,1.016458,1.166667,1.0,1.666667,0,True,0.0125
ER_02,ER,2,3,7,1993,1942,0.97441,1.012972,1.005556,1.0,1.666667,0,True,0.0144
ER_02,ER,2,3,8,1993,1943,0.974912,1.015096,1.166667,1.0,1.666667,0,True,0.0125
ER_02,ER,2,3,9,1993,1943,0.974912,1.014703,1.166667,1.0,1.666667,0,True,0.0106
ER_02,ER,2,5,0,1993,1759,0.882589,1.116228,1.5,1.0,3.0,0,True,0.0325
ER_02,ER,2,5,1,1993,1755,0.880582,1.116811,1.5,1.0,3.0,0,True,0.0252
ER_02,ER,2,5,2,1993,1765,0.8856,1.09828,1.5,1.0,2.5,0,True,0.0301
ER_02,ER,2,5,3,1993,1764,0.885098,1.100266,1.5,1.0,2.5,0,True,0.0279
ER_02,ER,2,5,4,1993,1751,0.878575,1.099844,1.5,1.0,2.5,0,True,0.0273
ER_02,ER,2,5,5,1993,1759,0.882589,1.097204,1.5,1.0,2.5,0,True,0.0284
ER_02,ER,2,5,6,1993,1760,0.883091,1.094085,1.5,1.0,2.5,0,True,0.029
ER_02,ER,2,5,7,1993,1764,0.885098,1.102064,1.5,1.0,2.333333,0,True,0.0476
ER_02,ER,2,5,8,1993,1761,0.883593,1.106176,1.5,1.0,2.5,0,True,0.0751
ER_02,ER,2,5,9,1993,1763,0.884596,1.105355,1.5,1.0,3.0,0,True,0.0249
ER_02,ER,2,7,0,1993,1502,0.753638,1.283956,2.0,1.2,3.0,0,True,0.0522
ER_02,ER,2,7,1,1993,1515,0.760161,1.29209,2.0,1.2,4.0,0,True,0.053
ER_02,ER,2,7,2,1993,1502,0.753638,1.297621,2.0,1.2,3.0,0,True,0.0703
ER_02,ER,2,7,3,1993,1513,0.759157,1.279907,2.0,1.2,4.0,0,True,0.0636
ER_02,ER,2,7,4,1993,1511,0.758154,1.284543,1.8,1.2,3.666667,0,True,0.0643
ER_02,ER,2,7,5,1993,1502,0.753638,1.304701,2.0,1.2,7.0,0,True,0.0574
ER_02,ER,2,7,6,1993,1510,0.757652,1.307566,2.0,1.2,4.0,0,True,0.063
ER_02,ER,2,7,7,1993,1504,0.754641,1.296912,2.0,1.2,7.0,0,True,0.0627
ER_02,ER,2,7,8,1993,1501,0.753136,1.320906,2.0,1.2,7.0,0,True,0.0898
ER_02,ER,2,7,9,1993,1506,0.755645,1.302496,1.8,1.2,7.0,0,True,0.0745
ER_03,ER,3,3,0,2000,1954,0.977,1.014395,1.166667,1.0,1.5,0,True,0.0078
ER_03,ER,3,3,1,2000,1956,0.978,1.012697,1.003125,1.0,1.666667,0,True,0.007
ER_03,ER,3,3,2,2000,1954,0.977,1.011343,1.0,1.0,2.0,0,True,0.0047
ER_03,ER,3,3,3,2000,1955,0.9775,1.012924,1.091364,1.0,1.5,0,True,0.007
ER_03,ER,3,3,4,2000,1955,0.9775,1.01279,1.10125,1.0,1.666667,0,True,0.0077
ER_03,ER,3,3,5,2000,1953,0.9765,1.011665,1.0,1.0,2.0,0,True,0.0087
ER_03,ER,3,3,6,2000,1954,0.977,1.012955,1.003125,1.0,2.0,0,True,0.0086
ER_03,ER,3,3,7,2000,1956,0.978,1.011458,1.0,1.0,2.0,0,True,0.0098
ER_03,ER,3,3,8,2000,1956,0.978,1.011632,1.003125,1.0,1.5,0,True,0.0072
ER_03,ER,3,3,9,2000,1955,0.9775,1.012097,1.0,1.0,1.666667,0,True,0.0086
ER_03,ER,3,5,0,2000,1779,0.8895,1.094604,1.5,1.0,2.5,0,True,0.0413
ER_03,ER,3,5,1,2000,1770,0.885,1.10993,1.5,1.0,3.0,0,True,0.033
ER_03,ER,3,5,2,2000,1774,0.887,1.093314,1.405,1.0,2.5,0,True,0.0297
ER_03,ER,3,5,3,2000,1784,0.892,1.103495,1.5,1.0,3.0,0,True,0.0283
ER_03,ER,3,5,4,2000,1776,0.888,1.102391,1.5,1.0,3.0,0,True,0.049
ER_03,ER,3,5,5,2000,1784,0.892,1.099852,1.5,1.0,3.0,0,True,0.0394
ER_03,ER,3,5,6,2000,1773,0.8865,1.101946,1.5,1.0,3.0,0,True,0.0367
ER_03,ER,3,5,7,2000,1773,0.8865,1.108742,1.5,1.0,2.5,0,True,0.0318
ER_03,ER,3,5,8,2000,1771,0.8855,1.099868,1.5,1.0,2.5,0,True,0.0295
ER_03,ER,3,5,9,2000,1769,0.8845,1.097996,1.5,1.0,2.5,0,True,0.028
ER_03,ER,3,7,0,2000,1509,0.7545,1.299319,2.0,1.2,4.0,0,True,0.065
ER_03,ER,3,7,1,2000,1525,0.7625,1.283,1.8,1.2,4.0,0,True,0.0469
ER_03,ER,3,7,2,2000,1518,0.759,1.293105,2.0,1.2,7.0,0,True,0.052
ER_03,ER,3,7,3,2000,1505,0.7525,1.29444,2.0,1.2,7.0,0,True,0.0467
ER_03,ER,3,7,4,2000,1516,0.758,1.311388,2.0,1.2,3.5,0,True,0.0467
ER_03,ER,3,7,5,2000,1523,0.7615,1.307339,2.0,1.2,7.0,0,True,0.0727
ER_03,ER,3,7,6,2000,1508,0.754,1.321038,2.0,1.2,3.5,0,True,0.0844
ER_03,ER,3,7,7,2000,1522,0.761,1.304255,2.0,1.2,3.0,0,True,0.0471
ER_03,ER,3,7,8,2000,1520,0.76,1.274743,2.0,1.2,3.5,0,True,0.0579
ER_03,ER,3,7,9,2000,1521,0.7605,1.301289,2.0,1.2,3.5,0,True,0.0496
ER_04,ER,4,3,0,1982,1943,0.980323,1.01021,1.0,1.0,2.0,0,True,0.006
ER_04,ER,4,3,1,1982,1944,0.980827,1.010069,1.0,1.0,2.0,0,True,0.0053
ER_04,ER,4,3,2,1982,1945,0.981332,1.01328,1.002174,1.0,1.666667,0,True,0.014
ER_04,ER,4,3,3,1982,1945,0.981332,1.008761,1.0,1.0,1.666667,0,True,0.005
ER_04,ER,4,3,4,1982,1945,0.981332,1.00971,1.0,1.0,2.0,0,True,0.005
ER_04,ER,4,3,5,1982,1945,0.981332,1.010719,1.0,1.0,1.666667,0,True,0.0061
ER_04,ER,4,3,6,1982,1945,0.981332,1.008851,1.0,1.0,1.666667,0,True,0.0051
ER_04,ER,4,3,7,1982,1944,0.980827,1.013427,1.0,1.0,2.0,0,True,0.0061
ER_04,ER,4,3,8,1982,1944,0.980827,1.010443,1.0,1.0,2.0,0,True,0.0055
ER_04,ER,4,3,9,1982,1944,0.980827,1.010652,1.0,1.0,2.0,0,True,0.0061
ER_04,ER,4,5,0,1982,1767,0.891524,1.091026,1.5,1.0,5.0,0,True,0.0197
ER_04,ER,4,5,1,1982,1769,0.892533,1.089425,1.4,1.0,3.0,0,True,0.026
ER_04,ER,4,5,2,1982,1777,0.896569,1.099902,1.5,1.0,4.0,0,True,0.022
ER_04,ER,4,5,3,1982,1760,0.887992,1.103535,1.5,1.0,5.0,0,True,0.051
ER_04,ER,4,5,4,1982,1761,0.888496,1.103969,1.5,1.0,5.0,0,True,0.0526
ER_04,ER,4,5,5,1982,1771,0.893542,1.099189,1.405,1.0,5.0,0,True,0.033
ER_04,ER,4,5,6,1982,1768,0.892028,1.081123,1.4,1.0,2.5,0,True,0.019
ER_04,ER,4,5,7,1982,1774,0.895055,1.09414,1.5,1.0,2.5,0,True,0.0201
ER_04,ER,4,5,8,1982,1763,0.889506,1.103462,1.5,1.0,4.0,0,True,0.02
ER_04,ER,4,5,9,1982,1774,0.895055,1.092738,1.5,1.0,5.0,0,True,0.019
ER_04,ER,4,7,0,1982,1520,0.766902,1.254856,1.75,1.166667,3.5,0,True,0.052
ER_04,ER,4,7,1,1982,1527,0.770434,1.278616,1.8,1.2,4.0,0,True,0.0471
ER_04,ER,4,7,2,1982,1522,0.767911,1.263787,1.8,1.166667,4.0,0,True,0.0516
ER_04,ER,4,7,3,1982,1514,0.763875,1.288246,1.8,1.2,4.0,0,True,0.0432
ER_04,ER,4,7,4,1982,1513,0.76337,1.264365,1.75,1.2,4.0,0,True,0.077
ER_04,ER,4,7,5,1982,1526,0.769929,1.279976,1.8,1.2,4.0,0,True,0.0625
ER_04,ER,4,7,6,1982,1525,0.769425,1.306846,2.0,1.2,7.0,0,True,0.1105
ER_04,ER,4,7,7,1982,1526,0.769929,1.270515,1.75,1.166667,7.0,0,True,0.0847
ER_04,ER,4,7,8,1982,1525,0.769425,1.268415,1.8,1.2,4.5,0,True,0.043
ER_04,ER,4,7,9,1982,1526,0.769929,1.274932,1.8,1.2,4.0,0,True,0.043
ER_05,ER,5,3,0,2044,2002,0.979452,1.012371,1.067879,1.0,1.666667,0,True,0.009
ER_05,ER,5,3,1,2044,2002,0.979452,1.011635,1.0,1.0,2.0,0,True,0.009
ER_05,ER,5,3,2,2044,2002,0.979452,1.012212,1.0,1.0,1.666667,0,True,0.0081
ER_05,ER,5,3,3,2044,2003,0.979941,1.013798,1.166667,1.0,1.666667,0,True,0.01
ER_05,ER,5,3,4,2044,2003,0.979941,1.012967,1.10125,1.0,1.666667,0,True,0.008
ER_05,ER,5,3,5,2044,2002,0.979452,1.012552,1.125893,1.0,1.666667,0,True,0.008
ER_05,ER,5,3,6,2044,2003,0.979941,1.011658,1.0,1.0,1.666667,0,True,0.01
ER_05,ER,5,3,7,2044,2003,0.979941,1.011575,1.0,1.0,1.666667,0,True,0.0093
ER_05,ER,5,3,8,2044,2002,0.979452,1.010543,1.0,1.0,2.0,0,True,0.0091
ER_05,ER,5,3,9,2044,2003,0.979941,1.01279,1.0,1.0,1.666667,0,True,0.008
ER_05,ER,5,5,0,2044,1800,0.880626,1.110804,1.5,1.0,5.0,0,True,0.031
ER_05,ER,5,5,1,2044,1809,0.885029,1.099674,1.5,1.0,2.5,0,True,0.0613
ER_05,ER,5,5,2,2044,1811,0.886008,1.097884,1.5,1.0,3.0,0,True,0.0575
ER_05,ER,5,5,3,2044,1802,0.881605,1.100828,1.5,1.0,2.5,0,True,0.0481
ER_05,ER,5,5,4,2044,1807,0.884051,1.102792,1.5,1.0,5.0,0,True,0.0368
ER_05,ER,5,5,5,2044,1799,0.880137,1.099127,1.5,1.0,3.0,0,True,0.031
ER_05,ER,5,5,6,2044,1808,0.88454,1.098939,1.5,1.0,5.0,0,True,0.0289
ER_05,ER,5,5,7,2044,1810,0.885519,1.108793,1.5,1.0,3.0,0,True,0.0201
ER_05,ER,5,5,8,2044,1800,0.880626,1.109352,1.5,1.0,5.0,0,True,0.021
ER_05,ER,5,5,9,2044,1796,0.878669,1.107496,1.405,1.0,5.0,0,True,0.0274
ER_05,ER,5,7,0,2044,1535,0.750978,1.303676,2.0,1.2,7.0,0,True,0.0706
ER_05,ER,5,7,1,2044,1532,0.749511,1.302918,2.0,1.2,3.5,0,True,0.0642
ER_05,ER,5,7,2,2044,1542,0.754403,1.302408,2.0,1.2,6.0,0,True,0.0576
ER_05,ER,5,7,3,2044,1528,0.747554,1.309996,2.0,1.2,5.0,0,True,0.0904
ER_05,ER,5,7,4,2044,1536,0.751468,1.281083,1.7525,1.2,3.5,0,True,0.0854
ER_05,ER,5,7,5,2044,1534,0.750489,1.314466,2.0,1.2,5.0,0,True,0.0458
ER_05,ER,5,7,6,2044,1532,0.749511,1.314576,2.0,1.2,5.0,0,True,0.0634
ER_05,ER,5,7,7,2044,1540,0.753425,1.295321,1.8,1.2,4.0,0,True,0.0646
ER_05,ER,5,7,8,2044,1532,0.749511,1.311713,2.0,1.2,3.5,0,True,0.0644
ER_05,ER,5,7,9,2044,1538,0.752446,1.295641,2.0,1.2,5.0,0,True,0.0565
ER_06,ER,6,3,0,1956,1920,0.981595,1.015226,1.007143,1.0,2.0,0,True,0.006
ER_06,ER,6,3,1,1956,1919,0.981084,1.013913,1.125893,1.0,1.666667,0,True,0.0056
ER_06,ER,6,3,2,1956,1920,0.981595,1.013619,1.0,1.0,2.0,0,True,0.006
ER_06,ER,6,3,3,1956,1919,0.981084,1.014718,1.166667,1.0,2.0,0,True,0.005
ER_06,ER,6,3,4,1956,1919,0.981084,1.01256,1.0,1.0,1.666667,0,True,0.0057
ER_06,ER,6,3,5,1956,1920,0.981595,1.011293,1.0,1.0,2.0,0,True,0.0049
ER_06,ER,6,3,6,1956,1920,0.981595,1.012079,1.0,1.0,2.0,0,True,0.0051
ER_06,ER,6,3,7,1956,1920,0.981595,1.015055,1.144048,1.0,2.0,0,True,0.005
ER_06,ER,6,3,8,1956,1920,0.981595,1.013746,1.0,1.0,2.0,0,True,0.017
ER_06,ER,6,3,9,1956,1920,0.981595,1.010157,1.0,1.0,1.666667,0,True,0.01
ER_06,ER,6,5,0,1956,1765,0.902352,1.08799,1.5,1.0,5.0,0,True,0.0401
ER_06,ER,6,5,1,1956,1753,0.896217,1.089858,1.405,1.0,2.333333,0,True,0.0278
ER_06,ER,6,5,2,1956,1759,0.899284,1.099044,1.5,1.0,5.0,0,True,0.0201
ER_06,ER,6,5,3,1956,1755,0.897239,1.102648,1.5,1.0,5.0,0,True,0.027
ER_06,ER,6,5,4,1956,1752,0.895706,1.109704,1.5,1.0,5.0,0,True,0.0309
ER_06,ER,6,5,5,1956,1756,0.897751,1.105143,1.5,1.0,3.0,0,True,0.0188
ER_06,ER,6,5,6,1956,1756,0.897751,1.102878,1.5,1.0,5.0,0,True,0.0366
ER_06,ER,6,5,7,1956,1759,0.899284,1.103337,1.5,1.0,5.0,0,True,0.023
ER_06,ER,6,5,8,1956,1764,0.90184,1.096009,1.5,1.0,2.5,0,True,0.027
ER_06,ER,6,5,9,1956,1760,0.899796,1.092847,1.5,1.0,5.0,0,True,0.0285
ER_06,ER,6,7,0,1956,1512,0.773006,1.278689,1.8,1.2,4.0,0,True,0.0638
ER_06,ER,6,7,1,1956,1506,0.769939,1.282692,2.0,1.2,3.5,0,True,0.1122
ER_06,ER,6,7,2,1956,1512,0.773006,1.296691,2.0,1.2,4.0,0,True,0.0912
ER_06,ER,6,7,3,1956,1509,0.771472,1.302041,2.0,1.2,4.0,0,True,0.0566
ER_06,ER,6,7,4,1956,1517,0.775562,1.292967,2.0,1.2,3.5,0,True,0.0725
ER_06,ER,6,7,5,1956,1516,0.775051,1.273894,1.8,1.2,4.0,0,True,0.0577
ER_06,ER,6,7,6,1956,1513,0.773517,1.305977,2.0,1.2,7.0,0,True,0.0581
ER_06,ER,6,7,7,1956,1523,0.77863,1.280604,2.0,1.2,7.0,0,True,0.0577
ER_06,ER,6,7,8,1956,1514,0.774029,1.297184,2.0,1.2,4.0,0,True,0.0601
ER_06,ER,6,7,9,1956,1516,0.775051,1.299157,2.0,1.2,7.0,0,True,0.0518
ER_07,ER,7,3,0,2024,1992,0.98419,1.009269,1.0,1.0,1.666667,0,True,0.006
ER_07,ER,7,3,1,2024,1992,0.98419,1.008342,1.0,1.0,2.0,0,True,0.006
ER_07,ER,7,3,2,2024,1991,0.983696,1.010235,1.0,1.0,2.0,0,True,0.007
ER_07,ER,7,3,3,2024,1993,0.984684,1.011083,1.0,1.0,2.0,0,True,0.007
ER_07,ER,7,3,4,2024,1992,0.98419,1.0101,1.0,1.0,1.5,0,True,0.006
ER_07,ER,7,3,5,2024,1992,0.98419,1.007426,1.0,1.0,1.666667,0,True,0.016
ER_07,ER,7,3,6,2024,1990,0.983202,1.006918,1.0,1.0,2.0,0,True,0.015
ER_07,ER,7,3,7,2024,1993,0.984684,1.010642,1.0,1.0,1.666667,0,True,0.012
ER_07,ER,7,3,8,2024,1993,0.984684,1.007417,1.0,1.0,1.5,0,True,0.019
ER_07,ER,7,3,9,2024,1993,0.984684,1.010825,1.0,1.0,2.0,0,True,0.006
ER_07,ER,7,5,0,2024,1782,0.880435,1.100842,1.5,1.0,3.0,0,True,0.0285
ER_07,ER,7,5,1,2024,1787,0.882905,1.114081,1.5,1.0,3.0,0,True,0.0238
ER_07,ER,7,5,2,2024,1789,0.883893,1.123398,1.5,1.0,3.0,0,True,0.024
ER_07,ER,7,5,3,2024,1781,0.879941,1.107456,1.5,1.0,3.0,0,True,0.0299
ER_07,ER,7,5,4,2024,1795,0.886858,1.113354,1.5,1.0,3.0,0,True,0.0214
ER_07,ER,7,5,5,2024,1787,0.882905,1.104665,1.5,1.0,3.0,0,True,0.0301
ER_07,ER,7,5,6,2024,1797,0.887846,1.104189,1.5,1.0,3.0,0,True,0.036
ER_07,ER,7,5,7,2024,1779,0.878953,1.121203,1.5,1.0,3.0,0,True,0.027
ER_07,ER,7,5,8,2024,1794,0.886364,1.100951,1.5,1.0,3.0,0,True,0.056
ER_07,ER,7,5,9,2024,1792,0.885375,1.113579,1.5,1.0,5.0,0,True,0.048
ER_07,ER,7,7,0,2024,1514,0.748024,1.316384,2.0,1.2,4.0,0,True,0.0815
ER_07,ER,7,7,1,2024,1519,0.750494,1.331902,2.0,1.25,6.0,0,True,0.0705
ER_07,ER,7,7,2,2024,1505,0.743577,1.33198,2.0,1.225,7.0,0,True,0.0739
ER_07,ER,7,7,3,2024,1522,0.751976,1.321979,2.0,1.25,3.5,0,True,0.0705
ER_07,ER,7,7,4,2024,1509,0.745553,1.320402,2.0,1.2,6.0,0,True,0.0665
ER_07,ER,7,7,5,2024,1523,0.75247,1.302219,2.0,1.2,5.0,0,True,0.0787
ER_07,ER,7,7,6,2024,1510,0.746047,1.345862,2.0,1.25,7.0,0,True,0.0683
ER_07,ER,7,7,7,2024,1509,0.745553,1.318812,2.0,1.2,7.0,0,True,0.0746
ER_07,ER,7,7,8,2024,1528,0.754941,1.303013,2.0,1.2,3.5,0,True,0.0695
ER_07,ER,7,7,9,2024,1506,0.744071,1.33454,2.0,1.25,6.0,0,True,0.1262
ER_08,ER,8,3,0,1985,1944,0.979345,1.010751,1.0,1.0,1.666667,0,True,0.023
ER_08,ER,8,3,1,1985,1943,0.978841,1.010771,1.0,1.0,1.5,0,True,0.0079
ER_08,ER,8,3,2,1985,1942,0.978338,1.012731,1.0,1.0,1.666667,0,True,0.005
ER_08,ER,8,3,3,1985,1945,0.979849,1.011738,1.0,1.0,2.0,0,True,0.011
ER_08,ER,8,3,4,1985,1941,0.977834,1.013752,1.144048,1.0,2.0,0,True,0.005
ER_08,ER,8,3,5,1985,1944,0.979345,1.013336,1.090909,1.0,1.666667,0,True,0.006
ER_08,ER,8,3,6,1985,1945,0.979849,1.011422,1.0,1.0,1.666667,0,True,0.0054
ER_08,ER,8,3,7,1985,1944,0.979345,1.011307,1.0,1.0,1.666667,0,True,0.0059
ER_08,ER,8,3,8,1985,1942,0.978338,1.012266,1.080545,1.0,1.666667,0,True,0.0051
ER_08,ER,8,3,9,1985,1944,0.979345,1.013014,1.0,1.0,1.666667,0,True,0.0051
ER_08,ER,8,5,0,1985,1753,0.883123,1.099907,1.5,1.0,2.5,0,True,0.021
ER_08,ER,8,5,1,1985,1757,0.885139,1.103833,1.5,1.0,2.5,0,True,0.0231
ER_08,ER,8,5,2,1985,1768,0.89068,1.088139,1.5,1.0,2.333333,0,True,0.02
ER_08,ER,8,5,3,1985,1759,0.886146,1.10271,1.5,1.0,2.5,0,True,0.03
ER_08,ER,8,5,4,1985,1757,0.885139,1.09818,1.5,1.0,2.5,0,True,0.028
ER_08,ER,8,5,5,1985,1763,0.888161,1.104562,1.5,1.0,2.5,0,True,0.025
ER_08,ER,8,5,6,1985,1766,0.889673,1.109128,1.5,1.0,3.0,0,True,0.025
ER_08,ER,8,5,7,1985,1762,0.887657,1.102465,1.5,1.0,3.0,0,True,0.029
ER_08,ER,8,5,8,1985,1768,0.89068,1.109496,1.5,1.0,3.0,0,True,0.047
ER_08,ER,8,5,9,1985,1762,0.887657,1.109463,1.5,1.0,2.5,0,True,0.0365
ER_08,ER,8,7,0,1985,1519,0.765239,1.297401,2.0,1.2,7.0,0,True,0.0805
ER_08,ER,8,7,1,1985,1527,0.76927,1.29945,2.0,1.2,6.0,0,True,0.0465
ER_08,ER,8,7,2,1985,1510,0.760705,1.296131,2.0,1.2,3.5,0,True,0.047
ER_08,ER,8,7,3,1985,1504,0.757683,1.304699,2.0,1.2,4.0,0,True,0.0762
ER_08,ER,8,7,4,1985,1507,0.759194,1.308887,2.0,1.2,7.0,0,True,0.0565
ER_08,ER,8,7,5,1985,1520,0.765743,1.302592,2.0,1.2,3.5,0,True,0.0661
ER_08,ER,8,7,6,1985,1516,0.763728,1.273002,1.8,1.2,3.0,0,True,0.0701
ER_08,ER,8,7,7,1985,1522,0.766751,1.280553,2.0,1.2,4.0,0,True,0.0648
ER_08,ER,8,7,8,1985,1524,0.767758,1.29701,2.0,1.2,7.0,0,True,0.0751
ER_08,ER,8,7,9,1985,1513,0.762217,1.319261,2.0,1.2,7.0,0,True,0.0898
ER_09,ER,9,3,0,1995,1955,0.97995,1.009452,1.0,1.0,1.666667,0,True,0.0105
ER_09,ER,9,3,1,1995,1956,0.980451,1.00912,1.0,1.0,1.666667,0,True,0.007
ER_09,ER,9,3,2,1995,1956,0.980451,1.012094,1.0,1.0,1.666667,0,True,0.0066
ER_09,ER,9,3,3,1995,1955,0.97995,1.008476,1.0,1.0,1.666667,0,True,0.007
ER_09,ER,9,3,4,1995,1955,0.97995,1.01249,1.0,1.0,1.666667,0,True,0.0071
ER_09,ER,9,3,5,1995,1956,0.980451,1.008778,1.0,1.0,1.666667,0,True,0.0085
ER_09,ER,9,3,6,1995,1956,0.980451,1.007162,1.0,1.0,1.666667,0,True,0.007
ER_09,ER,9,3,7,1995,1956,0.980451,1.010183,1.0,1.0,1.666667,0,True,0.006
ER_09,ER,9,3,8,1995,1955,0.97995,1.008307,1.0,1.0,1.666667,0,True,0.0075
ER_09,ER,9,3,9,1995,1957,0.980952,1.010786,1.0,1.0,1.666667,0,True,0.007
ER_09,ER,9,5,0,1995,1771,0.887719,1.099013,1.5,1.0,3.0,0,True,0.0261
ER_09,ER,9,5,1,1995,1766,0.885213,1.100786,1.5,1.0,4.0,0,True,0.025
ER_09,ER,9,5,2,1995,1770,0.887218,1.100338,1.5,1.0,3.0,0,True,0.021
ER_09,ER,9,5,3,1995,1777,0.890727,1.097808,1.5,1.0,3.0,0,True,0.0219
ER_09,ER,9,5,4,1995,1767,0.885714,1.103243,1.5,1.0,3.0,0,True,0.023
ER_09,ER,9,5,5,1995,1776,0.890226,1.08851,1.4,1.0,2.333333,0,True,0.041
ER_09,ER,9,5,6,1995,1768,0.886216,1.106978,1.5,1.0,3.0,0,True,0.044
ER_09,ER,9,5,7,1995,1774,0.889223,1.092476,1.5,1.0,5.0,0,True,0.039
ER_09,ER,9,5,8,1995,1774,0.889223,1.110669,1.5,1.0,3.0,0,True,0.032
ER_09,ER,9,5,9,1995,1773,0.888722,1.100492,1.5,1.0,4.0,0,True,0.02
ER_09,ER,9,7,0,1995,1526,0.764912,1.302619,2.0,1.2,7.0,0,True,0.0481
ER_09,ER,9,7,1,1995,1521,0.762406,1.288222,1.81,1.2,4.0,0,True,0.0447
ER_09,ER,9,7,2,1995,1526,0.764912,1.294193,2.0,1.2,4.0,0,True,0.0516
ER_09,ER,9,7,3,1995,1516,0.7599,1.302291,2.0,1.2,7.0,0,True,0.0489
ER_09,ER,9,7,4,1995,1529,0.766416,1.308221,2.0,1.2,4.0,0,True,0.0459
ER_09,ER,9,7,5,1995,1534,0.768922,1.295538,2.0,1.2,5.0,0,True,0.048
ER_09,ER,9,7,6,1995,1527,0.765414,1.27114,1.8,1.2,4.0,0,True,0.0482
ER_09,ER,9,7,7,1995,1525,0.764411,1.291716,2.0,1.2,3.5,0,True,0.0696
ER_09,ER,9,7,8,1995,1515,0.759398,1.323671,2.0,1.2,4.0,0,True,0.0893
ER_09,ER,9,7,9,1995,1517,0.760401,1.300114,2.0,1.2,7.0,0,True,0.0637
ER_10,ER,10,3,0,2000,1955,0.9775,1.013358,1.1,1.0,1.666667,0,True,0.0097
ER_10,ER,10,3,1,2000,1953,0.9765,1.019115,1.2,1.0,1.666667,0,True,0.0127
ER_10,ER,10,3,2,2000,1955,0.9775,1.019068,1.166667,1.0,2.0,0,True,0.0086
ER_10,ER,10,3,3,2000,1955,0.9775,1.015258,1.068333,1.0,2.0,0,True,0.012
ER_10,ER,10,3,4,2000,1955,0.9775,1.014082,1.068333,1.0,2.0,0,True,0.0071
ER_10,ER,10,3,5,2000,1956,0.978,1.01816,1.166667,1.0,2.0,0,True,0.0081
ER_10,ER,10,3,6,2000,1954,0.977,1.015558,1.166667,1.0,1.666667,0,True,0.0059
ER_10,ER,10,3,7,2000,1953,0.9765,1.020026,1.166667,1.0,2.0,0,True,0.0061
ER_10,ER,10,3,8,2000,1956,0.978,1.015513,1.166667,1.0,1.666667,0,True,0.006
ER_10,ER,10,3,9,2000,1954,0.977,1.015708,1.166667,1.0,2.0,0,True,0.0082
ER_10,ER,10,5,0,2000,1776,0.888,1.116614,1.5,1.0,4.0,0,True,0.022
ER_10,ER,10,5,1,2000,1773,0.8865,1.112881,1.5,1.0,4.0,0,True,0.0259
ER_10,ER,10,5,2,2000,1769,0.8845,1.099689,1.5,1.0,3.0,0,True,0.0278
ER_10,ER,10,5,3,2000,1755,0.8775,1.122789,1.5,1.0,5.0,0,True,0.057
ER_10,ER,10,5,4,2000,1771,0.8855,1.112861,1.5,1.0,5.0,0,True,0.047
ER_10,ER,10,5,5,2000,1773,0.8865,1.117785,1.5,1.0,4.0,0,True,0.0381
ER_10,ER,10,5,6,2000,1763,0.8815,1.098964,1.5,1.0,4.0,0,True,0.0347
ER_10,ER,10,5,7,2000,1765,0.8825,1.120393,1.5,1.0,3.0,0,True,0.0383
ER_10,ER,10,5,8,2000,1770,0.885,1.106156,1.5,1.0,3.0,0,True,0.0241
ER_10,ER,10,5,9,2000,1781,0.8905,1.1133,1.5,1.0,3.0,0,True,0.0301
ER_10,ER,10,7,0,2000,1503,0.7515,1.346296,2.0,1.2,7.0,0,True,0.0487
ER_10,ER,10,7,1,2000,1512,0.756,1.316152,2.0,1.2,6.0,0,True,0.049
ER_10,ER,10,7,2,2000,1498,0.749,1.321596,2.0,1.2,4.0,0,True,0.049
ER_10,ER,10,7,3,2000,1509,0.7545,1.313587,2.0,1.2,6.0,0,True,0.0575
ER_10,ER,10,7,4,2000,1495,0.7475,1.311023,2.0,1.2,4.0,0,True,0.0781
ER_10,ER,10,7,5,2000,1513,0.7565,1.31986,2.0,1.2,6.0,0,True,0.1086
ER_10,ER,10,7,6,2000,1508,0.754,1.303038,2.0,1.2,3.5,0,True,0.0496
ER_10,ER,10,7,7,2000,1509,0.7545,1.30872,2.0,1.2,6.0,0,True,0.0582
ER_10,ER,10,7,8,2000,1505,0.7525,1.327325,2.0,1.2,6.0,0,True,0.0485
ER_10,ER,10,7,9,2000,1502,0.751,1.310291,2.0,1.2,4.0,0,True,0.0506
ER_11,ER,11,3,0,2057,2011,0.977637,1.013579,1.166667,1.0,1.666667,0,True,0.006
ER_11,ER,11,3,1,2057,2011,0.977637,1.016693,1.2,1.0,2.0,0,True,0.006
ER_11,ER,11,3,2,2057,2010,0.977151,1.015395,1.166667,1.0,1.666667,0,True,0.0061
ER_11,ER,11,3,3,2057,2011,0.977637,1.01626,1.2,1.0,1.666667,0,True,0.006
ER_11,ER,11,3,4,2057,2010,0.977151,1.01566,1.166667,1.0,1.5,0,True,0.007
ER_11,ER,11,3,5,2057,2011,0.977637,1.015769,1.2,1.0,1.666667,0,True,0.006
ER_11,ER,11,3,6,2057,2011,0.977637,1.014943,1.2,1.0,1.5,0,True,0.0082
ER_11,ER,11,3,7,2057,2010,0.977151,1.016976,1.2,1.0,1.666667,0,True,0.0102
ER_11,ER,11,3,8,2057,2009,0.976665,1.013333,1.008333,1.0,1.666667,0,True,0.0066
ER_11,ER,11,3,9,2057,2010,0.977151,1.01406,1.166667,1.0,2.0,0,True,0.006
ER_11,ER,11,5,0,2057,1820,0.884784,1.107846,1.5,1.0,3.0,0,True,0.0556
ER_11,ER,11,5,1,2057,1805,0.877491,1.112518,1.5,1.0,3.0,0,True,0.0634
ER_11,ER,11,5,2,2057,1810,0.879922,1.109774,1.5,1.0,3.0,0,True,0.0405
ER_11,ER,11,5,3,2057,1809,0.879436,1.120711,1.5,1.0,3.0,0,True,0.028
ER_11,ER,11,5,4,2057,1824,0.886728,1.092004,1.4,1.0,3.0,0,True,0.026
ER_11,ER,11,5,5,2057,1822,0.885756,1.099837,1.5,1.0,2.5,0,True,0.0274
ER_11,ER,11,5,6,2057,1813,0.881381,1.107628,1.5,1.0,2.5,0,True,0.021
ER_11,ER,11,5,7,2057,1817,0.883325,1.100217,1.5,1.0,3.0,0,True,0.0271
ER_11,ER,11,5,8,2057,1810,0.879922,1.105049,1.5,1.0,2.666667,0,True,0.028
ER_11,ER,11,5,9,2057,1811,0.880408,1.113554,1.5,1.0,3.0,0,True,0.024
ER_11,ER,11,7,0,2057,1542,0.749635,1.306021,2.0,1.2,3.5,0,True,0.0515
ER_11,ER,11,7,1,2057,1555,0.755955,1.32334,2.0,1.2,6.0,0,True,0.0523
ER_11,ER,11,7,2,2057,1537,0.747205,1.350492,2.0,1.285714,7.0,0,True,0.0639
ER_11,ER,11,7,3,2057,1548,0.752552,1.321077,2.0,1.2,7.0,0,True,0.0819
ER_11,ER,11,7,4,2057,1548,0.752552,1.322534,2.0,1.2,7.0,0,True,0.1098
ER_11,ER,11,7,5,2057,1541,0.749149,1.30698,2.0,1.2,6.0,0,True,0.1011
ER_11,ER,11,7,6,2057,1546,0.75158,1.310411,2.0,1.2,4.0,0,True,0.0801
ER_11,ER,11,7,7,2057,1550,0.753525,1.32113,2.0,1.2,7.0,0,True,0.053
ER_11,ER,11,7,8,2057,1541,0.749149,1.310212,2.0,1.2,3.5,0,True,0.0575
ER_11,ER,11,7,9,2057,1543,0.750122,1.314531,2.0,1.2,3.5,0,True,0.053
ER_12,ER,12,3,0,2068,2024,0.978723,1.013191,1.0,1.0,1.666667,0,True,0.0111
ER_12,ER,12,3,1,2068,2024,0.978723,1.018979,1.2,1.0,3.0,0,True,0.0087
ER_12,ER,12,3,2,2068,2023,0.97824,1.013372,1.144048,1.0,1.666667,0,True,0.0081
ER_12,ER,12,3,3,2068,2026,0.979691,1.01486,1.094697,1.0,1.666667,0,True,0.0178
ER_12,ER,12,3,4,2068,2024,0.978723,1.01476,1.0,1.0,3.0,0,True,0.006
ER_12,ER,12,3,5,2068,2022,0.977756,1.015756,1.2,1.0,2.0,0,True,0.0061
ER_12,ER,12,3,6,2068,2025,0.979207,1.012375,1.0,1.0,1.666667,0,True,0.0071
ER_12,ER,12,3,7,2068,2023,0.97824,1.014921,1.0,1.0,3.0,0,True,0.0171
ER_12,ER,12,3,8,2068,2023,0.97824,1.013086,1.093506,1.0,1.666667,0,True,0.0172
ER_12,ER,12,3,9,2068,2025,0.979207,1.013522,1.0,1.0,1.666667,0,True,0.012
ER_12,ER,12,5,0,2068,1806,0.873308,1.113617,1.5,1.0,3.0,0,True,0.0421
ER_12,ER,12,5,1,2068,1816,0.878143,1.108423,1.5,1.0,3.0,0,True,0.0301
ER_12,ER,12,5,2,2068,1817,0.878627,1.108944,1.5,1.0,2.333333,0,True,0.0305
ER_12,ER,12,5,3,2068,1820,0.880077,1.117706,1.5,1.0,5.0,0,True,0.0245
ER_12,ER,12,5,4,2068,1808,0.874275,1.115785,1.5,1.0,5.0,0,True,0.0291
ER_12,ER,12,5,5,2068,1813,0.876692,1.110706,1.5,1.0,3.0,0,True,0.0231
ER_12,ER,12,5,6,2068,1821,0.880561,1.095104,1.5,1.0,3.0,0,True,0.0319
ER_12,ER,12,5,7,2068,1829,0.884429,1.106427,1.5,1.0,3.0,0,True,0.0341
ER_12,ER,12,5,8,2068,1811,0.875725,1.111697,1.5,1.0,2.5,0,True,0.028
ER_12,ER,12,5,9,2068,1815,0.87766,1.123327,1.5,1.0,5.0,0,True,0.035
ER_12,ER,12,7,0,2068,1534,0.741779,1.319758,2.0,1.2,4.0,0,True,0.0956
ER_12,ER,12,7,1,2068,1536,0.742747,1.336191,2.0,1.2,6.0,0,True,0.1194
ER_12,ER,12,7,2,2068,1534,0.741779,1.326523,2.0,1.2,6.0,0,True,0.0823
ER_12,ER,12,7,3,2068,1534,0.741779,1.326657,2.0,1.2,4.5,0,True,0.0707
ER_12,ER,12,7,4,2068,1518,0.734043,1.324302,2.0,1.2,7.0,0,True,0.0698
ER_12,ER,12,7,5,2068,1539,0.744197,1.340759,2.0,1.2,7.0,0,True,0.0648
ER_12,ER,12,7,6,2068,1536,0.742747,1.327451,2.0,1.2,7.0,0,True,0.0691
ER_12,ER,12,7,7,2068,1526,0.737911,1.328743,2.0,1.2,7.0,0,True,0.0508
ER_12,ER,12,7,8,2068,1541,0.745164,1.309525,2.0,1.2,7.0,0,True,0.0586
ER_12,ER,12,7,9,2068,1538,0.743714,1.318666,2.0,1.2,7.0,0,True,0.0696
ER_13,ER,13,3,0,2060,2016,0.978641,1.013141,1.166667,1.0,1.666667,0,True,0.0059
ER_13,ER,13,3,1,2060,2018,0.979612,1.009233,1.0,1.0,1.666667,0,True,0.0079
ER_13,ER,13,3,2,2060,2017,0.979126,1.015435,1.166667,1.0,2.0,0,True,0.016
ER_13,ER,13,3,3,2060,2018,0.979612,1.013758,1.0,1.0,2.0,0,True,0.0131
ER_13,ER,13,3,4,2060,2017,0.979126,1.013126,1.0,1.0,1.666667,0,True,0.011
ER_13,ER,13,3,5,2060,2020,0.980583,1.013471,1.0,1.0,2.0,0,True,0.0079
ER_13,ER,13,3,6,2060,2017,0.979126,1.013998,1.003571,1.0,1.666667,0,True,0.01
ER_13,ER,13,3,7,2060,2020,0.980583,1.013396,1.002778,1.0,2.0,0,True,0.006
ER_13,ER,13,3,8,2060,2018,0.979612,1.009119,1.0,1.0,1.666667,0,True,0.0086
ER_13,ER,13,3,9,2060,2018,0.979612,1.011756,1.0,1.0,1.666667,0,True,0.01
ER_13,ER,13,5,0,2060,1792,0.869903,1.127472,1.5,1.0,4.0,0,True,0.0327
ER_13,ER,13,5,1,2060,1799,0.873301,1.114513,1.5,1.0,3.0,0,True,0.037
ER_13,ER,13,5,2,2060,1803,0.875243,1.105275,1.5,1.0,2.5,0,True,0.0308
ER_13,ER,13,5,3,2060,1806,0.876699,1.112894,1.5,1.0,2.5,0,True,0.0325
ER_13,ER,13,5,4,2060,1800,0.873786,1.120362,1.5,1.0,2.5,0,True,0.0231
ER_13,ER,13,5,5,2060,1796,0.871845,1.115551,1.5,1.0,3.0,0,True,0.0231
ER_13,ER,13,5,6,2060,1803,0.875243,1.115801,1.5,1.0,2.5,0,True,0.0649
ER_13,ER,13,5,7,2060,1799,0.873301,1.112855,1.5,1.0,2.5,0,True,0.0632
ER_13,ER,13,5,8,2060,1795,0.871359,1.118963,1.5,1.0,3.0,0,True,0.049
ER_13,ER,13,5,9,2060,1792,0.869903,1.122067,1.5,1.0,3.0,0,True,0.0302
ER_13,ER,13,7,0,2060,1520,0.737864,1.328723,2.0,1.25,3.5,0,True,0.0505
ER_13,ER,13,7,1,2060,1515,0.735437,1.327019,2.0,1.2,3.5,0,True,0.0548
ER_13,ER,13,7,2,2060,1519,0.737379,1.312989,2.0,1.2,4.0,0,True,0.0702
ER_13,ER,13,7,3,2060,1518,0.736893,1.338543,2.0,1.222222,6.0,0,True,0.0603
ER_13,ER,13,7,4,2060,1507,0.731553,1.338241,2.0,1.25,4.0,0,True,0.0561
ER_13,ER,13,7,5,2060,1525,0.740291,1.320974,2.0,1.2,4.0,0,True,0.0789
ER_13,ER,13,7,6,2060,1515,0.735437,1.333762,2.0,1.25,3.5,0,True,0.052
ER_13,ER,13,7,7,2060,1509,0.732524,1.332595,2.0,1.2,4.0,0,True,0.056
ER_13,ER,13,7,8,2060,1512,0.733981,1.340892,2.0,1.240385,4.0,0,True,0.0893
ER_13,ER,13,7,9,2060,1519,0.737379,1.317787,2.0,1.2,4.0,0,True,0.1081
ER_14,ER,14,3,0,2025,1989,0.982222,1.008293,1.0,1.0,1.5,0,True,0.006
ER_14,ER,14,3,1,2025,1984,0.979753,1.011087,1.0,1.0,1.666667,0,True,0.007
ER_14,ER,14,3,2,2025,1986,0.980741,1.011537,1.0,1.0,1.666667,0,True,0.0063
ER_14,ER,14,3,3,2025,1985,0.980247,1.010102,1.0,1.0,2.0,0,True,0.0066
ER_14,ER,14,3,4,2025,1985,0.980247,1.011458,1.0,1.0,1.5,0,True,0.0076
ER_14,ER,14,3,5,2025,1986,0.980741,1.013379,1.142857,1.0,1.666667,0,True,0.006
ER_14,ER,14,3,6,2025,1986,0.980741,1.011585,1.0,1.0,1.666667,0,True,0.0065
ER_14,ER,14,3,7,2025,1986,0.980741,1.008812,1.0,1.0,1.666667,0,True,0.0059
ER_14,ER,14,3,8,2025,1984,0.979753,1.011194,1.0,1.0,2.0,0,True,0.007
ER_14,ER,14,3,9,2025,1986,0.980741,1.009969,1.0,1.0,2.0,0,True,0.005
ER_14,ER,14,5,0,2025,1790,0.883951,1.106253,1.5,1.0,3.0,0,True,0.021
ER_14,ER,14,5,1,2025,1771,0.874568,1.102411,1.5,1.0,2.5,0,True,0.0239
ER_14,ER,14,5,2,2025,1783,0.880494,1.10543,1.5,1.0,3.0,0,True,0.022
ER_14,ER,14,5,3,2025,1787,0.882469,1.09232,1.5,1.0,2.0,0,True,0.0225
ER_14,ER,14,5,4,2025,1782,0.88,1.104795,1.5,1.0,2.333333,0,True,0.0229
ER_14,ER,14,5,5,2025,1782,0.88,1.117154,1.5,1.0,2.5,0,True,0.024
ER_14,ER,14,5,6,2025,1788,0.882963,1.105081,1.5,1.0,2.5,0,True,0.045
ER_14,ER,14,5,7,2025,1797,0.887407,1.105864,1.5,1.0,3.0,0,True,0.045
ER_14,ER,14,5,8,2025,1770,0.874074,1.107907,1.5,1.0,3.0,0,True,0.0375
ER_14,ER,14,5,9,2025,1789,0.883457,1.106575,1.5,1.0,2.333333,0,True,0.0421
ER_14,ER,14,7,0,2025,1504,0.742716,1.344562,2.0,1.25,7.0,0,True,0.0474
ER_14,ER,14,7,1,2025,1511,0.746173,1.319098,2.0,1.2,6.0,0,True,0.0753
ER_14,ER,14,7,2,2025,1524,0.752593,1.313356,2.0,1.2,4.0,0,True,0.065
ER_14,ER,14,7,3,2025,1521,0.751111,1.325498,2.0,1.2,7.0,0,True,0.0608
ER_14,ER,14,7,4,2025,1504,0.742716,1.31785,2.0,1.2,7.0,0,True,0.0652
ER_14,ER,14,7,5,2025,1510,0.745679,1.321969,2.0,1.2,7.0,0,True,0.0615
ER_14,ER,14,7,6,2025,1519,0.750123,1.332029,2.0,1.240385,3.5,0,True,0.0589
ER_14,ER,14,7,7,2025,1516,0.748642,1.317115,2.0,1.2,7.0,0,True,0.0759
ER_14,ER,14,7,8,2025,1507,0.744198,1.322876,2.0,1.2,7.0,0,True,0.1174
ER_14,ER,14,7,9,2025,1511,0.746173,1.340695,2.0,1.222222,7.0,0,True,0.0964
ER_15,ER,15,3,0,2037,1997,0.980363,1.015012,1.144048,1.0,2.0,0,True,0.007
ER_15,ER,15,3,1,2037,1997,0.980363,1.012512,1.0,1.0,2.0,0,True,0.008
ER_15,ER,15,3,2,2037,1997,0.980363,1.01085,1.0,1.0,1.666667,0,True,0.0094
ER_15,ER,15,3,3,2037,1997,0.980363,1.010963,1.005556,1.0,1.666667,0,True,0.008
ER_15,ER,15,3,4,2037,1996,0.979872,1.010328,1.0,1.0,2.0,0,True,0.0139
ER_15,ER,15,3,5,2037,1997,0.980363,1.01204,1.005556,1.0,2.0,0,True,0.0091
ER_15,ER,15,3,6,2037,1998,0.980854,1.009028,1.0,1.0,2.0,0,True,0.0091
ER_15,ER,15,3,7,2037,1997,0.980363,1.012752,1.0,1.0,2.0,0,True,0.012
ER_15,ER,15,3,8,2037,1996,0.979872,1.013717,1.166667,1.0,2.0,0,True,0.011
ER_15,ER,15,3,9,2037,1997,0.980363,1.009593,1.0,1.0,1.5,0,True,0.0091
ER_15,ER,15,5,0,2037,1801,0.884143,1.106879,1.5,1.0,4.0,0,True,0.033
ER_15,ER,15,5,1,2037,1798,0.882671,1.116558,1.5,1.0,5.0,0,True,0.0591
ER_15,ER,15,5,2,2037,1798,0.882671,1.107391,1.5,1.0,3.0,0,True,0.0641
ER_15,ER,15,5,3,2037,1796,0.881689,1.114581,1.5,1.0,5.0,0,True,0.044
ER_15,ER,15,5,4,2037,1808,0.88758,1.102287,1.5,1.0,3.0,0,True,0.0421
ER_15,ER,15,5,5,2037,1804,0.885616,1.11263,1.5,1.0,5.0,0,True,0.0241
ER_15,ER,15,5,6,2037,1802,0.884634,1.099452,1.405,1.0,5.0,0,True,0.0339
ER_15,ER,15,5,7,2037,1794,0.880707,1.115142,1.5,1.0,5.0,0,True,0.032
ER_15,ER,15,5,8,2037,1793,0.880216,1.118631,1.5,1.0,5.0,0,True,0.04
ER_15,ER,15,5,9,2037,1806,0.886598,1.107575,1.5,1.0,5.0,0,True,0.0555
ER_15,ER,15,7,0,2037,1535,0.753559,1.322798,2.0,1.2,7.0,0,True,0.0831
ER_15,ER,15,7,1,2037,1529,0.750614,1.348676,2.0,1.25,7.0,0,True,0.0699
ER_15,ER,15,7,2,2037,1532,0.752086,1.308789,1.8,1.2,4.0,0,True,0.0651
ER_15,ER,15,7,3,2037,1535,0.753559,1.298523,1.8,1.2,6.0,0,True,0.0953
ER_15,ER,15,7,4,2037,1515,0.743741,1.336123,2.0,1.25,6.0,0,True,0.1151
ER_15,ER,15,7,5,2037,1526,0.749141,1.312711,1.8,1.2,5.0,0,True,0.1126
ER_15,ER,15,7,6,2037,1529,0.750614,1.320816,2.0,1.2,6.0,0,True,0.049
ER_15,ER,15,7,7,2037,1522,0.747177,1.305143,2.0,1.2,5.0,0,True,0.0677
ER_15,ER,15,7,8,2037,1532,0.752086,1.327297,2.0,1.2,7.0,0,True,0.0637
ER_15,ER,15,7,9,2037,1517,0.744723,1.330234,2.0,1.2,6.0,0,True,0.0641
ER_16,ER,16,3,0,1969,1926,0.978162,1.01088,1.0,1.0,1.666667,0,True,0.0141
ER_16,ER,16,3,1,1969,1924,0.977146,1.012071,1.0,1.0,1.666667,0,True,0.01
ER_16,ER,16,3,2,1969,1925,0.977654,1.012106,1.0,1.0,1.666667,0,True,0.0101
ER_16,ER,16,3,3,1969,1924,0.977146,1.011152,1.0,1.0,1.666667,0,True,0.0098
ER_16,ER,16,3,4,1969,1924,0.977146,1.012121,1.05,1.0,1.5,0,True,0.0069
ER_16,ER,16,3,5,1969,1926,0.978162,1.011098,1.0,1.0,1.666667,0,True,0.011
ER_16,ER,16,3,6,1969,1924,0.977146,1.013558,1.166667,1.0,1.666667,0,True,0.0086
ER_16,ER,16,3,7,1969,1925,0.977654,1.014606,1.166667,1.0,1.666667,0,True,0.0081
ER_16,ER,16,3,8,1969,1922,0.97613,1.013527,1.166667,1.0,1.666667,0,True,0.0107
ER_16,ER,16,3,9,1969,1923,0.976638,1.01296,1.0,1.0,1.666667,0,True,0.0125
ER_16,ER,16,5,0,1969,1733,0.880142,1.117285,1.5,1.0,3.0,0,True,0.04
ER_16,ER,16,5,1,1969,1741,0.884205,1.099181,1.5,1.0,2.0,0,True,0.0726
ER_16,ER,16,5,2,1969,1730,0.878619,1.125538,1.5,1.0,3.0,0,True,0.0269
ER_16,ER,16,5,3,1969,1739,0.883189,1.108939,1.5,1.0,2.333333,0,True,0.0262
ER_16,ER,16,5,4,1969,1737,0.882174,1.103599,1.5,1.0,5.0,0,True,0.0281
ER_16,ER,16,5,5,1969,1730,0.878619,1.115491,1.5,1.0,3.5,0,True,0.0318
ER_16,ER,16,5,6,1969,1727,0.877095,1.117694,1.5,1.0,3.0,0,True,0.0277
ER_16,ER,16,5,7,1969,1731,0.879126,1.110969,1.5,1.0,5.0,0,True,0.027
ER_16,ER,16,5,8,1969,1732,0.879634,1.117632,1.5,1.0,3.0,0,True,0.0281
ER_16,ER,16,5,9,1969,1735,0.881158,1.111044,1.5,1.0,5.0,0,True,0.028
ER_16,ER,16,7,0,1969,1495,0.759269,1.293032,2.0,1.2,7.0,0,True,0.0658
ER_16,ER,16,7,1,1969,1491,0.757237,1.325784,2.0,1.2,7.0,0,True,0.0969
ER_16,ER,16,7,2,1969,1501,0.762316,1.29785,2.0,1.2,4.0,0,True,0.0817
ER_16,ER,16,7,3,1969,1485,0.75419,1.343198,2.0,1.2,6.0,0,True,0.061
ER_16,ER,16,7,4,1969,1481,0.752158,1.297803,2.0,1.2,4.0,0,True,0.0635
ER_16,ER,16,7,5,1969,1478,0.750635,1.325508,2.0,1.2,4.0,0,True,0.0597
ER_16,ER,16,7,6,1969,1498,0.760792,1.306655,2.0,1.2,4.0,0,True,0.0601
ER_16,ER,16,7,7,1969,1503,0.763332,1.298411,1.8,1.2,4.0,0,True,0.0628
ER_16,ER,16,7,8,1969,1494,0.758761,1.311646,2.0,1.2,7.0,0,True,0.0618
ER_16,ER,16,7,9,1969,1490,0.756729,1.296373,2.0,1.2,4.0,0,True,0.0723
ER_17,ER,17,3,0,2032,1989,0.978839,1.013448,1.166667,1.0,1.666667,0,True,0.0061
ER_17,ER,17,3,1,2032,1991,0.979823,1.011979,1.142857,1.0,1.666667,0,True,0.0079
ER_17,ER,17,3,2,2032,1991,0.979823,1.010222,1.0,1.0,1.666667,0,True,0.007
ER_17,ER,17,3,3,2032,1990,0.979331,1.01091,1.0,1.0,1.666667,0,True,0.0465
ER_17,ER,17,3,4,2032,1990,0.979331,1.010086,1.0,1.0,1.666667,0,True,0.0165
ER_17,ER,17,3,5,2032,1992,0.980315,1.011801,1.055556,1.0,1.666667,0,True,0.014
ER_17,ER,17,3,6,2032,1993,0.980807,1.008431,1.0,1.0,1.5,0,True,0.0122
ER_17,ER,17,3,7,2032,1992,0.980315,1.011702,1.0,1.0,1.5,0,True,0.013
ER_17,ER,17,3,8,2032,1993,0.980807,1.010931,1.0,1.0,1.666667,0,True,0.009
ER_17,ER,17,3,9,2032,1992,0.980315,1.012205,1.005556,1.0,1.666667,0,True,0.0071
ER_17,ER,17,5,0,2032,1799,0.885335,1.102851,1.5,1.0,2.5,0,True,0.0315
ER_17,ER,17,5,1,2032,1799,0.885335,1.103089,1.5,1.0,5.0,0,True,0.0298
ER_17,ER,17,5,2,2032,1790,0.880906,1.113932,1.5,1.0,3.0,0,True,0.0373
ER_17,ER,17,5,3,2032,1798,0.884843,1.108649,1.5,1.0,5.0,0,True,0.0425
ER_17,ER,17,5,4,2032,1798,0.884843,1.097824,1.5,1.0,5.0,0,True,0.0279
ER_17,ER,17,5,5,2032,1811,0.89124,1.104101,1.5,1.0,5.0,0,True,0.022
ER_17,ER,17,5,6,2032,1797,0.88435,1.106818,1.5,1.0,4.0,0,True,0.021
ER_17,ER,17,5,7,2032,1800,0.885827,1.105665,1.5,1.0,3.0,0,True,0.047
ER_17,ER,17,5,8,2032,1801,0.886319,1.093801,1.5,1.0,3.0,0,True,0.0549
ER_17,ER,17,5,9,2032,1798,0.884843,1.111506,1.5,1.0,5.0,0,True,0.0406
ER_17,ER,17,7,0,2032,1521,0.748524,1.315427,2.0,1.2,7.0,0,True,0.0803
ER_17,ER,17,7,1,2032,1545,0.760335,1.284023,2.0,1.2,5.0,0,True,0.0668
ER_17,ER,17,7,2,2032,1537,0.756398,1.287518,2.0,1.2,4.0,0,True,0.0551
ER_17,ER,17,7,3,2032,1536,0.755906,1.289994,1.8,1.2,5.0,0,True,0.055
ER_17,ER,17,7,4,2032,1524,0.75,1.316046,2.0,1.2,6.0,0,True,0.0779
ER_17,ER,17,7,5,2032,1528,0.751969,1.286401,2.0,1.2,5.0,0,True,0.0601
ER_17,ER,17,7,6,2032,1538,0.75689,1.293334,2.0,1.2,4.0,0,True,0.06
ER_17,ER,17,7,7,2032,1530,0.752953,1.285553,2.0,1.2,5.0,0,True,0.057
ER_17,ER,17,7,8,2032,1536,0.755906,1.277871,2.0,1.2,3.5,0,True,0.0525
ER_17,ER,17,7,9,2032,1524,0.75,1.325447,2.0,1.2,6.0,0,True,0.061
ER_18,ER,18,3,0,1985,1954,0.984383,1.007779,1.0,1.0,1.666667,0,True,0.013
ER_18,ER,18,3,1,1985,1952,0.983375,1.009067,1.0,1.0,1.666667,0,True,0.0085
ER_18,ER,18,3,2,1985,1952,0.983375,1.00851,1.0,1.0,1.75,0,True,0.008
ER_18,ER,18,3,3,1985,1954,0.984383,1.012212,1.0,1.0,1.666667,0,True,0.006
ER_18,ER,18,3,4,1985,1954,0.984383,1.009437,1.0,1.0,1.5,0,True,0.007
ER_18,ER,18,3,5,1985,1953,0.983879,1.00775,1.0,1.0,1.666667,0,True,0.006
ER_18,ER,18,3,6,1985,1952,0.983375,1.010721,1.0,1.0,1.666667,0,True,0.006
ER_18,ER,18,3,7,1985,1952,0.983375,1.008143,1.0,1.0,1.5,0,True,0.005
ER_18,ER,18,3,8,1985,1952,0.983375,1.010952,1.0,1.0,1.75,0,True,0.005
ER_18,ER,18,3,9,1985,1952,0.983375,1.015138,1.166667,1.0,1.75,0,True,0.007
ER_18,ER,18,5,0,1985,1769,0.891184,1.102511,1.5,1.0,3.0,0,True,0.024
ER_18,ER,18,5,1,1985,1777,0.895214,1.097982,1.5,1.0,3.0,0,True,0.0205
ER_18,ER,18,5,2,1985,1781,0.897229,1.101261,1.5,1.0,3.0,0,True,0.022
ER_18,ER,18,5,3,1985,1771,0.892191,1.094122,1.5,1.0,2.5,0,True,0.024
ER_18,ER,18,5,4,1985,1767,0.890176,1.100182,1.5,1.0,5.0,0,True,0.0223
ER_18,ER,18,5,5,1985,1771,0.892191,1.106987,1.5,1.0,5.0,0,True,0.0239
ER_18,ER,18,5,6,1985,1774,0.893703,1.102883,1.5,1.0,5.0,0,True,0.0583
ER_18,ER,18,5,7,1985,1765,0.889169,1.105973,1.5,1.0,5.0,0,True,0.051
ER_18,ER,18,5,8,1985,1775,0.894207,1.092487,1.5,1.0,3.0,0,True,0.0361
ER_18,ER,18,5,9,1985,1779,0.896222,1.086134,1.5,1.0,2.333333,0,True,0.0476
ER_18,ER,18,7,0,1985,1534,0.772796,1.274286,2.0,1.166667,6.0,0,True,0.0567
ER_18,ER,18,7,1,1985,1522,0.766751,1.276309,2.0,1.166667,3.5,0,True,0.05
ER_18,ER,18,7,2,1985,1523,0.767254,1.30072,2.0,1.2,6.0,0,True,0.047
ER_18,ER,18,7,3,1985,1533,0.772292,1.276884,2.0,1.166667,6.0,0,True,0.0571
ER_18,ER,18,7,4,1985,1506,0.75869,1.293068,2.0,1.2,5.0,0,True,0.0584
ER_18,ER,18,7,5,1985,1519,0.765239,1.289202,2.0,1.2,7.0,0,True,0.0548
ER_18,ER,18,7,6,1985,1510,0.760705,1.3014,2.0,1.2,4.0,0,True,0.0517
ER_18,ER,18,7,7,1985,1523,0.767254,1.305256,2.0,1.2,7.0,0,True,0.049
ER_18,ER,18,7,8,1985,1513,0.762217,1.295623,2.0,1.2,4.0,0,True,0.1156
ER_18,ER,18,7,9,1985,1530,0.770781,1.284949,2.0,1.2,6.0,0,True,0.1068
ER_19,ER,19,3,0,1991,1951,0.97991,1.013298,1.0,1.0,3.0,0,True,0.0082
ER_19,ER,19,3,1,1991,1954,0.981416,1.011516,1.0,1.0,1.5,0,True,0.0071
ER_19,ER,19,3,2,1991,1952,0.980412,1.013084,1.0,1.0,3.0,0,True,0.0077
ER_19,ER,19,3,3,1991,1954,0.981416,1.013349,1.005556,1.0,3.0,0,True,0.0105
ER_19,ER,19,3,4,1991,1953,0.980914,1.01241,1.0,1.0,3.0,0,True,0.0077
ER_19,ER,19,3,5,1991,1951,0.97991,1.013287,1.125,1.0,1.666667,0,True,0.0077
ER_19,ER,19,3,6,1991,1952,0.980412,1.012514,1.0,1.0,1.666667,0,True,0.0115
ER_19,ER,19,3,7,1991,1952,0.980412,1.013993,1.0,1.0,3.0,0,True,0.0077
ER_19,ER,19,3,8,1991,1953,0.980914,1.011446,1.0,1.0,1.5,0,True,0.0128
ER_19,ER,19,3,9,1991,1954,0.981416,1.010983,1.0,1.0,1.666667,0,True,0.0081
ER_19,ER,19,5,0,1991,1771,0.889503,1.103337,1.5,1.0,4.0,0,True,0.0287
ER_19,ER,19,5,1,1991,1780,0.894023,1.102685,1.5,1.0,4.0,0,True,0.0285
ER_19,ER,19,5,2,1991,1776,0.892014,1.092399,1.5,1.0,3.0,0,True,0.0287
ER_19,ER,19,5,3,1991,1775,0.891512,1.106688,1.5,1.0,4.0,0,True,0.0294
ER_19,ER,19,5,4,1991,1772,0.890005,1.090598,1.5,1.0,3.0,0,True,0.0559
ER_19,ER,19,5,5,1991,1755,0.881467,1.113224,1.5,1.0,5.0,0,True,0.0572
ER_19,ER,19,5,6,1991,1784,0.896032,1.095829,1.5,1.0,3.0,0,True,0.0503
ER_19,ER,19,5,7,1991,1777,0.892516,1.09915,1.5,1.0,3.0,0,True,0.0318
ER_19,ER,19,5,8,1991,1771,0.889503,1.098783,1.5,1.0,3.0,0,True,0.029
ER_19,ER,19,5,9,1991,1767,0.887494,1.109162,1.5,1.0,3.5,0,True,0.0416
ER_19,ER,19,7,0,1991,1506,0.756404,1.301312,2.0,1.2,4.0,0,True,0.0622
ER_19,ER,19,7,1,1991,1512,0.759417,1.285351,1.8,1.2,3.5,0,True,0.0456
ER_19,ER,19,7,2,1991,1506,0.756404,1.311247,2.0,1.2,4.0,0,True,0.0613
ER_19,ER,19,7,3,1991,1500,0.75339,1.310103,2.0,1.2,4.0,0,True,0.058
ER_19,ER,19,7,4,1991,1509,0.757911,1.291909,2.0,1.19375,5.0,0,True,0.096
ER_19,ER,19,7,5,1991,1513,0.75992,1.314051,2.0,1.2,4.0,0,True,0.1045
ER_19,ER,19,7,6,1991,1514,0.760422,1.306104,2.0,1.2,7.0,0,True,0.0695
ER_19,ER,19,7,7,1991,1500,0.75339,1.298933,2.0,1.2,3.5,0,True,0.0761
ER_19,ER,19,7,8,1991,1511,0.758915,1.31761,2.0,1.2,7.0,0,True,0.0633
ER_19,ER,19,7,9,1991,1510,0.758413,1.29957,2.0,1.2,5.0,0,True,0.0621
ER_20,ER,20,3,0,2036,1993,0.97888,1.013636,1.144048,1.0,1.666667,0,True,0.0051
ER_20,ER,20,3,1,2036,1991,0.977898,1.015558,1.2,1.0,1.666667,0,True,0.0085
ER_20,ER,20,3,2,2036,1992,0.978389,1.015801,1.166667,1.0,1.666667,0,True,0.0073
ER_20,ER,20,3,3,2036,1991,0.977898,1.015819,1.166667,1.0,2.0,0,True,0.0057
ER_20,ER,20,3,4,2036,1994,0.979371,1.016269,1.166667,1.0,2.0,0,True,0.0066
ER_20,ER,20,3,5,2036,1991,0.977898,1.016821,1.166667,1.0,2.0,0,True,0.0061
ER_20,ER,20,3,6,2036,1994,0.979371,1.018924,1.2,1.0,2.0,0,True,0.0061
ER_20,ER,20,3,7,2036,1993,0.97888,1.012,1.0,1.0,1.666667,0,True,0.0056
ER_20,ER,20,3,8,2036,1992,0.978389,1.015315,1.166667,1.0,1.666667,0,True,0.0067
ER_20,ER,20,3,9,2036,1992,0.978389,1.020258,1.2,1.0,2.0,0,True,0.0066
ER_20,ER,20,5,0,2036,1789,0.878684,1.109245,1.5,1.0,2.333333,0,True,0.0214
ER_20,ER,20,5,1,2036,1792,0.880157,1.116651,1.5,1.0,3.0,0,True,0.0291
ER_20,ER,20,5,2,2036,1790,0.879175,1.111901,1.5,1.0,3.0,0,True,0.0443
ER_20,ER,20,5,3,2036,1807,0.887525,1.098907,1.5,1.0,3.0,0,True,0.0532
ER_20,ER,20,5,4,2036,1791,0.879666,1.105587,1.5,1.0,2.333333,0,True,0.0496
ER_20,ER,20,5,5,2036,1795,0.881631,1.102164,1.5,1.0,5.0,0,True,0.0451
ER_20,ER,20,5,6,2036,1790,0.879175,1.118476,1.5,1.0,4.0,0,True,0.0363
ER_20,ER,20,5,7,2036,1792,0.880157,1.107157,1.5,1.0,3.0,0,True,0.0314
ER_20,ER,20,5,8,2036,1790,0.879175,1.102201,1.5,1.0,2.5,0,True,0.0313
ER_20,ER,20,5,9,2036,1799,0.883595,1.10859,1.5,1.0,3.0,0,True,0.0318
ER_20,ER,20,7,0,2036,1535,0.753929,1.309306,2.0,1.2,4.0,0,True,0.0474
ER_20,ER,20,7,1,2036,1519,0.746071,1.3117,2.0,1.2,4.0,0,True,0.0538
ER_20,ER,20,7,2,2036,1516,0.744597,1.312928,2.0,1.2,6.0,0,True,0.0524
ER_20,ER,20,7,3,2036,1514,0.743615,1.327842,2.0,1.25,7.0,0,True,0.0558
ER_20,ER,20,7,4,2036,1514,0.743615,1.355408,2.0,1.25,7.0,0,True,0.0942
ER_20,ER,20,7,5,2036,1533,0.752947,1.315622,2.0,1.2,7.0,0,True,0.0756
ER_20,ER,20,7,6,2036,1523,0.748035,1.315692,2.0,1.2,7.0,0,True,0.0487
ER_20,ER,20,7,7,2036,1515,0.744106,1.321841,2.0,1.2,7.0,0,True,0.0564
ER_20,ER,20,7,8,2036,1509,0.741159,1.323489,2.0,1.2,6.0,0,True,0.0618
ER_20,ER,20,7,9,2036,1523,0.748035,1.33083,2.0,1.25,7.0,0,True,0.0596
ER_21,ER,21,3,0,2008,1969,0.980578,1.00915,1.0,1.0,1.5,0,True,0.0056
ER_21,ER,21,3,1,2008,1968,0.98008,1.010043,1.0,1.0,1.5,0,True,0.0055
ER_21,ER,21,3,2,2008,1968,0.98008,1.012426,1.0,1.0,1.666667,0,True,0.0064
ER_21,ER,21,3,3,2008,1968,0.98008,1.009606,1.0,1.0,1.5,0,True,0.0058
ER_21,ER,21,3,4,2008,1968,0.98008,1.01146,1.0,1.0,1.5,0,True,0.0064
ER_21,ER,21,3,5,2008,1970,0.981076,1.008648,1.0,1.0,1.5,0,True,0.0067
ER_21,ER,21,3,6,2008,1968,0.98008,1.007933,1.0,1.0,1.5,0,True,0.0066
ER_21,ER,21,3,7,2008,1969,0.980578,1.007717,1.0,1.0,1.5,0,True,0.0058
ER_21,ER,21,3,8,2008,1968,0.98008,1.009372,1.0,1.0,1.5,0,True,0.0064
ER_21,ER,21,3,9,2008,1969,0.980578,1.011435,1.0,1.0,1.666667,0,True,0.0056
ER_21,ER,21,5,0,2008,1779,0.885956,1.110615,1.5,1.0,3.0,0,True,0.0458
ER_21,ER,21,5,1,2008,1769,0.880976,1.116741,1.5,1.0,5.0,0,True,0.0581
ER_21,ER,21,5,2,2008,1781,0.886952,1.102831,1.5,1.0,4.0,0,True,0.0418
ER_21,ER,21,5,3,2008,1778,0.885458,1.104428,1.5,1.0,3.0,0,True,0.0506
ER_21,ER,21,5,4,2008,1775,0.883964,1.105117,1.5,1.0,5.0,0,True,0.0223
ER_21,ER,21,5,5,2008,1778,0.885458,1.103896,1.5,1.0,3.0,0,True,0.0219
ER_21,ER,21,5,6,2008,1772,0.88247,1.110692,1.5,1.0,5.0,0,True,0.0282
ER_21,ER,21,5,7,2008,1793,0.892928,1.090244,1.5,1.0,3.0,0,True,0.0284
ER_21,ER,21,5,8,2008,1779,0.885956,1.096384,1.5,1.0,3.0,0,True,0.0228
ER_21,ER,21,5,9,2008,1773,0.882968,1.10733,1.5,1.0,5.0,0,True,0.0356
ER_21,ER,21,7,0,2008,1515,0.754482,1.325624,2.0,1.25,4.0,0,True,0.0488
ER_21,ER,21,7,1,2008,1521,0.75747,1.311789,2.0,1.2,3.5,0,True,0.0534
ER_21,ER,21,7,2,2008,1522,0.757968,1.294051,1.8,1.2,3.5,0,True,0.0532
ER_21,ER,21,7,3,2008,1507,0.750498,1.317738,2.0,1.2,4.0,0,True,0.0664
ER_21,ER,21,7,4,2008,1505,0.749502,1.317106,1.8,1.2,5.0,0,True,0.0948
ER_21,ER,21,7,5,2008,1504,0.749004,1.288244,1.8,1.2,3.0,0,True,0.0807
ER_21,ER,21,7,6,2008,1521,0.75747,1.314243,2.0,1.2,7.0,0,True,0.0451
ER_21,ER,21,7,7,2008,1528,0.760956,1.311268,1.8,1.2,6.0,0,True,0.0871
ER_21,ER,21,7,8,2008,1531,0.76245,1.292828,1.8,1.2,6.0,0,True,0.0523
ER_21,ER,21,7,9,2008,1513,0.753486,1.321042,2.0,1.25,5.0,0,True,0.0545
ER_22,ER,22,3,0,1950,1921,0.985128,1.008893,1.0,1.0,1.666667,0,True,0.0057
ER_22,ER,22,3,1,1950,1921,0.985128,1.009598,1.0,1.0,1.666667,0,True,0.006
ER_22,ER,22,3,2,1950,1921,0.985128,1.007286,1.0,1.0,1.666667,0,True,0.0058
ER_22,ER,22,3,3,1950,1920,0.984615,1.00841,1.0,1.0,1.666667,0,True,0.0202
ER_22,ER,22,3,4,1950,1922,0.985641,1.008873,1.0,1.0,1.666667,0,True,0.0048
ER_22,ER,22,3,5,1950,1921,0.985128,1.008162,1.0,1.0,1.666667,0,True,0.006
ER_22,ER,22,3,6,1950,1920,0.984615,1.008519,1.0,1.0,1.666667,0,True,0.0052
ER_22,ER,22,3,7,1950,1921,0.985128,1.008162,1.0,1.0,1.4,0,True,0.0056
ER_22,ER,22,3,8,1950,1921,0.985128,1.010332,1.0,1.0,1.666667,0,True,0.005
ER_22,ER,22,3,9,1950,1921,0.985128,1.009,1.0,1.0,1.666667,0,True,0.005
ER_22,ER,22,5,0,1950,1752,0.898462,1.092599,1.405,1.0,2.0,0,True,0.0366
ER_22,ER,22,5,1,1950,1754,0.899487,1.103281,1.5,1.0,4.0,0,True,0.0426
ER_22,ER,22,5,2,1950,1755,0.9,1.084067,1.4,1.0,3.0,0,True,0.0407
ER_22,ER,22,5,3,1950,1754,0.899487,1.093434,1.4,1.0,5.0,0,True,0.0372
ER_22,ER,22,5,4,1950,1758,0.901538,1.086172,1.5,1.0,2.5,0,True,0.0344
ER_22,ER,22,5,5,1950,1754,0.899487,1.090891,1.5,1.0,5.0,0,True,0.0203
ER_22,ER,22,5,6,1950,1749,0.896923,1.102059,1.5,1.0,5.0,0,True,0.0201
ER_22,ER,22,5,7,1950,1747,0.895897,1.100569,1.5,1.0,5.0,0,True,0.0231
ER_22,ER,22,5,8,1950,1748,0.89641,1.095525,1.5,1.0,2.5,0,True,0.0221
ER_22,ER,22,5,9,1950,1747,0.895897,1.102422,1.5,1.0,2.333333,0,True,0.0232
ER_22,ER,22,7,0,1950,1499,0.768718,1.30381,2.0,1.2,4.0,0,True,0.0444
ER_22,ER,22,7,1,1950,1502,0.770256,1.285932,1.8,1.2,3.5,0,True,0.0497
ER_22,ER,22,7,2,1950,1500,0.769231,1.272968,1.81,1.2,4.0,0,True,0.0466
ER_22,ER,22,7,3,1950,1505,0.771795,1.293689,1.8,1.2,3.5,0,True,0.1159
ER_22,ER,22,7,4,1950,1484,0.761026,1.307675,2.0,1.2,7.0,0,True,0.0809
ER_22,ER,22,7,5,1950,1494,0.766154,1.286915,1.8,1.2,7.0,0,True,0.0597
ER_22,ER,22,7,6,1950,1498,0.768205,1.284291,2.0,1.2,7.0,0,True,0.0521
ER_22,ER,22,7,7,1950,1492,0.765128,1.288705,1.8,1.2,6.0,0,True,0.057
ER_22,ER,22,7,8,1950,1496,0.767179,1.300493,2.0,1.2,7.0,0,True,0.0695
ER_22,ER,22,7,9,1950,1503,0.770769,1.291563,2.0,1.2,6.0,0,True,0.0547
ER_23,ER,23,3,0,2039,2019,0.990191,1.003602,1.0,1.0,1.5,0,True,0.0097
ER_23,ER,23,3,1,2039,2017,0.98921,1.00675,1.0,1.0,1.666667,0,True,0.0123
ER_23,ER,23,3,2,2039,2017,0.98921,1.006229,1.0,1.0,1.666667,0,True,0.0086
ER_23,ER,23,3,3,2039,2019,0.990191,1.006664,1.0,1.0,1.666667,0,True,0.0105
ER_23,ER,23,3,4,2039,2018,0.989701,1.00605,1.0,1.0,1.666667,0,True,0.0091
ER_23,ER,23,3,5,2039,2018,0.989701,1.004683,1.0,1.0,1.4,0,True,0.0178
ER_23,ER,23,3,6,2039,2018,0.989701,1.007683,1.0,1.0,1.666667,0,True,0.0158
ER_23,ER,23,3,7,2039,2019,0.990191,1.0064,1.0,1.0,1.666667,0,True,0.0137
ER_23,ER,23,3,8,2039,2018,0.989701,1.004933,1.0,1.0,1.666667,0,True,0.0117
ER_23,ER,23,3,9,2039,2017,0.98921,1.005371,1.0,1.0,1.666667,0,True,0.0147
ER_23,ER,23,5,0,2039,1820,0.892594,1.098255,1.5,1.0,3.0,0,True,0.0292
ER_23,ER,23,5,1,2039,1832,0.89848,1.088493,1.5,1.0,3.0,0,True,0.024
ER_23,ER,23,5,2,2039,1816,0.890633,1.099566,1.5,1.0,2.5,0,True,0.0266
ER_23,ER,23,5,3,2039,1822,0.893575,1.090968,1.405,1.0,3.0,0,True,0.0313
ER_23,ER,23,5,4,2039,1819,0.892104,1.101471,1.5,1.0,3.0,0,True,0.0236
ER_23,ER,23,5,5,2039,1814,0.889652,1.102061,1.5,1.0,3.0,0,True,0.0254
ER_23,ER,23,5,6,2039,1819,0.892104,1.101093,1.5,1.0,3.0,0,True,0.0302
ER_23,ER,23,5,7,2039,1822,0.893575,1.095004,1.5,1.0,3.5,0,True,0.0598
ER_23,ER,23,5,8,2039,1817,0.891123,1.094895,1.5,1.0,5.0,0,True,0.0638
ER_23,ER,23,5,9,2039,1819,0.892104,1.099872,1.5,1.0,3.0,0,True,0.0408
ER_23,ER,23,7,0,2039,1528,0.749387,1.315021,1.8,1.2,7.0,0,True,0.1068
ER_23,ER,23,7,1,2039,1532,0.751349,1.297156,2.0,1.2,7.0,0,True,0.0578
ER_23,ER,23,7,2,2039,1552,0.761157,1.310978,2.0,1.2,7.0,0,True,0.0546
ER_23,ER,23,7,3,2039,1531,0.750858,1.334151,2.0,1.2,6.0,0,True,0.0554
ER_23,ER,23,7,4,2039,1540,0.755272,1.336841,2.0,1.2,7.0,0,True,0.0579
ER_23,ER,23,7,5,2039,1542,0.756253,1.342538,2.0,1.2,7.0,0,True,0.07
ER_23,ER,23,7,6,2039,1551,0.760667,1.311238,2.0,1.2,7.0,0,True,0.0703
ER_23,ER,23,7,7,2039,1538,0.754291,1.30085,2.0,1.2,3.5,0,True,0.1185
ER_23,ER,23,7,8,2039,1537,0.753801,1.318529,2.0,1.2,7.0,0,True,0.1259
ER_23,ER,23,7,9,2039,1543,0.756744,1.316124,2.0,1.2,6.0,0,True,0.0828
ER_24,ER,24,3,0,2047,2011,0.982413,1.010786,1.0,1.0,1.666667,0,True,0.0057
ER_24,ER,24,3,1,2047,2011,0.982413,1.011267,1.0,1.0,2.0,0,True,0.0077
ER_24,ER,24,3,2,2047,2011,0.982413,1.008385,1.0,1.0,1.666667,0,True,0.0065
ER_24,ER,24,3,3,2047,2011,0.982413,1.009825,1.0,1.0,1.5,0,True,0.0099
ER_24,ER,24,3,4,2047,2014,0.983879,1.010746,1.0,1.0,2.0,0,True,0.0094
ER_24,ER,24,3,5,2047,2011,0.982413,1.012429,1.0,1.0,1.666667,0,True,0.0076
ER_24,ER,24,3,6,2047,2011,0.982413,1.009846,1.0,1.0,1.5,0,True,0.0105
ER_24,ER,24,3,7,2047,2011,0.982413,1.01351,1.0,1.0,2.0,0,True,0.0087
ER_24,ER,24,3,8,2047,2012,0.982902,1.010586,1.0,1.0,1.666667,0,True,0.0169
ER_24,ER,24,3,9,2047,2013,0.98339,1.009817,1.0,1.0,1.666667,0,True,0.0057
ER_24,ER,24,5,0,2047,1817,0.88764,1.098947,1.5,1.0,3.0,0,True,0.0253
ER_24,ER,24,5,1,2047,1822,0.890083,1.095999,1.5,1.0,3.0,0,True,0.0318
ER_24,ER,24,5,2,2047,1818,0.888129,1.09594,1.5,1.0,2.333333,0,True,0.0222
ER_24,ER,24,5,3,2047,1822,0.890083,1.104766,1.5,1.0,3.0,0,True,0.0628
ER_24,ER,24,5,4,2047,1822,0.890083,1.0921,1.5,1.0,3.0,0,True,0.0523
ER_24,ER,24,5,5,2047,1815,0.886663,1.101105,1.5,1.0,3.0,0,True,0.0591
ER_24,ER,24,5,6,2047,1816,0.887152,1.09447,1.5,1.0,3.0,0,True,0.0426
ER_24,ER,24,5,7,2047,1817,0.88764,1.10647,1.5,1.0,3.0,0,True,0.0297
ER_24,ER,24,5,8,2047,1809,0.883732,1.112321,1.5,1.0,3.0,0,True,0.0321
ER_24,ER,24,5,9,2047,1811,0.884709,1.10918,1.5,1.0,2.5,0,True,0.0278
ER_24,ER,24,7,0,2047,1542,0.753298,1.302968,2.0,1.2,4.0,0,True,0.0488
ER_24,ER,24,7,1,2047,1533,0.748901,1.316776,2.0,1.2,4.0,0,True,0.0563
ER_24,ER,24,7,2,2047,1536,0.750366,1.30289,2.0,1.2,6.0,0,True,0.0547
ER_24,ER,24,7,3,2047,1536,0.750366,1.315457,2.0,1.2,6.0,0,True,0.0782
ER_24,ER,24,7,4,2047,1552,0.758183,1.303946,2.0,1.2,7.0,0,True,0.1124
ER_24,ER,24,7,5,2047,1536,0.750366,1.318819,2.0,1.2,6.0,0,True,0.0839
ER_24,ER,24,7,6,2047,1549,0.756717,1.295444,2.0,1.2,7.0,0,True,0.056
ER_24,ER,24,7,7,2047,1531,0.747924,1.323467,2.0,1.2,3.5,0,True,0.0547
ER_24,ER,24,7,8,2047,1538,0.751343,1.319079,2.0,1.2,7.0,0,True,0.0502
ER_24,ER,24,7,9,2047,1527,0.74597,1.326102,2.0,1.2,7.0,0,True,0.0542
ER_25,ER,25,3,0,2025,1983,0.979259,1.015148,1.1,1.0,3.0,0,True,0.0065
ER_25,ER,25,3,1,2025,1982,0.978765,1.011002,1.0,1.0,2.0,0,True,0.006
ER_25,ER,25,3,2,2025,1981,0.978272,1.01186,1.0,1.0,1.5,0,True,0.0087
ER_25,ER,25,3,3,2025,1984,0.979753,1.011533,1.0,1.0,3.0,0,True,0.0086
ER_25,ER,25,3,4,2025,1982,0.978765,1.01084,1.0,1.0,1.666667,0,True,0.0059
ER_25,ER,25,3,5,2025,1982,0.978765,1.015502,1.166667,1.0,2.0,0,True,0.0057
ER_25,ER,25,3,6,2025,1984,0.979753,1.010657,1.0,1.0,1.666667,0,True,0.006
ER_25,ER,25,3,7,2025,1983,0.979259,1.010167,1.0,1.0,1.666667,0,True,0.0058
ER_25,ER,25,3,8,2025,1981,0.978272,1.01444,1.142857,1.0,2.0,0,True,0.0155
ER_25,ER,25,3,9,2025,1980,0.977778,1.01874,1.166667,1.0,3.0,0,True,0.0143
ER_25,ER,25,5,0,2025,1776,0.877037,1.120641,1.5,1.0,3.0,0,True,0.0441
ER_25,ER,25,5,1,2025,1789,0.883457,1.104571,1.5,1.0,5.0,0,True,0.039
ER_25,ER,25,5,2,2025,1784,0.880988,1.116203,1.5,1.0,3.0,0,True,0.0691
ER_25,ER,25,5,3,2025,1790,0.883951,1.104953,1.5,1.0,2.5,0,True,0.0423
ER_25,ER,25,5,4,2025,1796,0.886914,1.107979,1.5,1.0,3.0,0,True,0.0381
ER_25,ER,25,5,5,2025,1804,0.890864,1.10652,1.5,1.0,3.0,0,True,0.0268
ER_25,ER,25,5,6,2025,1789,0.883457,1.111815,1.5,1.0,3.0,0,True,0.0318
ER_25,ER,25,5,7,2025,1781,0.879506,1.115216,1.5,1.0,3.0,0,True,0.0523
ER_25,ER,25,5,8,2025,1786,0.881975,1.103723,1.5,1.0,3.0,0,True,0.0538
ER_25,ER,25,5,9,2025,1784,0.880988,1.111893,1.5,1.0,3.0,0,True,0.0533
ER_25,ER,25,7,0,2025,1510,0.745679,1.319599,2.0,1.2,7.0,0,True,0.1058
ER_25,ER,25,7,1,2025,1510,0.745679,1.32266,2.0,1.2,7.0,0,True,0.1013
ER_25,ER,25,7,2,2025,1509,0.745185,1.325567,2.0,1.2,3.5,0,True,0.048
ER_25,ER,25,7,3,2025,1529,0.755062,1.30401,2.0,1.2,6.0,0,True,0.0814
ER_25,ER,25,7,4,2025,1521,0.751111,1.312071,2.0,1.2,4.0,0,True,0.0762
ER_25,ER,25,7,5,2025,1528,0.754568,1.31002,2.0,1.2,4.0,0,True,0.0882
ER_25,ER,25,7,6,2025,1530,0.755556,1.296972,2.0,1.2,6.0,0,True,0.0741
ER_25,ER,25,7,7,2025,1528,0.754568,1.336581,2.0,1.2,7.0,0,True,0.0567
ER_25,ER,25,7,8,2025,1524,0.752593,1.314585,2.0,1.2,7.0,0,True,0.0722
ER_25,ER,25,7,9,2025,1525,0.753086,1.307454,2.0,1.2,7.0,0,True,0.1359
ER_26,ER,26,3,0,2059,2006,0.974259,1.014789,1.144048,1.0,2.0,0,True,0.0187
ER_26,ER,26,3,1,2059,2006,0.974259,1.014807,1.060882,1.0,2.0,0,True,0.016
ER_26,ER,26,3,2,2059,2008,0.975231,1.014473,1.166667,1.0,2.0,0,True,0.0156
ER_26,ER,26,3,3,2059,2007,0.974745,1.016071,1.100556,1.0,2.0,0,True,0.0126
ER_26,ER,26,3,4,2059,2007,0.974745,1.017224,1.168333,1.0,2.0,0,True,0.0108
ER_26,ER,26,3,5,2059,2010,0.976202,1.012193,1.0,1.0,1.666667,0,True,0.0087
ER_26,ER,26,3,6,2059,2006,0.974259,1.019537,1.2,1.0,2.0,0,True,0.0087
ER_26,ER,26,3,7,2059,2005,0.973774,1.013245,1.166667,1.0,1.666667,0,True,0.0106
ER_26,ER,26,3,8,2059,2005,0.973774,1.018684,1.166667,1.0,2.0,0,True,0.0196
ER_26,ER,26,3,9,2059,2009,0.975716,1.01361,1.007143,1.0,2.0,0,True,0.007
ER_26,ER,26,5,0,2059,1816,0.881982,1.103805,1.5,1.0,3.0,0,True,0.0243
ER_26,ER,26,5,1,2059,1809,0.878582,1.108885,1.5,1.0,4.0,0,True,0.0308
ER_26,ER,26,5,2,2059,1815,0.881496,1.11634,1.5,1.0,4.0,0,True,0.0338
ER_26,ER,26,5,3,2059,1815,0.881496,1.117866,1.5,1.0,4.0,0,True,0.0528
ER_26,ER,26,5,4,2059,1814,0.88101,1.109211,1.5,1.0,4.0,0,True,0.0486
ER_26,ER,26,5,5,2059,1815,0.881496,1.105854,1.5,1.0,3.0,0,True,0.0567
ER_26,ER,26,5,6,2059,1811,0.879553,1.099012,1.5,1.0,3.0,0,True,0.0422
ER_26,ER,26,5,7,2059,1801,0.874696,1.102665,1.5,1.0,4.0,0,True,0.0342
ER_26,ER,26,5,8,2059,1814,0.88101,1.104446,1.5,1.0,2.666667,0,True,0.0301
ER_26,ER,26,5,9,2059,1816,0.881982,1.112124,1.5,1.0,5.0,0,True,0.0333
ER_26,ER,26,7,0,2059,1542,0.748907,1.317855,2.0,1.2,7.0,0,True,0.0772
ER_26,ER,26,7,1,2059,1529,0.742593,1.302941,2.0,1.2,4.0,0,True,0.0717
ER_26,ER,26,7,2,2059,1534,0.745022,1.306281,1.81,1.2,6.0,0,True,0.0696
ER_26,ER,26,7,3,2059,1550,0.752793,1.315347,2.0,1.2,7.0,0,True,0.1358
ER_26,ER,26,7,4,2059,1536,0.745993,1.317948,2.0,1.2,7.0,0,True,0.1189
ER_26,ER,26,7,5,2059,1546,0.75085,1.329788,2.0,1.2,5.0,0,True,0.1146
ER_26,ER,26,7,6,2059,1533,0.744536,1.309192,2.0,1.2,5.0,0,True,0.0608
ER_26,ER,26,7,7,2059,1544,0.749879,1.323179,2.0,1.2,7.0,0,True,0.0571
ER_26,ER,26,7,8,2059,1539,0.74745,1.291605,1.801667,1.2,7.0,0,True,0.0578
ER_26,ER,26,7,9,2059,1538,0.746965,1.319131,2.0,1.2,6.0,0,True,0.0532
ER_27,ER,27,3,0,2007,1972,0.982561,1.007877,1.0,1.0,2.0,0,True,0.0147
ER_27,ER,27,3,1,2007,1973,0.983059,1.008327,1.0,1.0,1.666667,0,True,0.0086
ER_27,ER,27,3,2,2007,1973,0.983059,1.007136,1.0,1.0,1.666667,0,True,0.0088
ER_27,ER,27,3,3,2007,1973,0.983059,1.007544,1.0,1.0,2.0,0,True,0.0093
ER_27,ER,27,3,4,2007,1972,0.982561,1.010445,1.0,1.0,2.0,0,True,0.0077
ER_27,ER,27,3,5,2007,1973,0.983059,1.008744,1.0,1.0,2.0,0,True,0.0125
ER_27,ER,27,3,6,2007,1974,0.983558,1.007837,1.0,1.0,1.666667,0,True,0.0085
ER_27,ER,27,3,7,2007,1973,0.983059,1.006819,1.0,1.0,1.5,0,True,0.018
ER_27,ER,27,3,8,2007,1972,0.982561,1.009946,1.0,1.0,2.0,0,True,0.0152
ER_27,ER,27,3,9,2007,1974,0.983558,1.007001,1.0,1.0,2.0,0,True,0.016
ER_27,ER,27,5,0,2007,1786,0.889885,1.096174,1.4,1.0,4.0,0,True,0.0396
ER_27,ER,27,5,1,2007,1786,0.889885,1.11315,1.5,1.0,5.0,0,True,0.0441
ER_27,ER,27,5,2,2007,1781,0.887394,1.104134,1.405,1.0,5.0,0,True,0.0286
ER_27,ER,27,5,3,2007,1788,0.890882,1.107261,1.5,1.0,5.0,0,True,0.0334
ER_27,ER,27,5,4,2007,1788,0.890882,1.099786,1.5,1.0,4.0,0,True,0.0338
ER_27,ER,27,5,5,2007,1782,0.887892,1.10266,1.5,1.0,5.0,0,True,0.0289
ER_27,ER,27,5,6,2007,1779,0.886398,1.098255,1.4,1.0,3.0,0,True,0.0351
ER_27,ER,27,5,7,2007,1777,0.885401,1.10275,1.5,1.0,5.0,0,True,0.0297
ER_27,ER,27,5,8,2007,1780,0.886896,1.108833,1.5,1.0,5.0,0,True,0.0599
ER_27,ER,27,5,9,2007,1788,0.890882,1.09071,1.4,1.0,2.5,0,True,0.0468
ER_27,ER,27,7,0,2007,1521,0.757848,1.296869,2.0,1.2,6.0,0,True,0.1036
ER_27,ER,27,7,1,2007,1519,0.756851,1.314026,2.0,1.2,6.0,0,True,0.0816
ER_27,ER,27,7,2,2007,1524,0.759342,1.308631,2.0,1.2,6.0,0,True,0.0661
ER_27,ER,27,7,3,2007,1526,0.760339,1.311325,2.0,1.2,6.0,0,True,0.0624
ER_27,ER,27,7,4,2007,1535,0.764823,1.301466,2.0,1.2,6.0,0,True,0.0679
ER_27,ER,27,7,5,2007,1535,0.764823,1.287,1.8,1.2,6.0,0,True,0.0813
ER_27,ER,27,7,6,2007,1531,0.76283,1.292027,2.0,1.2,4.0,0,True,0.0647
ER_27,ER,27,7,7,2007,1536,0.765321,1.280672,2.0,1.2,4.0,0,True,0.0722
ER_27,ER,27,7,8,2007,1511,0.752865,1.324071,2.0,1.2,7.0,0,True,0.1189
ER_27,ER,27,7,9,2007,1532,0.763328,1.312154,2.0,1.2,6.0,0,True,0.1067
ER_28,ER,28,3,0,1994,1958,0.981946,1.010642,1.0,1.0,2.0,0,True,0.0153
ER_28,ER,28,3,1,1994,1958,0.981946,1.01092,1.0,1.0,2.0,0,True,0.0077
ER_28,ER,28,3,2,1994,1960,0.982949,1.01071,1.0,1.0,2.0,0,True,0.0106
ER_28,ER,28,3,3,1994,1957,0.981444,1.010661,1.0,1.0,2.0,0,True,0.0086
ER_28,ER,28,3,4,1994,1957,0.981444,1.012979,1.166667,1.0,1.666667,0,True,0.0072
ER_28,ER,28,3,5,1994,1956,0.980943,1.009443,1.0,1.0,1.666667,0,True,0.0071
ER_28,ER,28,3,6,1994,1956,0.980943,1.015544,1.144048,1.0,2.0,0,True,0.0075
ER_28,ER,28,3,7,1994,1957,0.981444,1.012254,1.0,1.0,2.0,0,True,0.0062
ER_28,ER,28,3,8,1994,1959,0.982447,1.008883,1.0,1.0,1.5,0,True,0.0057
ER_28,ER,28,3,9,1994,1957,0.981444,1.010693,1.0,1.0,1.666667,0,True,0.0055
ER_28,ER,28,5,0,1994,1765,0.885155,1.105788,1.5,1.0,2.5,0,True,0.0201
ER_28,ER,28,5,1,1994,1765,0.885155,1.102764,1.5,1.0,3.0,0,True,0.0214
ER_28,ER,28,5,2,1994,1770,0.887663,1.100532,1.5,1.0,2.5,0,True,0.0337
ER_28,ER,28,5,3,1994,1759,0.882146,1.097562,1.5,1.0,3.0,0,True,0.0556
ER_28,ER,28,5,4,1994,1776,0.890672,1.097358,1.5,1.0,3.0,0,True,0.0489
ER_28,ER,28,5,5,1994,1767,0.886158,1.118163,1.5,1.0,3.0,0,True,0.0397
ER_28,ER,28,5,6,1994,1774,0.889669,1.103987,1.5,1.0,3.0,0,True,0.0393
ER_28,ER,28,5,7,1994,1773,0.889168,1.096694,1.5,1.0,3.0,0,True,0.0445
ER_28,ER,28,5,8,1994,1772,0.888666,1.094286,1.5,1.0,3.0,0,True,0.0236
ER_28,ER,28,5,9,1994,1769,0.887161,1.114772,1.5,1.0,5.0,0,True,0.0202
ER_28,ER,28,7,0,1994,1515,0.759779,1.310505,2.0,1.2,7.0,0,True,0.0465
ER_28,ER,28,7,1,1994,1520,0.762287,1.294196,1.81,1.2,4.0,0,True,0.0453
ER_28,ER,28,7,2,1994,1511,0.757773,1.296543,2.0,1.2,4.0,0,True,0.0456
ER_28,ER,28,7,3,1994,1512,0.758275,1.276858,1.8,1.2,6.0,0,True,0.0594
ER_28,ER,28,7,4,1994,1524,0.764293,1.274917,1.8,1.2,3.5,0,True,0.1102
ER_28,ER,28,7,5,1994,1524,0.764293,1.291354,1.8,1.2,3.5,0,True,0.1095
ER_28,ER,28,7,6,1994,1508,0.756269,1.293195,2.0,1.2,3.5,0,True,0.0952
ER_28,ER,28,7,7,1994,1525,0.764794,1.291928,2.0,1.2,4.0,0,True,0.076
ER_28,ER,28,7,8,1994,1516,0.760281,1.291688,2.0,1.2,3.5,0,True,0.0635
ER_28,ER,28,7,9,1994,1501,0.752758,1.310781,2.0,1.2,3.5,0,True,0.0629
ER_29,ER,29,3,0,2031,2000,0.984737,1.01026,1.0,1.0,2.0,0,True,0.0086
ER_29,ER,29,3,1,2031,1998,0.983752,1.00766,1.0,1.0,1.666667,0,True,0.0106
ER_29,ER,29,3,2,2031,2000,0.984737,1.008876,1.0,1.0,2.0,0,True,0.0083
ER_29,ER,29,3,3,2031,1999,0.984244,1.006486,1.0,1.0,1.666667,0,True,0.0076
ER_29,ER,29,3,4,2031,1998,0.983752,1.01083,1.0,1.0,2.0,0,True,0.0135
ER_29,ER,29,3,5,2031,2000,0.984737,1.010729,1.0,1.0,2.0,0,True,0.008
ER_29,ER,29,3,6,2031,2000,0.984737,1.005643,1.0,1.0,1.4,0,True,0.0103
ER_29,ER,29,3,7,2031,1999,0.984244,1.010222,1.0,1.0,2.0,0,True,0.0095
ER_29,ER,29,3,8,2031,1999,0.984244,1.011019,1.0,1.0,2.0,0,True,0.0166
ER_29,ER,29,3,9,2031,1999,0.984244,1.006419,1.0,1.0,1.666667,0,True,0.0117
ER_29,ER,29,5,0,2031,1804,0.888232,1.110492,1.5,1.0,2.5,0,True,0.0607
ER_29,ER,29,5,1,2031,1798,0.885278,1.107584,1.5,1.0,2.5,0,True,0.0477
ER_29,ER,29,5,2,2031,1788,0.880355,1.106686,1.5,1.0,3.5,0,True,0.0487
ER_29,ER,29,5,3,2031,1791,0.881832,1.107039,1.5,1.0,5.0,0,True,0.0376
ER_29,ER,29,5,4,2031,1793,0.882816,1.112352,1.5,1.0,3.0,0,True,0.0263
ER_29,ER,29,5,5,2031,1800,0.886263,1.105824,1.5,1.0,3.0,0,True,0.0346
ER_29,ER,29,5,6,2031,1788,0.880355,1.107499,1.5,1.0,3.0,0,True,0.0296
ER_29,ER,29,5,7,2031,1780,0.876416,1.122496,1.5,1.0,5.0,0,True,0.0338
ER_29,ER,29,5,8,2031,1797,0.884786,1.115562,1.5,1.0,4.0,0,True,0.0358
ER_29,ER,29,5,9,2031,1798,0.885278,1.117383,1.5,1.0,3.0,0,True,0.0804
ER_29,ER,29,7,0,2031,1537,0.75677,1.300759,2.0,1.2,7.0,0,True,0.121
ER_29,ER,29,7,1,2031,1529,0.752831,1.294137,1.8,1.2,6.0,0,True,0.085
ER_29,ER,29,7,2,2031,1534,0.755293,1.315278,2.0,1.2,7.0,0,True,0.07
ER_29,ER,29,7,3,2031,1521,0.748892,1.333449,2.0,1.2,7.0,0,True,0.0673
ER_29,ER,29,7,4,2031,1522,0.749385,1.320515,2.0,1.2,6.0,0,True,0.0724
ER_29,ER,29,7,5,2031,1526,0.751354,1.325242,2.0,1.2,7.0,0,True,0.0655
ER_29,ER,29,7,6,2031,1532,0.754308,1.306445,2.0,1.2,6.0,0,True,0.0724
ER_29,ER,29,7,7,2031,1527,0.751846,1.318412,2.0,1.2,7.0,0,True,0.0702
ER_29,ER,29,7,8,2031,1510,0.743476,1.312276,2.0,1.2,6.0,0,True,0.0712
ER_29,ER,29,7,9,2031,1502,0.739537,1.319558,2.0,1.2,4.0,0,True,0.1036
GRID_00,GRID,0,3,0,1896,1381,0.728376,1.061821,1.267619,1.0,3.0,0,True,0.0095
GRID_00,GRID,0,3,1,1896,1369,0.722046,1.064057,1.266667,1.0,3.0,0,True,0.0062
GRID_00,GRID,0,3,2,1896,1373,0.724156,1.072722,1.307692,1.0,3.0,0,True,0.0075
GRID_00,GRID,0,3,3,1896,1386,0.731013,1.065096,1.261159,1.0,3.0,0,True,0.0066
GRID_00,GRID,0,3,4,1896,1372,0.723629,1.073621,1.307692,1.0,2.0,0,True,0.0076
GRID_00,GRID,0,3,5,1896,1378,0.726793,1.072659,1.285714,1.0,3.0,0,True,0.005
GRID_00,GRID,0,3,6,1896,1382,0.728903,1.072242,1.285714,1.0,3.0,0,True,0.005
GRID_00,GRID,0,3,7,1896,1379,0.727321,1.081154,1.285714,1.0,3.0,0,True,0.0072
GRID_00,GRID,0,3,8,1896,1369,0.722046,1.070867,1.285714,1.0,3.0,0,True,0.006
GRID_00,GRID,0,3,9,1896,1372,0.723629,1.071112,1.285714,1.0,3.0,0,True,0.0051
GRID_00,GRID,0,5,0,1896,1221,0.643987,1.136985,1.444803,1.086957,5.0,0,True,0.0061
GRID_00,GRID,0,5,1,1896,1225,0.646097,1.125757,1.4,1.08,5.0,0,True,0.0056
GRID_00,GRID,0,5,2,1896,1227,0.647152,1.129547,1.444444,1.081667,3.0,0,True,0.0122
GRID_00,GRID,0,5,3,1896,1222,0.644515,1.131121,1.4,1.083333,3.0,0,True,0.0102
GRID_00,GRID,0,5,4,1896,1226,0.646624,1.146238,1.435266,1.095238,5.0,0,True,0.031
GRID_00,GRID,0,5,5,1896,1221,0.643987,1.14272,1.444444,1.102564,3.0,0,True,0.0098
GRID_00,GRID,0,5,6,1896,1235,0.651371,1.140099,1.4,1.090909,5.0,0,True,0.0097
GRID_00,GRID,0,5,7,1896,1219,0.642932,1.144438,1.437847,1.1,3.0,0,True,0.0055
GRID_00,GRID,0,5,8,1896,1227,0.647152,1.140276,1.414156,1.095238,5.0,0,True,0.005
GRID_00,GRID,0,5,9,1896,1221,0.643987,1.143778,1.421053,1.1,3.0,0,True,0.0051
GRID_00,GRID,0,7,0,1896,1147,0.604958,1.227618,1.600303,1.166667,5.0,0,True,0.0067
GRID_00,GRID,0,7,1,1896,1154,0.60865,1.19574,1.5,1.153846,3.0,0,True,0.006
GRID_00,GRID,0,7,2,1896,1152,0.607595,1.203446,1.556349,1.153846,3.0,0,True,0.0057
GRID_00,GRID,0,7,3,1896,1147,0.604958,1.213675,1.571429,1.153846,5.0,0,True,0.0041
GRID_00,GRID,0,7,4,1896,1154,0.60865,1.199982,1.5,1.153846,5.0,0,True,0.005
GRID_00,GRID,0,7,5,1896,1153,0.608122,1.212208,1.571429,1.166667,3.0,0,True,0.007
GRID_00,GRID,0,7,6,1896,1153,0.608122,1.208177,1.571429,1.153846,3.0,0,True,0.0105
GRID_00,GRID,0,7,7,1896,1158,0.610759,1.200341,1.545455,1.153846,7.0,0,True,0.013
GRID_00,GRID,0,7,8,1896,1150,0.60654,1.210876,1.571429,1.153846,5.0,0,True,0.0117
GRID_00,GRID,0,7,9,1896,1154,0.60865,1.210766,1.615385,1.153846,5.0,0,True,0.0112
GRID_01,GRID,1,3,0,1896,1377,0.726266,1.064453,1.266667,1.0,3.0,0,True,0.007
GRID_01,GRID,1,3,1,1896,1373,0.724156,1.075677,1.285714,1.0,3.0,0,True,0.004
GRID_01,GRID,1,3,2,1896,1371,0.723101,1.07492,1.285714,1.0,3.0,0,True,0.003
GRID_01,GRID,1,3,3,1896,1372,0.723629,1.073092,1.285714,1.0,3.0,0,True,0.005
GRID_01,GRID,1,3,4,1896,1386,0.731013,1.067425,1.285714,1.0,3.0,0,True,0.002
GRID_01,GRID,1,3,5,1896,1378,0.726793,1.075831,1.286813,1.0,3.0,0,True,0.004
GRID_01,GRID,1,3,6,1896,1370,0.722574,1.078578,1.285714,1.0,3.0,0,True,0.005
GRID_01,GRID,1,3,7,1896,1362,0.718354,1.077859,1.286243,1.0,3.0,0,True,0.0031
GRID_01,GRID,1,3,8,1896,1376,0.725738,1.075304,1.285714,1.0,2.0,0,True,0.005
GRID_01,GRID,1,3,9,1896,1379,0.727321,1.084229,1.320667,1.0,3.0,0,True,0.003
GRID_01,GRID,1,5,0,1896,1231,0.649262,1.136937,1.444444,1.083333,5.0,0,True,0.004
GRID_01,GRID,1,5,1,1896,1233,0.650316,1.12187,1.4,1.08,3.0,0,True,0.0162
GRID_01,GRID,1,5,2,1896,1226,0.646624,1.160831,1.5,1.111111,5.0,0,True,0.004
GRID_01,GRID,1,5,3,1896,1221,0.643987,1.137247,1.417262,1.083333,5.0,0,True,0.0051
GRID_01,GRID,1,5,4,1896,1232,0.649789,1.140586,1.429365,1.095238,5.0,0,True,0.0105
GRID_01,GRID,1,5,5,1896,1228,0.647679,1.167594,1.5,1.121212,3.0,0,True,0.007
GRID_01,GRID,1,5,6,1896,1229,0.648207,1.129209,1.421429,1.074074,5.0,0,True,0.0107
GRID_01,GRID,1,5,7,1896,1228,0.647679,1.144132,1.461991,1.095238,3.0,0,True,0.007
GRID_01,GRID,1,5,8,1896,1226,0.646624,1.149495,1.421429,1.1,3.0,0,True,0.0104
GRID_01,GRID,1,5,9,1896,1234,0.650844,1.135463,1.4,1.090909,5.0,0,True,0.0096
GRID_01,GRID,1,7,0,1896,1148,0.605485,1.220613,1.571889,1.176471,5.0,0,True,0.0051
GRID_01,GRID,1,7,1,1896,1143,0.602848,1.190924,1.571429,1.148148,3.0,0,True,0.0059
GRID_01,GRID,1,7,2,1896,1147,0.604958,1.228408,1.571429,1.181818,5.0,0,True,0.005
GRID_01,GRID,1,7,3,1896,1152,0.607595,1.215279,1.571429,1.166667,5.0,0,True,0.004
GRID_01,GRID,1,7,4,1896,1152,0.607595,1.21052,1.571429,1.166667,5.0,0,True,0.0051
GRID_01,GRID,1,7,5,1896,1154,0.60865,1.20859,1.555556,1.153846,7.0,0,True,0.0051
GRID_01,GRID,1,7,6,1896,1148,0.605485,1.23435,1.666667,1.181818,3.0,0,True,0.0051
GRID_01,GRID,1,7,7,1896,1158,0.610759,1.203325,1.571429,1.153846,5.0,0,True,0.004
GRID_01,GRID,1,7,8,1896,1153,0.608122,1.207013,1.571429,1.153846,5.0,0,True,0.004
GRID_01,GRID,1,7,9,1896,1158,0.610759,1.220963,1.571429,1.177866,5.0,0,True,0.0089
GRID_02,GRID,2,3,0,1896,1389,0.732595,1.060043,1.275862,1.0,2.0,0,True,0.0081
GRID_02,GRID,2,3,1,1896,1375,0.725211,1.06611,1.285714,1.0,2.0,0,True,0.006
GRID_02,GRID,2,3,2,1896,1377,0.726266,1.06951,1.285714,1.0,3.0,0,True,0.004
GRID_02,GRID,2,3,3,1896,1390,0.733122,1.063007,1.266667,1.0,3.0,0,True,0.0081
GRID_02,GRID,2,3,4,1896,1382,0.728903,1.06672,1.26697,1.0,2.333333,0,True,0.004
GRID_02,GRID,2,3,5,1896,1383,0.72943,1.065067,1.285714,1.0,2.0,0,True,0.0041
GRID_02,GRID,2,3,6,1896,1377,0.726266,1.070388,1.285714,1.0,3.0,0,True,0.004
GRID_02,GRID,2,3,7,1896,1377,0.726266,1.075847,1.286243,1.0,3.0,0,True,0.0037
GRID_02,GRID,2,3,8,1896,1380,0.727848,1.064433,1.285714,1.0,3.0,0,True,0.0037
GRID_02,GRID,2,3,9,1896,1377,0.726266,1.065933,1.285714,1.0,3.0,0,True,0.0207
GRID_02,GRID,2,5,0,1896,1227,0.647152,1.12942,1.4,1.083333,5.0,0,True,0.005
GRID_02,GRID,2,5,1,1896,1228,0.647679,1.152749,1.454895,1.108108,3.0,0,True,0.004
GRID_02,GRID,2,5,2,1896,1231,0.649262,1.154696,1.444444,1.111111,3.0,0,True,0.004
GRID_02,GRID,2,5,3,1896,1225,0.646097,1.140534,1.4,1.105263,5.0,0,True,0.0044
GRID_02,GRID,2,5,4,1896,1228,0.647679,1.143271,1.461538,1.101282,3.0,0,True,0.005
GRID_02,GRID,2,5,5,1896,1224,0.64557,1.130997,1.4,1.083333,5.0,0,True,0.009
GRID_02,GRID,2,5,6,1896,1230,0.648734,1.127774,1.4,1.083333,3.0,0,True,0.0105
GRID_02,GRID,2,5,7,1896,1227,0.647152,1.150579,1.4,1.111111,5.0,0,True,0.01
GRID_02,GRID,2,5,8,1896,1226,0.646624,1.11819,1.387742,1.074074,3.0,0,True,0.0101
GRID_02,GRID,2,5,9,1896,1230,0.648734,1.14277,1.461538,1.095238,5.0,0,True,0.009
GRID_02,GRID,2,7,0,1896,1156,0.609705,1.218535,1.588453,1.166667,5.0,0,True,0.0087
GRID_02,GRID,2,7,1,1896,1159,0.611287,1.222886,1.54596,1.166667,5.0,0,True,0.008
GRID_02,GRID,2,7,2,1896,1148,0.605485,1.202411,1.545455,1.153846,4.0,0,True,0.005
GRID_02,GRID,2,7,3,1896,1152,0.607595,1.227123,1.6,1.175192,3.0,0,True,0.005
GRID_02,GRID,2,7,4,1896,1152,0.607595,1.204966,1.571429,1.16,5.0,0,True,0.0052
GRID_02,GRID,2,7,5,1896,1154,0.60865,1.202217,1.571429,1.153846,3.0,0,True,0.0049
GRID_02,GRID,2,7,6,1896,1151,0.607068,1.205217,1.571429,1.153846,3.666667,0,True,0.0041
GRID_02,GRID,2,7,7,1896,1149,0.606013,1.20795,1.533939,1.166667,5.0,0,True,0.004
GRID_02,GRID,2,7,8,1896,1150,0.60654,1.202853,1.571429,1.142857,4.0,0,True,0.0041
GRID_02,GRID,2,7,9,1896,1151,0.607068,1.207428,1.571429,1.153846,5.0,0,True,0.011
GRID_03,GRID,3,3,0,1896,1382,0.728903,1.07517,1.286243,1.0,2.0,0,True,0.0074
GRID_03,GRID,3,3,1,1896,1382,0.728903,1.074603,1.285714,1.0,2.0,0,True,0.0039
GRID_03,GRID,3,3,2,1896,1374,0.724684,1.064867,1.285714,1.0,2.0,0,True,0.0051
GRID_03,GRID,3,3,3,1896,1380,0.727848,1.068413,1.285714,1.0,2.0,0,True,0.008
GRID_03,GRID,3,3,4,1896,1376,0.725738,1.060629,1.285714,1.0,2.0,0,True,0.007
GRID_03,GRID,3,3,5,1896,1378,0.726793,1.075984,1.320667,1.0,2.0,0,True,0.004
GRID_03,GRID,3,3,6,1896,1375,0.725211,1.071825,1.285714,1.0,2.0,0,True,0.0245
GRID_03,GRID,3,3,7,1896,1383,0.72943,1.065058,1.26697,1.0,2.0,0,True,0.0041
GRID_03,GRID,3,3,8,1896,1380,0.727848,1.073883,1.3,1.0,2.0,0,True,0.0049
GRID_03,GRID,3,3,9,1896,1376,0.725738,1.06281,1.285714,1.0,2.0,0,True,0.0041
GRID_03,GRID,3,5,0,1896,1229,0.648207,1.139339,1.4,1.1,2.0,0,True,0.0051
GRID_03,GRID,3,5,1,1896,1227,0.647152,1.145888,1.428571,1.105263,2.5,0,True,0.01
GRID_03,GRID,3,5,2,1896,1227,0.647152,1.136013,1.421053,1.095238,2.2,0,True,0.008
GRID_03,GRID,3,5,3,1896,1225,0.646097,1.137843,1.428571,1.09878,2.0,0,True,0.0101
GRID_03,GRID,3,5,4,1896,1226,0.646624,1.136894,1.428571,1.093023,2.2,0,True,0.0081
GRID_03,GRID,3,5,5,1896,1235,0.651371,1.13159,1.4,1.090909,2.0,0,True,0.004
GRID_03,GRID,3,5,6,1896,1232,0.649789,1.131597,1.417262,1.095238,3.0,0,True,0.0089
GRID_03,GRID,3,5,7,1896,1230,0.648734,1.127337,1.4,1.086957,2.333333,0,True,0.0069
GRID_03,GRID,3,5,8,1896,1225,0.646097,1.125045,1.4,1.086957,3.0,0,True,0.0061
GRID_03,GRID,3,5,9,1896,1226,0.646624,1.150374,1.471059,1.111111,3.0,0,True,0.0051
GRID_03,GRID,3,7,0,1896,1155,0.609177,1.204321,1.556349,1.153846,4.0,0,True,0.009
GRID_03,GRID,3,7,1,1896,1150,0.60654,1.208422,1.545455,1.166667,3.0,0,True,0.0069
GRID_03,GRID,3,7,2,1896,1148,0.605485,1.202853,1.533333,1.16,3.0,0,True,0.007
GRID_03,GRID,3,7,3,1896,1147,0.604958,1.216034,1.588235,1.169048,2.5,0,True,0.008
GRID_03,GRID,3,7,4,1896,1148,0.605485,1.188886,1.571429,1.142857,2.333333,0,True,0.0121
GRID_03,GRID,3,7,5,1896,1155,0.609177,1.221321,1.571429,1.176471,2.5,0,True,0.0129
GRID_03,GRID,3,7,6,1896,1161,0.612342,1.208139,1.545455,1.161633,3.0,0,True,0.0141
GRID_03,GRID,3,7,7,1896,1156,0.609705,1.18754,1.533333,1.142857,4.0,0,True,0.0131
GRID_03,GRID,3,7,8,1896,1150,0.60654,1.204413,1.545455,1.166667,2.666667,0,True,0.0129
GRID_03,GRID,3,7,9,1896,1159,0.611287,1.183869,1.5,1.137931,5.0,0,True,0.0104
GRID_04,GRID,4,3,0,1896,1379,0.727321,1.069727,1.285714,1.0,2.0,0,True,0.0053
GRID_04,GRID,4,3,1,1896,1374,0.724684,1.071742,1.285714,1.0,3.0,0,True,0.0049
GRID_04,GRID,4,3,2,1896,1382,0.728903,1.064974,1.285714,1.0,2.333333,0,True,0.004
GRID_04,GRID,4,3,3,1896,1379,0.727321,1.061103,1.285714,1.0,1.666667,0,True,0.004
GRID_04,GRID,4,3,4,1896,1381,0.728376,1.070243,1.307692,1.0,2.0,0,True,0.0156
GRID_04,GRID,4,3,5,1896,1386,0.731013,1.056225,1.25,1.0,2.0,0,True,0.0081
GRID_04,GRID,4,3,6,1896,1381,0.728376,1.070705,1.285714,1.0,2.333333,0,True,0.0081
GRID_04,GRID,4,3,7,1896,1378,0.726793,1.070973,1.307692,1.0,3.0,0,True,0.0081
GRID_04,GRID,4,3,8,1896,1375,0.725211,1.063153,1.285714,1.0,3.0,0,True,0.008
GRID_04,GRID,4,3,9,1896,1382,0.728903,1.052888,1.261159,1.0,3.0,0,True,0.0061
GRID_04,GRID,4,5,0,1896,1226,0.646624,1.146435,1.444444,1.1,5.0,0,True,0.01
GRID_04,GRID,4,5,1,1896,1229,0.648207,1.126088,1.444444,1.075499,3.0,0,True,0.0111
GRID_04,GRID,4,5,2,1896,1221,0.643987,1.135963,1.461538,1.083333,3.0,0,True,0.007
GRID_04,GRID,4,5,3,1896,1230,0.648734,1.122038,1.401053,1.071429,3.0,0,True,0.0041
GRID_04,GRID,4,5,4,1896,1220,0.64346,1.136013,1.444444,1.083333,3.0,0,True,0.005
GRID_04,GRID,4,5,5,1896,1224,0.64557,1.142807,1.444444,1.095238,3.0,0,True,0.0066
GRID_04,GRID,4,5,6,1896,1236,0.651899,1.123589,1.4,1.076923,3.0,0,True,0.005
GRID_04,GRID,4,5,7,1896,1238,0.652954,1.128313,1.4,1.083333,3.0,0,True,0.009
GRID_04,GRID,4,5,8,1896,1236,0.651899,1.128961,1.444444,1.076923,3.0,0,True,0.009
GRID_04,GRID,4,5,9,1896,1221,0.643987,1.142607,1.444444,1.093023,5.0,0,True,0.01
GRID_04,GRID,4,7,0,1896,1154,0.60865,1.190732,1.5,1.148148,3.0,0,True,0.012
GRID_04,GRID,4,7,1,1896,1150,0.60654,1.220026,1.571429,1.166667,5.0,0,True,0.011
GRID_04,GRID,4,7,2,1896,1156,0.609705,1.195749,1.501316,1.142857,5.0,0,True,0.008
GRID_04,GRID,4,7,3,1896,1153,0.608122,1.188239,1.545455,1.137931,3.0,0,True,0.013
GRID_04,GRID,4,7,4,1896,1160,0.611814,1.192755,1.545455,1.134848,4.0,0,True,0.009
GRID_04,GRID,4,7,5,1896,1153,0.608122,1.202133,1.571429,1.153846,2.333333,0,True,0.0076
GRID_04,GRID,4,7,6,1896,1152,0.607595,1.207648,1.615385,1.16,3.0,0,True,0.006
GRID_04,GRID,4,7,7,1896,1152,0.607595,1.210907,1.571429,1.15587,7.0,0,True,0.009
GRID_04,GRID,4,7,8,1896,1156,0.609705,1.184125,1.501667,1.137147,3.0,0,True,0.007
GRID_04,GRID,4,7,9,1896,1156,0.609705,1.195395,1.571429,1.133333,3.0,0,True,0.004
GRID_05,GRID,5,3,0,1896,1374,0.724684,1.068783,1.285714,1.0,3.0,0,True,0.007
GRID_05,GRID,5,3,1,1896,1378,0.726793,1.073591,1.316667,1.0,2.333333,0,True,0.026
GRID_05,GRID,5,3,2,1896,1374,0.724684,1.067938,1.285714,1.0,2.0,0,True,0.0087
GRID_05,GRID,5,3,3,1896,1378,0.726793,1.081352,1.333333,1.0,3.0,0,True,0.008
GRID_05,GRID,5,3,4,1896,1382,0.728903,1.061371,1.26697,1.0,1.666667,0,True,0.007
GRID_05,GRID,5,3,5,1896,1376,0.725738,1.076489,1.285714,1.0,3.0,0,True,0.004
GRID_05,GRID,5,3,6,1896,1378,0.726793,1.072467,1.333333,1.0,3.0,0,True,0.008
GRID_05,GRID,5,3,7,1896,1382,0.728903,1.058815,1.266667,1.0,3.0,0,True,0.005
GRID_05,GRID,5,3,8,1896,1383,0.72943,1.066983,1.285714,1.0,2.0,0,True,0.005
GRID_05,GRID,5,3,9,1896,1376,0.725738,1.070993,1.333333,1.0,2.0,0,True,0.004
GRID_05,GRID,5,5,0,1896,1223,0.645042,1.145001,1.5,1.083333,3.0,0,True,0.0051
GRID_05,GRID,5,5,1,1896,1224,0.64557,1.168966,1.5,1.117647,3.0,0,True,0.006
GRID_05,GRID,5,5,2,1896,1231,0.649262,1.14245,1.5,1.086031,5.0,0,True,0.008
GRID_05,GRID,5,5,3,1896,1236,0.651899,1.142618,1.5,1.089899,3.0,0,True,0.005
GRID_05,GRID,5,5,4,1896,1232,0.649789,1.130955,1.444444,1.076923,3.0,0,True,0.0091
GRID_05,GRID,5,5,5,1896,1232,0.649789,1.14206,1.5,1.086957,5.0,0,True,0.0081
GRID_05,GRID,5,5,6,1896,1223,0.645042,1.144478,1.461538,1.090909,5.0,0,True,0.0111
GRID_05,GRID,5,5,7,1896,1225,0.646097,1.140152,1.455348,1.090909,3.0,0,True,0.0079
GRID_05,GRID,5,5,8,1896,1226,0.646624,1.148881,1.444444,1.097561,3.0,0,True,0.0089
GRID_05,GRID,5,5,9,1896,1233,0.650316,1.120759,1.4,1.076923,3.0,0,True,0.008
GRID_05,GRID,5,7,0,1896,1159,0.611287,1.202032,1.571429,1.153846,3.0,0,True,0.0156
GRID_05,GRID,5,7,1,1896,1152,0.607595,1.201673,1.588235,1.142857,3.666667,0,True,0.008
GRID_05,GRID,5,7,2,1896,1152,0.607595,1.218412,1.571429,1.16,3.0,0,True,0.0104
GRID_05,GRID,5,7,3,1896,1149,0.606013,1.207263,1.666667,1.153846,3.0,0,True,0.009
GRID_05,GRID,5,7,4,1896,1153,0.608122,1.198873,1.571429,1.135632,5.0,0,True,0.007
GRID_05,GRID,5,7,5,1896,1152,0.607595,1.221656,1.6,1.153846,7.0,0,True,0.008
GRID_05,GRID,5,7,6,1896,1155,0.609177,1.223884,1.6,1.172671,5.0,0,True,0.0141
GRID_05,GRID,5,7,7,1896,1149,0.606013,1.207324,1.572857,1.153846,3.0,0,True,0.0129
GRID_05,GRID,5,7,8,1896,1153,0.608122,1.211554,1.571429,1.162714,3.0,0,True,0.01
GRID_05,GRID,5,7,9,1896,1149,0.606013,1.192334,1.54596,1.142857,3.0,0,True,0.011
GRID_06,GRID,6,3,0,1896,1378,0.726793,1.075693,1.285714,1.0,3.0,0,True,0.008
GRID_06,GRID,6,3,1,1896,1379,0.727321,1.083533,1.296296,1.0,3.0,0,True,0.007
GRID_06,GRID,6,3,2,1896,1380,0.727848,1.07283,1.266667,1.0,3.0,0,True,0.007
GRID_06,GRID,6,3,3,1896,1381,0.728376,1.068248,1.250833,1.0,3.0,0,True,0.004
GRID_06,GRID,6,3,4,1896,1371,0.723101,1.083885,1.312664,1.0,3.0,0,True,0.008
GRID_06,GRID,6,3,5,1896,1377,0.726266,1.079284,1.285714,1.0,3.0,0,True,0.0065
GRID_06,GRID,6,3,6,1896,1377,0.726266,1.068054,1.266667,1.0,2.0,0,True,0.0059
GRID_06,GRID,6,3,7,1896,1379,0.727321,1.084263,1.307692,1.0,2.333333,0,True,0.0065
GRID_06,GRID,6,3,8,1896,1382,0.728903,1.066373,1.285714,1.0,3.0,0,True,0.008
GRID_06,GRID,6,3,9,1896,1377,0.726266,1.081735,1.285714,1.0,3.0,0,True,0.0071
GRID_06,GRID,6,5,0,1896,1227,0.647152,1.167226,1.5,1.117647,5.0,0,True,0.0099
GRID_06,GRID,6,5,1,1896,1233,0.650316,1.151294,1.444444,1.09878,3.0,0,True,0.01
GRID_06,GRID,6,5,2,1896,1214,0.640295,1.166232,1.5,1.111111,3.0,0,True,0.0082
GRID_06,GRID,6,5,3,1896,1222,0.644515,1.159574,1.461538,1.105263,5.0,0,True,0.005
GRID_06,GRID,6,5,4,1896,1219,0.642932,1.138496,1.421053,1.090909,3.0,0,True,0.007
GRID_06,GRID,6,5,5,1896,1229,0.648207,1.155092,1.461991,1.111111,3.0,0,True,0.0075
GRID_06,GRID,6,5,6,1896,1225,0.646097,1.132891,1.4,1.085145,3.0,0,True,0.0042
GRID_06,GRID,6,5,7,1896,1229,0.648207,1.128368,1.4,1.086957,3.0,0,True,0.0051
GRID_06,GRID,6,5,8,1896,1232,0.649789,1.150433,1.444444,1.111111,3.0,0,True,0.0051
GRID_06,GRID,6,5,9,1896,1223,0.645042,1.143602,1.428571,1.095238,3.0,0,True,0.004
GRID_06,GRID,6,7,0,1896,1155,0.609177,1.222587,1.6,1.166667,7.0,0,True,0.012
GRID_06,GRID,6,7,1,1896,1158,0.610759,1.205491,1.545455,1.16,3.0,0,True,0.014
GRID_06,GRID,6,7,2,1896,1160,0.611814,1.207511,1.545455,1.153846,7.0,0,True,0.011
GRID_06,GRID,6,7,3,1896,1151,0.607068,1.203564,1.571429,1.158947,5.0,0,True,0.0135
GRID_06,GRID,6,7,4,1896,1150,0.60654,1.219217,1.545455,1.166667,5.0,0,True,0.012
GRID_06,GRID,6,7,5,1896,1151,0.607068,1.221033,1.571429,1.179144,4.0,0,True,0.008
GRID_06,GRID,6,7,6,1896,1160,0.611814,1.191276,1.501667,1.137931,7.0,0,True,0.0059
GRID_06,GRID,6,7,7,1896,1147,0.604958,1.214891,1.54596,1.173913,5.0,0,True,0.0071
GRID_06,GRID,6,7,8,1896,1151,0.607068,1.219592,1.583578,1.173913,4.0,0,True,0.011
GRID_06,GRID,6,7,9,1896,1152,0.607595,1.213773,1.545455,1.169048,7.0,0,True,0.0125
GRID_07,GRID,7,3,0,1896,1383,0.72943,1.063132,1.285714,1.0,2.0,0,True,0.007
GRID_07,GRID,7,3,1,1896,1374,0.724684,1.073503,1.285714,1.0,3.0,0,True,0.008
GRID_07,GRID,7,3,2,1896,1377,0.726266,1.067229,1.285714,1.0,2.0,0,True,0.007
GRID_07,GRID,7,3,3,1896,1376,0.725738,1.073756,1.285714,1.0,1.666667,0,True,0.006
GRID_07,GRID,7,3,4,1896,1382,0.728903,1.059853,1.26087,1.0,2.0,0,True,0.005
GRID_07,GRID,7,3,5,1896,1379,0.727321,1.063282,1.266667,1.0,2.0,0,True,0.007
GRID_07,GRID,7,3,6,1896,1371,0.723101,1.069078,1.285714,1.0,3.0,0,True,0.0079
GRID_07,GRID,7,3,7,1896,1384,0.729958,1.069628,1.285714,1.0,2.0,0,True,0.007
GRID_07,GRID,7,3,8,1896,1379,0.727321,1.077899,1.307692,1.0,3.0,0,True,0.005
GRID_07,GRID,7,3,9,1896,1373,0.724156,1.077305,1.285714,1.0,3.0,0,True,0.003
GRID_07,GRID,7,5,0,1896,1224,0.64557,1.138445,1.428571,1.1,5.0,0,True,0.004
GRID_07,GRID,7,5,1,1896,1220,0.64346,1.146395,1.444444,1.105263,3.0,0,True,0.005
GRID_07,GRID,7,5,2,1896,1225,0.646097,1.137465,1.428571,1.1,3.0,0,True,0.0044
GRID_07,GRID,7,5,3,1896,1236,0.651899,1.138165,1.444444,1.090909,3.0,0,True,0.004
GRID_07,GRID,7,5,4,1896,1235,0.651371,1.118757,1.4,1.076923,2.333333,0,True,0.0051
GRID_07,GRID,7,5,5,1896,1229,0.648207,1.13679,1.421429,1.1,3.0,0,True,0.005
GRID_07,GRID,7,5,6,1896,1227,0.647152,1.147303,1.461538,1.105263,3.0,0,True,0.009
GRID_07,GRID,7,5,7,1896,1228,0.647679,1.138446,1.4,1.095238,5.0,0,True,0.009
GRID_07,GRID,7,5,8,1896,1229,0.648207,1.141724,1.428571,1.095238,5.0,0,True,0.01
GRID_07,GRID,7,5,9,1896,1219,0.642932,1.137956,1.461538,1.090909,3.0,0,True,0.0091
GRID_07,GRID,7,7,0,1896,1152,0.607595,1.20904,1.555778,1.166667,5.0,0,True,0.0098
GRID_07,GRID,7,7,1,1896,1155,0.609177,1.211683,1.571429,1.166667,5.0,0,True,0.01
GRID_07,GRID,7,7,2,1896,1151,0.607068,1.182921,1.472059,1.142857,5.0,0,True,0.007
GRID_07,GRID,7,7,3,1896,1145,0.603903,1.209984,1.6,1.166667,3.0,0,True,0.01
GRID_07,GRID,7,7,4,1896,1152,0.607595,1.213961,1.555556,1.166667,7.0,0,True,0.008
GRID_07,GRID,7,7,5,1896,1148,0.605485,1.202704,1.616194,1.15,3.0,0,True,0.0067
GRID_07,GRID,7,7,6,1896,1155,0.609177,1.19924,1.526667,1.142857,5.0,0,True,0.005
GRID_07,GRID,7,7,7,1896,1139,0.600738,1.244243,1.625,1.190476,7.0,0,True,0.0067
GRID_07,GRID,7,7,8,1896,1150,0.60654,1.213186,1.6,1.161081,5.0,0,True,0.013
GRID_07,GRID,7,7,9,1896,1155,0.609177,1.203843,1.571429,1.166667,2.666667,0,True,0.0104
GRID_08,GRID,8,3,0,1896,1372,0.723629,1.078179,1.307692,1.0,3.0,0,True,0.007
GRID_08,GRID,8,3,1,1896,1370,0.722574,1.069193,1.285714,1.0,2.0,0,True,0.0069
GRID_08,GRID,8,3,2,1896,1394,0.735232,1.072467,1.315789,1.0,3.0,0,True,0.0086
GRID_08,GRID,8,3,3,1896,1380,0.727848,1.070089,1.285714,1.0,3.0,0,True,0.007
GRID_08,GRID,8,3,4,1896,1375,0.725211,1.07498,1.285714,1.0,3.0,0,True,0.004
GRID_08,GRID,8,3,5,1896,1369,0.722046,1.080696,1.333333,1.0,3.0,0,True,0.005
GRID_08,GRID,8,3,6,1896,1385,0.730485,1.075875,1.308097,1.0,3.0,0,True,0.005
GRID_08,GRID,8,3,7,1896,1367,0.720992,1.072414,1.285714,1.0,2.0,0,True,0.004
GRID_08,GRID,8,3,8,1896,1393,0.734705,1.05571,1.25,1.0,1.666667,0,True,0.004
GRID_08,GRID,8,3,9,1896,1382,0.728903,1.062339,1.285714,1.0,1.666667,0,True,0.009
GRID_08,GRID,8,5,0,1896,1229,0.648207,1.137751,1.444444,1.086957,5.0,0,True,0.009
GRID_08,GRID,8,5,1,1896,1227,0.647152,1.134414,1.421429,1.086957,4.0,0,True,0.0076
GRID_08,GRID,8,5,2,1896,1229,0.648207,1.141395,1.444444,1.095238,3.0,0,True,0.009
GRID_08,GRID,8,5,3,1896,1226,0.646624,1.131857,1.428571,1.08,5.0,0,True,0.01
GRID_08,GRID,8,5,4,1896,1232,0.649789,1.152188,1.444444,1.111111,3.0,0,True,0.0066
GRID_08,GRID,8,5,5,1896,1221,0.643987,1.148628,1.444444,1.095238,3.0,0,True,0.005
GRID_08,GRID,8,5,6,1896,1225,0.646097,1.138774,1.444444,1.095238,3.0,0,True,0.0112
GRID_08,GRID,8,5,7,1896,1229,0.648207,1.124255,1.4,1.08,3.0,0,True,0.0081
GRID_08,GRID,8,5,8,1896,1222,0.644515,1.158089,1.5,1.111111,3.0,0,True,0.0091
GRID_08,GRID,8,5,9,1896,1223,0.645042,1.135373,1.421429,1.090909,3.0,0,True,0.0139
GRID_08,GRID,8,7,0,1896,1157,0.610232,1.219801,1.572269,1.173913,5.0,0,True,0.0101
GRID_08,GRID,8,7,1,1896,1154,0.60865,1.224727,1.546182,1.181818,5.0,0,True,0.007
GRID_08,GRID,8,7,2,1896,1152,0.607595,1.214077,1.571429,1.166667,3.0,0,True,0.008
GRID_08,GRID,8,7,3,1896,1154,0.60865,1.220315,1.615865,1.166667,5.0,0,True,0.0091
GRID_08,GRID,8,7,4,1896,1159,0.611287,1.207157,1.571429,1.153846,3.0,0,True,0.012
GRID_08,GRID,8,7,5,1896,1155,0.609177,1.221994,1.588235,1.170821,5.0,0,True,0.008
GRID_08,GRID,8,7,6,1896,1155,0.609177,1.19742,1.545455,1.133333,5.0,0,True,0.012
GRID_08,GRID,8,7,7,1896,1152,0.607595,1.211555,1.571429,1.173913,3.0,0,True,0.011
GRID_08,GRID,8,7,8,1896,1145,0.603903,1.238793,1.666667,1.181818,5.0,0,True,0.012
GRID_08,GRID,8,7,9,1896,1152,0.607595,1.199596,1.501667,1.16,3.0,0,True,0.027
GRID_09,GRID,9,3,0,1896,1375,0.725211,1.069262,1.285714,1.0,3.0,0,True,0.004
GRID_09,GRID,9,3,1,1896,1379,0.727321,1.068879,1.26697,1.0,3.0,0,True,0.006
GRID_09,GRID,9,3,2,1896,1379,0.727321,1.067979,1.285714,1.0,3.0,0,True,0.005
GRID_09,GRID,9,3,3,1896,1374,0.724684,1.068304,1.272727,1.0,3.0,0,True,0.006
GRID_09,GRID,9,3,4,1896,1372,0.723629,1.065028,1.285714,1.0,2.0,0,True,0.007
GRID_09,GRID,9,3,5,1896,1376,0.725738,1.06904,1.285714,1.0,3.0,0,True,0.0094
GRID_09,GRID,9,3,6,1896,1372,0.723629,1.067788,1.273377,1.0,3.0,0,True,0.007
GRID_09,GRID,9,3,7,1896,1378,0.726793,1.075615,1.307692,1.0,3.0,0,True,0.005
GRID_09,GRID,9,3,8,1896,1375,0.725211,1.066145,1.300385,1.0,3.0,0,True,0.009
GRID_09,GRID,9,3,9,1896,1371,0.723101,1.076721,1.3,1.0,2.333333,0,True,0.005
GRID_09,GRID,9,5,0,1896,1220,0.64346,1.142316,1.444444,1.093023,3.0,0,True,0.011
GRID_09,GRID,9,5,1,1896,1227,0.647152,1.127909,1.401429,1.08,3.0,0,True,0.008
GRID_09,GRID,9,5,2,1896,1225,0.646097,1.129409,1.4,1.090909,2.0,0,True,0.0087
GRID_09,GRID,9,5,3,1896,1225,0.646097,1.138356,1.421429,1.086957,3.0,0,True,0.0061
GRID_09,GRID,9,5,4,1896,1229,0.648207,1.143719,1.4,1.093023,3.0,0,True,0.0114
GRID_09,GRID,9,5,5,1896,1233,0.650316,1.144185,1.454895,1.095238,5.0,0,True,0.0139
GRID_09,GRID,9,5,6,1896,1220,0.64346,1.142405,1.421429,1.086957,5.0,0,True,0.012
GRID_09,GRID,9,5,7,1896,1226,0.646624,1.140522,1.444444,1.090909,3.0,0,True,0.0136
GRID_09,GRID,9,5,8,1896,1215,0.640823,1.146014,1.444444,1.095238,3.0,0,True,0.0096
GRID_09,GRID,9,5,9,1896,1223,0.645042,1.125334,1.421429,1.074074,3.0,0,True,0.0069
GRID_09,GRID,9,7,0,1896,1149,0.606013,1.224132,1.615385,1.153846,7.0,0,True,0.0067
GRID_09,GRID,9,7,1,1896,1149,0.606013,1.183084,1.533333,1.133333,3.0,0,True,0.011
GRID_09,GRID,9,7,2,1896,1152,0.607595,1.209671,1.546182,1.153846,5.0,0,True,0.012
GRID_09,GRID,9,7,3,1896,1157,0.610232,1.185894,1.5,1.137147,3.0,0,True,0.0114
GRID_09,GRID,9,7,4,1896,1147,0.604958,1.21682,1.555778,1.166667,3.0,0,True,0.0111
GRID_09,GRID,9,7,5,1896,1157,0.610232,1.189517,1.533333,1.142857,3.0,0,True,0.0089
GRID_09,GRID,9,7,6,1896,1153,0.608122,1.222542,1.637879,1.16,7.0,0,True,0.0381
GRID_09,GRID,9,7,7,1896,1151,0.607068,1.196948,1.545455,1.142857,3.0,0,True,0.0097
GRID_09,GRID,9,7,8,1896,1150,0.60654,1.209938,1.555556,1.157895,3.0,0,True,0.013
GRID_09,GRID,9,7,9,1896,1148,0.605485,1.198785,1.571429,1.142857,4.0,0,True,0.012
GRID_10,GRID,10,3,0,1896,1376,0.725738,1.062957,1.285714,1.0,3.0,0,True,0.009
GRID_10,GRID,10,3,1,1896,1376,0.725738,1.063083,1.26087,1.0,3.0,0,True,0.0091
GRID_10,GRID,10,3,2,1896,1375,0.725211,1.070623,1.285714,1.0,3.0,0,True,0.0071
GRID_10,GRID,10,3,3,1896,1371,0.723101,1.074012,1.285714,1.0,3.0,0,True,0.003
GRID_10,GRID,10,3,4,1896,1371,0.723101,1.070713,1.266667,1.0,3.0,0,True,0.004
GRID_10,GRID,10,3,5,1896,1377,0.726266,1.070474,1.285714,1.0,3.0,0,True,0.0096
GRID_10,GRID,10,3,6,1896,1374,0.724684,1.07404,1.285714,1.0,3.0,0,True,0.004
GRID_10,GRID,10,3,7,1896,1372,0.723629,1.072128,1.285714,1.0,3.0,0,True,0.0064
GRID_10,GRID,10,3,8,1896,1374,0.724684,1.074039,1.275958,1.0,3.0,0,True,0.0089
GRID_10,GRID,10,3,9,1896,1372,0.723629,1.074893,1.285714,1.0,3.0,0,True,0.01
GRID_10,GRID,10,5,0,1896,1225,0.646097,1.137379,1.428571,1.1,3.0,0,True,0.011
GRID_10,GRID,10,5,1,1896,1225,0.646097,1.141131,1.428882,1.1,5.0,0,True,0.012
GRID_10,GRID,10,5,2,1896,1226,0.646624,1.143747,1.4,1.105263,5.0,0,True,0.01
GRID_10,GRID,10,5,3,1896,1234,0.650844,1.143713,1.435266,1.1,3.0,0,True,0.006
GRID_10,GRID,10,5,4,1896,1218,0.642405,1.149637,1.444444,1.105263,5.0,0,True,0.0061
GRID_10,GRID,10,5,5,1896,1225,0.646097,1.138084,1.401053,1.1,3.0,0,True,0.0046
GRID_10,GRID,10,5,6,1896,1228,0.647679,1.138245,1.444444,1.086957,3.0,0,True,0.0077
GRID_10,GRID,10,5,7,1896,1235,0.651371,1.130884,1.4,1.089899,3.0,0,True,0.006
GRID_10,GRID,10,5,8,1896,1220,0.64346,1.139352,1.4,1.086957,5.0,0,True,0.0057
GRID_10,GRID,10,5,9,1896,1227,0.647152,1.131103,1.4,1.097561,3.0,0,True,0.0041
GRID_10,GRID,10,7,0,1896,1151,0.607068,1.214137,1.545455,1.158947,7.0,0,True,0.0041
GRID_10,GRID,10,7,1,1896,1155,0.609177,1.195673,1.533333,1.153846,3.0,0,True,0.005
GRID_10,GRID,10,7,2,1896,1149,0.606013,1.208911,1.571429,1.153846,4.0,0,True,0.006
GRID_10,GRID,10,7,3,1896,1159,0.611287,1.196292,1.571429,1.153846,3.0,0,True,0.0197
GRID_10,GRID,10,7,4,1896,1146,0.60443,1.216769,1.545455,1.166667,5.0,0,True,0.014
GRID_10,GRID,10,7,5,1896,1159,0.611287,1.208281,1.526667,1.166667,5.0,0,True,0.0115
GRID_10,GRID,10,7,6,1896,1146,0.60443,1.214775,1.571429,1.166667,3.0,0,True,0.011
GRID_10,GRID,10,7,7,1896,1154,0.60865,1.20124,1.54596,1.148148,5.0,0,True,0.011
GRID_10,GRID,10,7,8,1896,1154,0.60865,1.204268,1.526316,1.153846,7.0,0,True,0.0109
GRID_10,GRID,10,7,9,1896,1153,0.608122,1.212326,1.526667,1.166667,5.0,0,True,0.0122
GRID_11,GRID,11,3,0,1896,1389,0.732595,1.058186,1.261159,1.0,3.0,0,True,0.005
GRID_11,GRID,11,3,1,1896,1371,0.723101,1.078787,1.285714,1.0,3.0,0,True,0.003
GRID_11,GRID,11,3,2,1896,1375,0.725211,1.076194,1.307692,1.0,2.0,0,True,0.003
GRID_11,GRID,11,3,3,1896,1375,0.725211,1.078002,1.308308,1.0,3.0,0,True,0.0031
GRID_11,GRID,11,3,4,1896,1382,0.728903,1.076982,1.333333,1.0,3.0,0,True,0.0041
GRID_11,GRID,11,3,5,1896,1372,0.723629,1.074409,1.307692,1.0,3.0,0,True,0.003
GRID_11,GRID,11,3,6,1896,1377,0.726266,1.078734,1.333333,1.0,3.0,0,True,0.0037
GRID_11,GRID,11,3,7,1896,1376,0.725738,1.071909,1.285714,1.0,2.0,0,True,0.0051
GRID_11,GRID,11,3,8,1896,1371,0.723101,1.073726,1.307692,1.0,3.0,0,True,0.009
GRID_11,GRID,11,3,9,1896,1378,0.726793,1.071388,1.286813,1.0,2.0,0,True,0.0059
GRID_11,GRID,11,5,0,1896,1232,0.649789,1.14365,1.444444,1.09878,2.333333,0,True,0.0091
GRID_11,GRID,11,5,1,1896,1233,0.650316,1.144595,1.421429,1.105263,4.0,0,True,0.011
GRID_11,GRID,11,5,2,1896,1231,0.649262,1.130255,1.4,1.083333,5.0,0,True,0.009
GRID_11,GRID,11,5,3,1896,1219,0.642932,1.143009,1.401053,1.1,3.0,0,True,0.007
GRID_11,GRID,11,5,4,1896,1231,0.649262,1.135955,1.444444,1.085145,5.0,0,True,0.012
GRID_11,GRID,11,5,5,1896,1223,0.645042,1.156226,1.461538,1.111111,3.0,0,True,0.009
GRID_11,GRID,11,5,6,1896,1227,0.647152,1.143219,1.444444,1.090909,5.0,0,True,0.0046
GRID_11,GRID,11,5,7,1896,1227,0.647152,1.142809,1.461991,1.095238,5.0,0,True,0.0081
GRID_11,GRID,11,5,8,1896,1226,0.646624,1.135063,1.444444,1.08,3.0,0,True,0.007
GRID_11,GRID,11,5,9,1896,1227,0.647152,1.156648,1.444444,1.117647,3.0,0,True,0.013
GRID_11,GRID,11,7,0,1896,1149,0.606013,1.214571,1.6,1.166667,4.0,0,True,0.011
GRID_11,GRID,11,7,1,1896,1156,0.609705,1.197844,1.666667,1.142857,3.0,0,True,0.0415
GRID_11,GRID,11,7,2,1896,1158,0.610759,1.220412,1.571429,1.173913,7.0,0,True,0.009
GRID_11,GRID,11,7,3,1896,1150,0.60654,1.217776,1.588235,1.181818,3.0,0,True,0.0139
GRID_11,GRID,11,7,4,1896,1153,0.608122,1.206394,1.533333,1.158947,4.0,0,True,0.011
GRID_11,GRID,11,7,5,1896,1149,0.606013,1.218809,1.615385,1.158947,5.0,0,True,0.0121
GRID_11,GRID,11,7,6,1896,1147,0.604958,1.234074,1.571429,1.184659,5.0,0,True,0.011
GRID_11,GRID,11,7,7,1896,1158,0.610759,1.199824,1.545455,1.153846,5.0,0,True,0.0071
GRID_11,GRID,11,7,8,1896,1150,0.60654,1.207261,1.666667,1.153846,3.0,0,True,0.006
GRID_11,GRID,11,7,9,1896,1151,0.607068,1.218529,1.571429,1.166667,3.0,0,True,0.005
GRID_12,GRID,12,3,0,1896,1371,0.723101,1.070698,1.285714,1.0,3.0,0,True,0.007
GRID_12,GRID,12,3,1,1896,1382,0.728903,1.062467,1.261159,1.0,2.0,0,True,0.009
GRID_12,GRID,12,3,2,1896,1383,0.72943,1.055833,1.25,1.0,3.0,0,True,0.01
GRID_12,GRID,12,3,3,1896,1374,0.724684,1.074704,1.294412,1.0,2.0,0,True,0.0075
GRID_12,GRID,12,3,4,1896,1377,0.726266,1.077302,1.286429,1.0,2.0,0,True,0.005
GRID_12,GRID,12,3,5,1896,1378,0.726793,1.067906,1.285714,1.0,3.0,0,True,0.0075
GRID_12,GRID,12,3,6,1896,1381,0.728376,1.064047,1.266667,1.0,2.0,0,True,0.007
GRID_12,GRID,12,3,7,1896,1385,0.730485,1.059141,1.25,1.0,2.0,0,True,0.0051
GRID_12,GRID,12,3,8,1896,1381,0.728376,1.064102,1.285714,1.0,3.0,0,True,0.007
GRID_12,GRID,12,3,9,1896,1370,0.722574,1.066607,1.285714,1.0,2.333333,0,True,0.008
GRID_12,GRID,12,5,0,1896,1239,0.653481,1.138284,1.40069,1.086957,5.0,0,True,0.011
GRID_12,GRID,12,5,1,1896,1230,0.648734,1.125139,1.381905,1.08,3.0,0,True,0.005
GRID_12,GRID,12,5,2,1896,1231,0.649262,1.137455,1.444444,1.095238,3.0,0,True,0.004
GRID_12,GRID,12,5,3,1896,1224,0.64557,1.131831,1.4,1.090909,2.0,0,True,0.004
GRID_12,GRID,12,5,4,1896,1225,0.646097,1.122888,1.40069,1.074074,3.0,0,True,0.003
GRID_12,GRID,12,5,5,1896,1227,0.647152,1.131777,1.4,1.094131,3.0,0,True,0.004
GRID_12,GRID,12,5,6,1896,1232,0.649789,1.126466,1.4,1.090909,3.0,0,True,0.0116
GRID_12,GRID,12,5,7,1896,1228,0.647679,1.121382,1.4,1.076923,2.0,0,True,0.0105
GRID_12,GRID,12,5,8,1896,1218,0.642405,1.131923,1.401429,1.090909,3.0,0,True,0.0348
GRID_12,GRID,12,5,9,1896,1227,0.647152,1.134239,1.444444,1.090909,3.0,0,True,0.013
GRID_12,GRID,12,7,0,1896,1148,0.605485,1.20426,1.533939,1.166667,3.0,0,True,0.012
GRID_12,GRID,12,7,1,1896,1156,0.609705,1.191312,1.522319,1.137931,4.0,0,True,0.0081
GRID_12,GRID,12,7,2,1896,1155,0.609177,1.219883,1.571429,1.181818,4.0,0,True,0.0111
GRID_12,GRID,12,7,3,1896,1151,0.607068,1.203905,1.556349,1.148148,5.0,0,True,0.0105
GRID_12,GRID,12,7,4,1896,1155,0.609177,1.178669,1.5,1.133333,4.0,0,True,0.011
GRID_12,GRID,12,7,5,1896,1151,0.607068,1.214535,1.571429,1.166667,3.0,0,True,0.0076
GRID_12,GRID,12,7,6,1896,1150,0.60654,1.21515,1.571429,1.166667,5.0,0,True,0.0079
GRID_12,GRID,12,7,7,1896,1149,0.606013,1.219254,1.571429,1.173913,7.0,0,True,0.0079
GRID_12,GRID,12,7,8,1896,1146,0.60443,1.190941,1.5,1.148148,3.0,0,True,0.0099
GRID_12,GRID,12,7,9,1896,1146,0.60443,1.188195,1.6,1.133333,3.0,0,True,0.0084
GRID_13,GRID,13,3,0,1896,1378,0.726793,1.064796,1.26087,1.0,2.0,0,True,0.009
GRID_13,GRID,13,3,1,1896,1385,0.730485,1.064817,1.285714,1.0,2.0,0,True,0.0095
GRID_13,GRID,13,3,2,1896,1383,0.72943,1.069879,1.285714,1.0,3.0,0,True,0.0101
GRID_13,GRID,13,3,3,1896,1388,0.732068,1.070677,1.278175,1.0,3.0,0,True,0.007
GRID_13,GRID,13,3,4,1896,1382,0.728903,1.072612,1.285714,1.0,3.0,0,True,0.0055
GRID_13,GRID,13,3,5,1896,1376,0.725738,1.065853,1.285714,1.0,1.666667,0,True,0.0082
GRID_13,GRID,13,3,6,1896,1376,0.725738,1.064945,1.285714,1.0,2.0,0,True,0.0062
GRID_13,GRID,13,3,7,1896,1379,0.727321,1.060757,1.261159,1.0,2.0,0,True,0.0048
GRID_13,GRID,13,3,8,1896,1385,0.730485,1.063591,1.272727,1.0,2.0,0,True,0.005
GRID_13,GRID,13,3,9,1896,1376,0.725738,1.071006,1.285714,1.0,3.0,0,True,0.005
GRID_13,GRID,13,5,0,1896,1233,0.650316,1.138963,1.4,1.083333,5.0,0,True,0.006
GRID_13,GRID,13,5,1,1896,1231,0.649262,1.133171,1.428571,1.086957,3.0,0,True,0.0119
GRID_13,GRID,13,5,2,1896,1228,0.647679,1.130056,1.4,1.095238,2.333333,0,True,0.0108
GRID_13,GRID,13,5,3,1896,1227,0.647152,1.143592,1.444444,1.095238,5.0,0,True,0.0117
GRID_13,GRID,13,5,4,1896,1225,0.646097,1.144666,1.454895,1.095238,2.333333,0,True,0.01
GRID_13,GRID,13,5,5,1896,1226,0.646624,1.145936,1.452109,1.102564,3.0,0,True,0.0095
GRID_13,GRID,13,5,6,1896,1224,0.64557,1.151427,1.444444,1.1,5.0,0,True,0.0289
GRID_13,GRID,13,5,7,1896,1227,0.647152,1.128728,1.4,1.090909,3.0,0,True,0.008
GRID_13,GRID,13,5,8,1896,1230,0.648734,1.141657,1.429365,1.1,3.0,0,True,0.0045
GRID_13,GRID,13,5,9,1896,1232,0.649789,1.139965,1.4,1.095238,3.0,0,True,0.007
GRID_13,GRID,13,7,0,1896,1155,0.609177,1.233634,1.571429,1.181818,4.0,0,True,0.007
GRID_13,GRID,13,7,1,1896,1151,0.607068,1.224047,1.571429,1.166667,7.0,0,True,0.006
GRID_13,GRID,13,7,2,1896,1155,0.609177,1.24387,1.6,1.2,4.0,0,True,0.007
GRID_13,GRID,13,7,3,1896,1152,0.607595,1.200306,1.545455,1.148148,7.0,0,True,0.0139
GRID_13,GRID,13,7,4,1896,1149,0.606013,1.197908,1.571429,1.142857,3.0,0,True,0.013
GRID_13,GRID,13,7,5,1896,1149,0.606013,1.202088,1.571429,1.153846,3.666667,0,True,0.0157
GRID_13,GRID,13,7,6,1896,1153,0.608122,1.225208,1.572857,1.173913,5.0,0,True,0.0131
GRID_13,GRID,13,7,7,1896,1156,0.609705,1.212234,1.583578,1.166667,3.0,0,True,0.012
GRID_13,GRID,13,7,8,1896,1158,0.610759,1.203867,1.571429,1.153846,3.0,0,True,0.01
GRID_13,GRID,13,7,9,1896,1158,0.610759,1.20046,1.571429,1.142857,3.666667,0,True,0.012
GRID_14,GRID,14,3,0,1896,1379,0.727321,1.073821,1.285714,1.0,3.0,0,True,0.004
GRID_14,GRID,14,3,1,1896,1385,0.730485,1.064529,1.285714,1.0,3.0,0,True,0.006
GRID_14,GRID,14,3,2,1896,1377,0.726266,1.066322,1.285714,1.0,3.0,0,True,0.004
GRID_14,GRID,14,3,3,1896,1370,0.722574,1.061852,1.25,1.0,2.0,0,True,0.004
GRID_14,GRID,14,3,4,1896,1382,0.728903,1.058655,1.272727,1.0,3.0,0,True,0.008
GRID_14,GRID,14,3,5,1896,1382,0.728903,1.076433,1.285714,1.0,3.0,0,True,0.004
GRID_14,GRID,14,3,6,1896,1372,0.723629,1.071821,1.285714,1.0,3.0,0,True,0.008
GRID_14,GRID,14,3,7,1896,1367,0.720992,1.074051,1.308097,1.0,3.0,0,True,0.007
GRID_14,GRID,14,3,8,1896,1374,0.724684,1.069507,1.316667,1.0,2.0,0,True,0.004
GRID_14,GRID,14,3,9,1896,1378,0.726793,1.069104,1.285714,1.0,3.0,0,True,0.006
GRID_14,GRID,14,5,0,1896,1231,0.649262,1.138045,1.428571,1.090909,3.0,0,True,0.0284
GRID_14,GRID,14,5,1,1896,1228,0.647679,1.129285,1.4,1.083333,3.0,0,True,0.0105
GRID_14,GRID,14,5,2,1896,1225,0.646097,1.144455,1.444444,1.095238,3.0,0,True,0.009
GRID_14,GRID,14,5,3,1896,1225,0.646097,1.137754,1.444444,1.083333,4.0,0,True,0.0405
GRID_14,GRID,14,5,4,1896,1224,0.64557,1.148732,1.461538,1.090909,4.0,0,True,0.007
GRID_14,GRID,14,5,5,1896,1227,0.647152,1.147139,1.444444,1.1,3.0,0,True,0.005
GRID_14,GRID,14,5,6,1896,1223,0.645042,1.137636,1.4,1.090909,3.0,0,True,0.0051
GRID_14,GRID,14,5,7,1896,1231,0.649262,1.137051,1.444444,1.083333,3.0,0,True,0.0067
GRID_14,GRID,14,5,8,1896,1228,0.647679,1.142958,1.444444,1.088889,5.0,0,True,0.01
GRID_14,GRID,14,5,9,1896,1225,0.646097,1.134358,1.444444,1.086957,5.0,0,True,0.0125
GRID_14,GRID,14,7,0,1896,1155,0.609177,1.199916,1.5,1.153846,7.0,0,True,0.0131
GRID_14,GRID,14,7,1,1896,1154,0.60865,1.198538,1.545455,1.142857,7.0,0,True,0.0104
GRID_14,GRID,14,7,2,1896,1152,0.607595,1.20116,1.545455,1.149074,3.0,0,True,0.0109
GRID_14,GRID,14,7,3,1896,1151,0.607068,1.229741,1.600769,1.166667,5.0,0,True,0.007
GRID_14,GRID,14,7,4,1896,1154,0.60865,1.207339,1.571429,1.153846,3.0,0,True,0.01
GRID_14,GRID,14,7,5,1896,1148,0.605485,1.195063,1.545455,1.151923,5.0,0,True,0.014
GRID_14,GRID,14,7,6,1896,1148,0.605485,1.232216,1.571429,1.166667,5.0,0,True,0.0075
GRID_14,GRID,14,7,7,1896,1151,0.607068,1.222042,1.54596,1.166667,7.0,0,True,0.0096
GRID_14,GRID,14,7,8,1896,1149,0.606013,1.203273,1.555556,1.149074,5.0,0,True,0.0067
GRID_14,GRID,14,7,9,1896,1153,0.608122,1.209238,1.526667,1.158947,4.0,0,True,0.0087
GRID_15,GRID,15,3,0,1896,1376,0.725738,1.072161,1.285714,1.0,3.0,0,True,0.009
GRID_15,GRID,15,3,1,1896,1372,0.723629,1.08296,1.300385,1.0,3.0,0,True,0.006
GRID_15,GRID,15,3,2,1896,1375,0.725211,1.069148,1.285714,1.0,3.0,0,True,0.0086
GRID_15,GRID,15,3,3,1896,1377,0.726266,1.070253,1.285714,1.0,3.0,0,True,0.008
GRID_15,GRID,15,3,4,1896,1369,0.722046,1.075852,1.286134,1.0,2.0,0,True,0.006
GRID_15,GRID,15,3,5,1896,1372,0.723629,1.078703,1.285714,1.0,3.0,0,True,0.0082
GRID_15,GRID,15,3,6,1896,1373,0.724156,1.074831,1.307933,1.0,3.0,0,True,0.006
GRID_15,GRID,15,3,7,1896,1378,0.726793,1.072317,1.285714,1.0,3.0,0,True,0.003
GRID_15,GRID,15,3,8,1896,1377,0.726266,1.074492,1.320667,1.0,2.0,0,True,0.006
GRID_15,GRID,15,3,9,1896,1377,0.726266,1.071592,1.285714,1.0,2.0,0,True,0.0031
GRID_15,GRID,15,5,0,1896,1229,0.648207,1.151665,1.444444,1.091966,5.0,0,True,0.0061
GRID_15,GRID,15,5,1,1896,1225,0.646097,1.151798,1.421429,1.112698,3.0,0,True,0.032
GRID_15,GRID,15,5,2,1896,1237,0.652426,1.136565,1.444444,1.086957,3.0,0,True,0.0111
GRID_15,GRID,15,5,3,1896,1226,0.646624,1.140751,1.454545,1.095238,3.0,0,True,0.01
GRID_15,GRID,15,5,4,1896,1234,0.650844,1.124834,1.4,1.08,2.0,0,True,0.011
GRID_15,GRID,15,5,5,1896,1226,0.646624,1.147296,1.444444,1.105263,5.0,0,True,0.01
GRID_15,GRID,15,5,6,1896,1234,0.650844,1.128603,1.4,1.08,3.0,0,True,0.006
GRID_15,GRID,15,5,7,1896,1225,0.646097,1.134933,1.437847,1.086957,3.0,0,True,0.008
GRID_15,GRID,15,5,8,1896,1226,0.646624,1.142785,1.429018,1.095238,3.0,0,True,0.007
GRID_15,GRID,15,5,9,1896,1228,0.647679,1.142939,1.444444,1.105263,3.0,0,True,0.0105
GRID_15,GRID,15,7,0,1896,1154,0.60865,1.202405,1.556349,1.153846,5.0,0,True,0.0152
GRID_15,GRID,15,7,1,1896,1153,0.608122,1.211672,1.556349,1.148148,7.0,0,True,0.0098
GRID_15,GRID,15,7,2,1896,1154,0.60865,1.195051,1.556349,1.142857,5.0,0,True,0.0064
GRID_15,GRID,15,7,3,1896,1148,0.605485,1.200932,1.571429,1.153846,3.0,0,True,0.0088
GRID_15,GRID,15,7,4,1896,1156,0.609705,1.200702,1.571429,1.16,3.0,0,True,0.0125
GRID_15,GRID,15,7,5,1896,1157,0.610232,1.222178,1.545455,1.173913,4.0,0,True,0.01
GRID_15,GRID,15,7,6,1896,1158,0.610759,1.206332,1.560571,1.173913,3.0,0,True,0.01
GRID_15,GRID,15,7,7,1896,1153,0.608122,1.214888,1.571429,1.16,3.5,0,True,0.011
GRID_15,GRID,15,7,8,1896,1146,0.60443,1.211959,1.571429,1.153846,5.0,0,True,0.013
GRID_15,GRID,15,7,9,1896,1152,0.607595,1.188263,1.545455,1.137931,3.0,0,True,0.0121
GRID_16,GRID,16,3,0,1896,1382,0.728903,1.070322,1.285714,1.0,3.0,0,True,0.01
GRID_16,GRID,16,3,1,1896,1381,0.728376,1.067766,1.285714,1.0,3.0,0,True,0.01
GRID_16,GRID,16,3,2,1896,1382,0.728903,1.070648,1.285714,1.0,3.0,0,True,0.006
GRID_16,GRID,16,3,3,1896,1380,0.727848,1.07638,1.307692,1.0,3.0,0,True,0.003
GRID_16,GRID,16,3,4,1896,1381,0.728376,1.06698,1.285714,1.0,3.0,0,True,0.007
GRID_16,GRID,16,3,5,1896,1373,0.724156,1.059934,1.285714,1.0,2.0,0,True,0.006
GRID_16,GRID,16,3,6,1896,1376,0.725738,1.083306,1.333333,1.0,3.0,0,True,0.009
GRID_16,GRID,16,3,7,1896,1385,0.730485,1.064794,1.285714,1.0,2.0,0,True,0.0117
GRID_16,GRID,16,3,8,1896,1385,0.730485,1.070071,1.285714,1.0,3.0,0,True,0.0345
GRID_16,GRID,16,3,9,1896,1383,0.72943,1.076713,1.3,1.0,3.0,0,True,0.01
GRID_16,GRID,16,5,0,1896,1224,0.64557,1.139788,1.434918,1.097619,2.0,0,True,0.0124
GRID_16,GRID,16,5,1,1896,1226,0.646624,1.140773,1.435266,1.086957,3.0,0,True,0.0062
GRID_16,GRID,16,5,2,1896,1232,0.649789,1.138302,1.428571,1.083333,3.0,0,True,0.0055
GRID_16,GRID,16,5,3,1896,1229,0.648207,1.146115,1.444949,1.0964,3.0,0,True,0.0119
GRID_16,GRID,16,5,4,1896,1225,0.646097,1.120632,1.4,1.074074,3.0,0,True,0.0075
GRID_16,GRID,16,5,5,1896,1234,0.650844,1.138047,1.4,1.086957,5.0,0,True,0.0056
GRID_16,GRID,16,5,6,1896,1221,0.643987,1.133192,1.414532,1.086957,3.0,0,True,0.006
GRID_16,GRID,16,5,7,1896,1230,0.648734,1.134914,1.4,1.085145,3.0,0,True,0.009
GRID_16,GRID,16,5,8,1896,1225,0.646097,1.158012,1.461991,1.1,5.0,0,True,0.012
GRID_16,GRID,16,5,9,1896,1229,0.648207,1.148225,1.444444,1.090909,5.0,0,True,0.0117
GRID_16,GRID,16,7,0,1896,1152,0.607595,1.219122,1.6,1.157379,5.0,0,True,0.0125
GRID_16,GRID,16,7,1,1896,1151,0.607068,1.203999,1.588824,1.142857,7.0,0,True,0.0141
GRID_16,GRID,16,7,2,1896,1164,0.613924,1.186327,1.5,1.133333,7.0,0,True,0.011
GRID_16,GRID,16,7,3,1896,1156,0.609705,1.216243,1.615385,1.153846,5.0,0,True,0.0091
GRID_16,GRID,16,7,4,1896,1153,0.608122,1.212103,1.588824,1.16,4.0,0,True,0.0062
GRID_16,GRID,16,7,5,1896,1152,0.607595,1.218997,1.571429,1.173913,3.0,0,True,0.012
GRID_16,GRID,16,7,6,1896,1150,0.60654,1.218823,1.571429,1.166667,5.0,0,True,0.012
GRID_16,GRID,16,7,7,1896,1160,0.611814,1.210588,1.571429,1.153846,5.0,0,True,0.011
GRID_16,GRID,16,7,8,1896,1150,0.60654,1.213534,1.571429,1.16,4.0,0,True,0.01
GRID_16,GRID,16,7,9,1896,1152,0.607595,1.211491,1.571429,1.155354,5.0,0,True,0.008
GRID_17,GRID,17,3,0,1896,1370,0.722574,1.079348,1.333333,1.0,3.0,0,True,0.011
GRID_17,GRID,17,3,1,1896,1383,0.72943,1.067734,1.250543,1.0,3.0,0,True,0.0099
GRID_17,GRID,17,3,2,1896,1380,0.727848,1.075485,1.285714,1.0,3.0,0,True,0.0099
GRID_17,GRID,17,3,3,1896,1372,0.723629,1.07844,1.3,1.0,3.0,0,True,0.005
GRID_17,GRID,17,3,4,1896,1376,0.725738,1.085584,1.316667,1.0,3.0,0,True,0.007
GRID_17,GRID,17,3,5,1896,1373,0.724156,1.080241,1.333333,1.0,2.0,0,True,0.006
GRID_17,GRID,17,3,6,1896,1381,0.728376,1.065366,1.266667,1.0,3.0,0,True,0.0365
GRID_17,GRID,17,3,7,1896,1377,0.726266,1.067104,1.285714,1.0,3.0,0,True,0.007
GRID_17,GRID,17,3,8,1896,1380,0.727848,1.066212,1.285714,1.0,2.0,0,True,0.005
GRID_17,GRID,17,3,9,1896,1376,0.725738,1.071474,1.3,1.0,3.0,0,True,0.0041
GRID_17,GRID,17,5,0,1896,1228,0.647679,1.149122,1.454895,1.095238,5.0,0,True,0.0081
GRID_17,GRID,17,5,1,1896,1230,0.648734,1.150362,1.445299,1.1,3.0,0,True,0.005
GRID_17,GRID,17,5,2,1896,1225,0.646097,1.137692,1.444444,1.083333,3.0,0,True,0.012
GRID_17,GRID,17,5,3,1896,1227,0.647152,1.145774,1.421053,1.1,5.0,0,True,0.012
GRID_17,GRID,17,5,4,1896,1222,0.644515,1.151885,1.429365,1.1,5.0,0,True,0.012
GRID_17,GRID,17,5,5,1896,1225,0.646097,1.151756,1.5,1.1,3.0,0,True,0.013
GRID_17,GRID,17,5,6,1896,1228,0.647679,1.157699,1.47619,1.117647,3.0,0,True,0.0101
GRID_17,GRID,17,5,7,1896,1225,0.646097,1.14962,1.444444,1.111111,3.0,0,True,0.008
GRID_17,GRID,17,5,8,1896,1231,0.649262,1.14767,1.429365,1.1,3.0,0,True,0.005
GRID_17,GRID,17,5,9,1896,1228,0.647679,1.138726,1.444444,1.086957,5.0,0,True,0.007
GRID_17,GRID,17,7,0,1896,1148,0.605485,1.20478,1.533939,1.15587,4.0,0,True,0.012
GRID_17,GRID,17,7,1,1896,1152,0.607595,1.227221,1.571429,1.166667,5.0,0,True,0.0105
GRID_17,GRID,17,7,2,1896,1152,0.607595,1.210244,1.533333,1.153846,5.0,0,True,0.006
GRID_17,GRID,17,7,3,1896,1156,0.609705,1.208955,1.571429,1.153846,7.0,0,True,0.0061
GRID_17,GRID,17,7,4,1896,1150,0.60654,1.211299,1.571429,1.166667,3.0,0,True,0.0081
GRID_17,GRID,17,7,5,1896,1143,0.602848,1.219596,1.6,1.172671,5.0,0,True,0.0079
GRID_17,GRID,17,7,6,1896,1151,0.607068,1.221785,1.571429,1.181818,4.0,0,True,0.014
GRID_17,GRID,17,7,7,1896,1153,0.608122,1.21291,1.556349,1.153846,5.0,0,True,0.009
GRID_17,GRID,17,7,8,1896,1152,0.607595,1.228885,1.6,1.166667,7.0,0,True,0.01
GRID_17,GRID,17,7,9,1896,1153,0.608122,1.220769,1.571429,1.166667,7.0,0,True,0.0146
GRID_18,GRID,18,3,0,1896,1380,0.727848,1.078954,1.300385,1.0,3.0,0,True,0.008
GRID_18,GRID,18,3,1,1896,1373,0.724156,1.075905,1.285714,1.0,3.0,0,True,0.006
GRID_18,GRID,18,3,2,1896,1382,0.728903,1.073887,1.285714,1.0,3.0,0,True,0.0074
GRID_18,GRID,18,3,3,1896,1378,0.726793,1.066405,1.285714,1.0,3.0,0,True,0.0385
GRID_18,GRID,18,3,4,1896,1374,0.724684,1.08747,1.333333,1.0,3.0,0,True,0.003
GRID_18,GRID,18,3,5,1896,1371,0.723101,1.091387,1.333333,1.0,3.0,0,True,0.0041
GRID_18,GRID,18,3,6,1896,1373,0.724156,1.078464,1.286813,1.0,3.0,0,True,0.0045
GRID_18,GRID,18,3,7,1896,1378,0.726793,1.091555,1.315789,1.040408,3.0,0,True,0.0099
GRID_18,GRID,18,3,8,1896,1371,0.723101,1.079897,1.316667,1.0,3.0,0,True,0.0081
GRID_18,GRID,18,3,9,1896,1375,0.725211,1.074143,1.285714,1.0,3.0,0,True,0.007
GRID_18,GRID,18,5,0,1896,1228,0.647679,1.143235,1.428571,1.093023,3.0,0,True,0.008
GRID_18,GRID,18,5,1,1896,1235,0.651371,1.14766,1.444949,1.102564,5.0,0,True,0.012
GRID_18,GRID,18,5,2,1896,1222,0.644515,1.164303,1.476519,1.105263,5.0,0,True,0.009
GRID_18,GRID,18,5,3,1896,1230,0.648734,1.145987,1.444949,1.1,3.0,0,True,0.0071
GRID_18,GRID,18,5,4,1896,1238,0.652954,1.127219,1.4,1.076923,5.0,0,True,0.011
GRID_18,GRID,18,5,5,1896,1225,0.646097,1.148955,1.444444,1.095238,5.0,0,True,0.006
GRID_18,GRID,18,5,6,1896,1221,0.643987,1.143661,1.444949,1.1,3.0,0,True,0.0065
GRID_18,GRID,18,5,7,1896,1225,0.646097,1.159819,1.5,1.101282,5.0,0,True,0.0081
GRID_18,GRID,18,5,8,1896,1226,0.646624,1.154477,1.5,1.105263,3.0,0,True,0.004
GRID_18,GRID,18,5,9,1896,1229,0.648207,1.148704,1.454895,1.1,3.0,0,True,0.0046
GRID_18,GRID,18,7,0,1896,1158,0.610759,1.233311,1.625329,1.188988,3.0,0,True,0.0049
GRID_18,GRID,18,7,1,1896,1151,0.607068,1.21134,1.571429,1.16,5.0,0,True,0.012
GRID_18,GRID,18,7,2,1896,1158,0.610759,1.203289,1.545455,1.153846,2.333333,0,True,0.008
GRID_18,GRID,18,7,3,1896,1148,0.605485,1.235465,1.571429,1.190476,5.0,0,True,0.011
GRID_18,GRID,18,7,4,1896,1154,0.60865,1.227131,1.583333,1.166667,7.0,0,True,0.009
GRID_18,GRID,18,7,5,1896,1158,0.610759,1.213745,1.571429,1.16,5.0,0,True,0.011
GRID_18,GRID,18,7,6,1896,1153,0.608122,1.208132,1.571429,1.153846,7.0,0,True,0.012
GRID_18,GRID,18,7,7,1896,1148,0.605485,1.217825,1.571429,1.153846,5.0,0,True,0.01
GRID_18,GRID,18,7,8,1896,1148,0.605485,1.215512,1.571429,1.166667,5.0,0,True,0.011
GRID_18,GRID,18,7,9,1896,1155,0.609177,1.204872,1.571429,1.148148,5.0,0,True,0.012
GRID_19,GRID,19,3,0,1896,1371,0.723101,1.072266,1.285714,1.0,2.0,0,True,0.016
GRID_19,GRID,19,3,1,1896,1380,0.727848,1.061889,1.276355,1.0,3.0,0,True,0.0051
GRID_19,GRID,19,3,2,1896,1381,0.728376,1.063348,1.285714,1.0,2.0,0,True,0.0051
GRID_19,GRID,19,3,3,1896,1371,0.723101,1.087068,1.333333,1.0,2.0,0,True,0.0041
GRID_19,GRID,19,3,4,1896,1376,0.725738,1.072369,1.285714,1.0,3.0,0,True,0.0091
GRID_19,GRID,19,3,5,1896,1380,0.727848,1.065773,1.285714,1.0,3.0,0,True,0.0081
GRID_19,GRID,19,3,6,1896,1384,0.729958,1.065631,1.266667,1.0,3.0,0,True,0.0109
GRID_19,GRID,19,3,7,1896,1370,0.722574,1.068216,1.285714,1.0,2.0,0,True,0.008
GRID_19,GRID,19,3,8,1896,1389,0.732595,1.054744,1.25,1.0,2.0,0,True,0.008
GRID_19,GRID,19,3,9,1896,1375,0.725211,1.072287,1.307692,1.0,2.0,0,True,0.009
GRID_19,GRID,19,5,0,1896,1224,0.64557,1.122951,1.4,1.083333,2.333333,0,True,0.01
GRID_19,GRID,19,5,1,1896,1221,0.643987,1.135374,1.4,1.090909,3.0,0,True,0.008
GRID_19,GRID,19,5,2,1896,1229,0.648207,1.156594,1.454545,1.111111,5.0,0,True,0.0089
GRID_19,GRID,19,5,3,1896,1223,0.645042,1.140586,1.428571,1.1,3.0,0,True,0.009
GRID_19,GRID,19,5,4,1896,1227,0.647152,1.14373,1.40069,1.105263,3.0,0,True,0.0051
GRID_19,GRID,19,5,5,1896,1227,0.647152,1.142862,1.416667,1.090909,3.0,0,True,0.0071
GRID_19,GRID,19,5,6,1896,1225,0.646097,1.135381,1.4,1.095238,3.0,0,True,0.0055
GRID_19,GRID,19,5,7,1896,1229,0.648207,1.134112,1.4,1.09878,3.0,0,True,0.0102
GRID_19,GRID,19,5,8,1896,1227,0.647152,1.150704,1.444444,1.095238,5.0,0,True,0.0111
GRID_19,GRID,19,5,9,1896,1223,0.645042,1.13392,1.4,1.090909,5.0,0,True,0.007
GRID_19,GRID,19,7,0,1896,1148,0.605485,1.216785,1.555556,1.166667,5.0,0,True,0.011
GRID_19,GRID,19,7,1,1896,1153,0.608122,1.216157,1.571429,1.166667,5.0,0,True,0.012
GRID_19,GRID,19,7,2,1896,1156,0.609705,1.215534,1.545455,1.166667,4.0,0,True,0.01
GRID_19,GRID,19,7,3,1896,1152,0.607595,1.189209,1.538811,1.142857,7.0,0,True,0.009
GRID_19,GRID,19,7,4,1896,1151,0.607068,1.193829,1.5,1.142857,5.0,0,True,0.01
GRID_19,GRID,19,7,5,1896,1155,0.609177,1.187324,1.5,1.148148,3.0,0,True,0.0091
GRID_19,GRID,19,7,6,1896,1151,0.607068,1.221819,1.6,1.166667,5.0,0,True,0.014
GRID_19,GRID,19,7,7,1896,1158,0.610759,1.202794,1.545455,1.153846,3.0,0,True,0.008
GRID_19,GRID,19,7,8,1896,1143,0.602848,1.198304,1.533333,1.148148,4.0,0,True,0.006
GRID_19,GRID,19,7,9,1896,1154,0.60865,1.195339,1.5,1.148148,5.0,0,True,0.008
GRID_20,GRID,20,3,0,1896,1378,0.726793,1.073438,1.307692,1.0,3.0,0,True,0.009
GRID_20,GRID,20,3,1,1896,1374,0.724684,1.069368,1.285714,1.0,3.0,0,True,0.009
GRID_20,GRID,20,3,2,1896,1379,0.727321,1.072396,1.285714,1.0,3.0,0,True,0.008
GRID_20,GRID,20,3,3,1896,1376,0.725738,1.083215,1.333333,1.0,3.0,0,True,0.009
GRID_20,GRID,20,3,4,1896,1368,0.721519,1.077634,1.285714,1.0,3.0,0,True,0.007
GRID_20,GRID,20,3,5,1896,1376,0.725738,1.076885,1.307692,1.0,3.0,0,True,0.009
GRID_20,GRID,20,3,6,1896,1385,0.730485,1.063534,1.285714,1.0,3.0,0,True,0.004
GRID_20,GRID,20,3,7,1896,1374,0.724684,1.067024,1.285714,1.0,2.0,0,True,0.0076
GRID_20,GRID,20,3,8,1896,1380,0.727848,1.082982,1.308097,1.0,3.0,0,True,0.0086
GRID_20,GRID,20,3,9,1896,1386,0.731013,1.071217,1.286243,1.0,3.0,0,True,0.005
GRID_20,GRID,20,5,0,1896,1229,0.648207,1.144293,1.400833,1.111111,3.0,0,True,0.0079
GRID_20,GRID,20,5,1,1896,1233,0.650316,1.142408,1.445299,1.095238,5.0,0,True,0.007
GRID_20,GRID,20,5,2,1896,1230,0.648734,1.135651,1.428571,1.090909,3.0,0,True,0.0129
GRID_20,GRID,20,5,3,1896,1226,0.646624,1.155749,1.5,1.111111,3.0,0,True,0.0092
GRID_20,GRID,20,5,4,1896,1229,0.648207,1.137864,1.4,1.090909,3.0,0,True,0.01
GRID_20,GRID,20,5,5,1896,1219,0.642932,1.168985,1.5,1.125,3.0,0,True,0.01
GRID_20,GRID,20,5,6,1896,1230,0.648734,1.155003,1.428571,1.108187,5.0,0,True,0.011
GRID_20,GRID,20,5,7,1896,1230,0.648734,1.127303,1.4,1.076923,3.0,0,True,0.0105
GRID_20,GRID,20,5,8,1896,1225,0.646097,1.140576,1.5,1.086957,5.0,0,True,0.008
GRID_20,GRID,20,5,9,1896,1229,0.648207,1.140271,1.5,1.086957,3.0,0,True,0.009
GRID_20,GRID,20,7,0,1896,1154,0.60865,1.192756,1.546753,1.142857,3.666667,0,True,0.0098
GRID_20,GRID,20,7,1,1896,1145,0.603903,1.21389,1.571429,1.166667,5.0,0,True,0.0112
GRID_20,GRID,20,7,2,1896,1156,0.609705,1.244883,1.666667,1.190476,7.0,0,True,0.009
GRID_20,GRID,20,7,3,1896,1156,0.609705,1.22371,1.572024,1.166667,7.0,0,True,0.0071
GRID_20,GRID,20,7,4,1896,1144,0.603376,1.233574,1.666667,1.181818,3.0,0,True,0.0069
GRID_20,GRID,20,7,5,1896,1154,0.60865,1.217897,1.6,1.164414,7.0,0,True,0.007
GRID_20,GRID,20,7,6,1896,1152,0.607595,1.237069,1.666667,1.183932,5.0,0,True,0.0139
GRID_20,GRID,20,7,7,1896,1160,0.611814,1.222269,1.572024,1.171429,5.0,0,True,0.0119
GRID_20,GRID,20,7,8,1896,1155,0.609177,1.22247,1.6,1.173913,4.0,0,True,0.0121
GRID_20,GRID,20,7,9,1896,1150,0.60654,1.21231,1.571429,1.166667,5.0,0,True,0.011
GRID_21,GRID,21,3,0,1896,1379,0.727321,1.064269,1.273377,1.0,2.333333,0,True,0.005
GRID_21,GRID,21,3,1,1896,1372,0.723629,1.074983,1.333333,1.0,2.333333,0,True,0.004
GRID_21,GRID,21,3,2,1896,1373,0.724156,1.070754,1.285714,1.0,2.0,0,True,0.0082
GRID_21,GRID,21,3,3,1896,1368,0.721519,1.070245,1.285714,1.0,2.0,0,True,0.006
GRID_21,GRID,21,3,4,1896,1382,0.728903,1.069638,1.285714,1.0,3.0,0,True,0.009
GRID_21,GRID,21,3,5,1896,1374,0.724684,1.072969,1.285714,1.0,3.0,0,True,0.005
GRID_21,GRID,21,3,6,1896,1376,0.725738,1.076649,1.307692,1.0,2.333333,0,True,0.004
GRID_21,GRID,21,3,7,1896,1380,0.727848,1.083409,1.315789,1.0,3.0,0,True,0.005
GRID_21,GRID,21,3,8,1896,1384,0.729958,1.065658,1.285714,1.0,3.0,0,True,0.01
GRID_21,GRID,21,3,9,1896,1380,0.727848,1.080764,1.333333,1.0,2.0,0,True,0.006
GRID_21,GRID,21,5,0,1896,1229,0.648207,1.143986,1.444444,1.095238,3.0,0,True,0.009
GRID_21,GRID,21,5,1,1896,1238,0.652954,1.125957,1.4,1.076923,5.0,0,True,0.009
GRID_21,GRID,21,5,2,1896,1230,0.648734,1.135016,1.4,1.09878,2.0,0,True,0.008
GRID_21,GRID,21,5,3,1896,1228,0.647679,1.14809,1.444444,1.105263,3.0,0,True,0.011
GRID_21,GRID,21,5,4,1896,1219,0.642932,1.149597,1.444444,1.111111,2.333333,0,True,0.0111
GRID_21,GRID,21,5,5,1896,1221,0.643987,1.151564,1.428571,1.117647,3.0,0,True,0.0075
GRID_21,GRID,21,5,6,1896,1227,0.647152,1.152553,1.444444,1.111111,5.0,0,True,0.011
GRID_21,GRID,21,5,7,1896,1231,0.649262,1.132509,1.4,1.090909,3.0,0,True,0.011
GRID_21,GRID,21,5,8,1896,1222,0.644515,1.146471,1.444444,1.1,3.0,0,True,0.005
GRID_21,GRID,21,5,9,1896,1233,0.650316,1.123563,1.4,1.086957,3.0,0,True,0.006
GRID_21,GRID,21,7,0,1896,1157,0.610232,1.193341,1.5,1.153846,3.0,0,True,0.009
GRID_21,GRID,21,7,1,1896,1146,0.60443,1.218807,1.571429,1.181818,2.6,0,True,0.0079
GRID_21,GRID,21,7,2,1896,1151,0.607068,1.224714,1.571429,1.181818,5.0,0,True,0.0126
GRID_21,GRID,21,7,3,1896,1149,0.606013,1.207813,1.533333,1.16844,2.333333,0,True,0.014
GRID_21,GRID,21,7,4,1896,1154,0.60865,1.20759,1.526316,1.166667,5.0,0,True,0.014
GRID_21,GRID,21,7,5,1896,1159,0.611287,1.220981,1.6,1.176471,5.0,0,True,0.011
GRID_21,GRID,21,7,6,1896,1142,0.602321,1.230339,1.632258,1.181818,3.0,0,True,0.013
GRID_21,GRID,21,7,7,1896,1156,0.609705,1.195818,1.545455,1.142857,7.0,0,True,0.0081
GRID_21,GRID,21,7,8,1896,1146,0.60443,1.185704,1.54596,1.134848,3.0,0,True,0.011
GRID_21,GRID,21,7,9,1896,1153,0.608122,1.229888,1.6,1.1875,3.0,0,True,0.006
GRID_22,GRID,22,3,0,1896,1375,0.725211,1.076512,1.307692,1.0,2.0,0,True,0.008
GRID_22,GRID,22,3,1,1896,1374,0.724684,1.076396,1.285714,1.0,3.0,0,True,0.0051
GRID_22,GRID,22,3,2,1896,1378,0.726793,1.066028,1.272884,1.0,2.0,0,True,0.027
GRID_22,GRID,22,3,3,1896,1379,0.727321,1.059942,1.285714,1.0,2.0,0,True,0.004
GRID_22,GRID,22,3,4,1896,1378,0.726793,1.065945,1.286243,1.0,2.0,0,True,0.0101
GRID_22,GRID,22,3,5,1896,1379,0.727321,1.067623,1.266667,1.0,2.0,0,True,0.007
GRID_22,GRID,22,3,6,1896,1381,0.728376,1.071833,1.296296,1.0,2.0,0,True,0.008
GRID_22,GRID,22,3,7,1896,1378,0.726793,1.079618,1.286243,1.0,3.0,0,True,0.004
GRID_22,GRID,22,3,8,1896,1375,0.725211,1.068087,1.285714,1.0,3.0,0,True,0.007
GRID_22,GRID,22,3,9,1896,1381,0.728376,1.075699,1.285714,1.0,3.0,0,True,0.0075
GRID_22,GRID,22,5,0,1896,1226,0.646624,1.139415,1.4,1.095238,3.0,0,True,0.009
GRID_22,GRID,22,5,1,1896,1221,0.643987,1.155007,1.454545,1.111111,3.0,0,True,0.007
GRID_22,GRID,22,5,2,1896,1228,0.647679,1.150085,1.444444,1.105263,3.0,0,True,0.009
GRID_22,GRID,22,5,3,1896,1223,0.645042,1.155423,1.445299,1.111111,2.333333,0,True,0.007
GRID_22,GRID,22,5,4,1896,1229,0.648207,1.131964,1.4,1.090909,3.0,0,True,0.006
GRID_22,GRID,22,5,5,1896,1237,0.652426,1.122143,1.421053,1.083333,3.0,0,True,0.005
GRID_22,GRID,22,5,6,1896,1226,0.646624,1.129261,1.4,1.095238,2.2,0,True,0.004
GRID_22,GRID,22,5,7,1896,1230,0.648734,1.128085,1.401053,1.08,3.0,0,True,0.004
GRID_22,GRID,22,5,8,1896,1227,0.647152,1.134666,1.428571,1.095238,2.5,0,True,0.013
GRID_22,GRID,22,5,9,1896,1230,0.648734,1.14747,1.444444,1.103914,2.0,0,True,0.01
GRID_22,GRID,22,7,0,1896,1164,0.613924,1.230258,1.571429,1.181818,5.0,0,True,0.0085
GRID_22,GRID,22,7,1,1896,1146,0.60443,1.221234,1.616434,1.173913,3.0,0,True,0.006
GRID_22,GRID,22,7,2,1896,1145,0.603903,1.224589,1.545455,1.190476,3.0,0,True,0.007
GRID_22,GRID,22,7,3,1896,1151,0.607068,1.189374,1.545455,1.142857,3.0,0,True,0.0073
GRID_22,GRID,22,7,4,1896,1155,0.609177,1.225187,1.571429,1.173913,5.0,0,True,0.0121
GRID_22,GRID,22,7,5,1896,1152,0.607595,1.209649,1.6,1.153846,5.0,0,True,0.0051
GRID_22,GRID,22,7,6,1896,1152,0.607595,1.207722,1.571429,1.166667,3.0,0,True,0.0061
GRID_22,GRID,22,7,7,1896,1144,0.603376,1.222156,1.571429,1.173913,3.0,0,True,0.01
GRID_22,GRID,22,7,8,1896,1158,0.610759,1.19253,1.5,1.141196,4.0,0,True,0.009
GRID_22,GRID,22,7,9,1896,1153,0.608122,1.214657,1.545455,1.181818,3.0,0,True,0.007
GRID_23,GRID,23,3,0,1896,1376,0.725738,1.074562,1.307692,1.0,2.333333,0,True,0.0059
GRID_23,GRID,23,3,1,1896,1382,0.728903,1.065783,1.266667,1.0,2.0,0,True,0.003
GRID_23,GRID,23,3,2,1896,1376,0.725738,1.076417,1.315789,1.0,3.0,0,True,0.006
GRID_23,GRID,23,3,3,1896,1365,0.719937,1.075748,1.285714,1.0,3.0,0,True,0.007
GRID_23,GRID,23,3,4,1896,1373,0.724156,1.07769,1.285714,1.0,2.0,0,True,0.006
GRID_23,GRID,23,3,5,1896,1375,0.725211,1.055285,1.25,1.0,2.333333,0,True,0.008
GRID_23,GRID,23,3,6,1896,1384,0.729958,1.066398,1.266667,1.0,2.0,0,True,0.007
GRID_23,GRID,23,3,7,1896,1372,0.723629,1.080242,1.307692,1.0,3.0,0,True,0.0075
GRID_23,GRID,23,3,8,1896,1376,0.725738,1.069437,1.285714,1.0,1.8,0,True,0.007
GRID_23,GRID,23,3,9,1896,1382,0.728903,1.075324,1.315789,1.0,1.666667,0,True,0.006
GRID_23,GRID,23,5,0,1896,1226,0.646624,1.147998,1.444444,1.0964,3.0,0,True,0.009
GRID_23,GRID,23,5,1,1896,1237,0.652426,1.143006,1.434783,1.1,3.0,0,True,0.008
GRID_23,GRID,23,5,2,1896,1220,0.64346,1.131093,1.4,1.086957,3.0,0,True,0.0085
GRID_23,GRID,23,5,3,1896,1231,0.649262,1.128741,1.4,1.074074,5.0,0,True,0.008
GRID_23,GRID,23,5,4,1896,1225,0.646097,1.140651,1.428571,1.095238,2.0,0,True,0.0071
GRID_23,GRID,23,5,5,1896,1229,0.648207,1.140284,1.445299,1.086957,3.0,0,True,0.0216
GRID_23,GRID,23,5,6,1896,1229,0.648207,1.149022,1.454545,1.105263,3.0,0,True,0.0142
GRID_23,GRID,23,5,7,1896,1237,0.652426,1.141461,1.444444,1.090909,5.0,0,True,0.0124
GRID_23,GRID,23,5,8,1896,1223,0.645042,1.147387,1.470868,1.091966,5.0,0,True,0.012
GRID_23,GRID,23,5,9,1896,1227,0.647152,1.146654,1.5,1.090909,3.0,0,True,0.0129
GRID_23,GRID,23,7,0,1896,1144,0.603376,1.250354,1.666667,1.183932,5.0,0,True,0.0136
GRID_23,GRID,23,7,1,1896,1150,0.60654,1.225595,1.625,1.181818,2.333333,0,True,0.013
GRID_23,GRID,23,7,2,1896,1163,0.613397,1.211581,1.6,1.16,5.0,0,True,0.0067
GRID_23,GRID,23,7,3,1896,1162,0.612869,1.20763,1.526316,1.153846,7.0,0,True,0.01
GRID_23,GRID,23,7,4,1896,1156,0.609705,1.218605,1.572024,1.166667,7.0,0,True,0.009
GRID_23,GRID,23,7,5,1896,1147,0.604958,1.219736,1.572857,1.166667,5.0,0,True,0.012
GRID_23,GRID,23,7,6,1896,1150,0.60654,1.198163,1.5,1.153846,3.0,0,True,0.009
GRID_23,GRID,23,7,7,1896,1151,0.607068,1.19408,1.533939,1.148148,3.0,0,True,0.0061
GRID_23,GRID,23,7,8,1896,1151,0.607068,1.195545,1.545768,1.142857,3.0,0,True,0.0101
GRID_23,GRID,23,7,9,1896,1150,0.60654,1.216947,1.571429,1.166667,5.0,0,True,0.0069
GRID_24,GRID,24,3,0,1896,1383,0.72943,1.062908,1.250543,1.0,2.0,0,True,0.008
GRID_24,GRID,24,3,1,1896,1375,0.725211,1.065,1.285714,1.0,2.0,0,True,0.0051
GRID_24,GRID,24,3,2,1896,1373,0.724156,1.068106,1.285714,1.0,2.0,0,True,0.0053
GRID_24,GRID,24,3,3,1896,1376,0.725738,1.075115,1.307692,1.0,2.0,0,True,0.0061
GRID_24,GRID,24,3,4,1896,1376,0.725738,1.063981,1.250833,1.0,3.0,0,True,0.0052
GRID_24,GRID,24,3,5,1896,1369,0.722046,1.059944,1.25,1.0,3.0,0,True,0.008
GRID_24,GRID,24,3,6,1896,1375,0.725211,1.06891,1.285714,1.0,3.0,0,True,0.008
GRID_24,GRID,24,3,7,1896,1376,0.725738,1.080367,1.307692,1.0,3.0,0,True,0.008
GRID_24,GRID,24,3,8,1896,1380,0.727848,1.071057,1.286429,1.0,2.0,0,True,0.0085
GRID_24,GRID,24,3,9,1896,1369,0.722046,1.075048,1.3,1.0,3.0,0,True,0.0101
GRID_24,GRID,24,5,0,1896,1223,0.645042,1.143482,1.4,1.103914,5.0,0,True,0.0103
GRID_24,GRID,24,5,1,1896,1234,0.650844,1.12441,1.4,1.086957,2.0,0,True,0.005
GRID_24,GRID,24,5,2,1896,1232,0.649789,1.132721,1.4,1.086957,3.0,0,True,0.0128
GRID_24,GRID,24,5,3,1896,1230,0.648734,1.137734,1.421429,1.086957,5.0,0,True,0.009
GRID_24,GRID,24,5,4,1896,1231,0.649262,1.132822,1.444444,1.086957,3.0,0,True,0.016
GRID_24,GRID,24,5,5,1896,1226,0.646624,1.155366,1.429365,1.117647,3.0,0,True,0.0091
GRID_24,GRID,24,5,6,1896,1220,0.64346,1.14321,1.429365,1.1,3.0,0,True,0.0121
GRID_24,GRID,24,5,7,1896,1231,0.649262,1.119463,1.4,1.071429,3.0,0,True,0.0069
GRID_24,GRID,24,5,8,1896,1222,0.644515,1.141044,1.444444,1.1,3.0,0,True,0.0106
GRID_24,GRID,24,5,9,1896,1223,0.645042,1.138024,1.428571,1.086957,3.0,0,True,0.01
GRID_24,GRID,24,7,0,1896,1151,0.607068,1.195351,1.518908,1.15,5.0,0,True,0.0135
GRID_24,GRID,24,7,1,1896,1156,0.609705,1.191861,1.571429,1.142857,5.0,0,True,0.009
GRID_24,GRID,24,7,2,1896,1159,0.611287,1.174506,1.461991,1.137931,3.0,0,True,0.012
GRID_24,GRID,24,7,3,1896,1158,0.610759,1.206234,1.555778,1.153846,5.0,0,True,0.009
GRID_24,GRID,24,7,4,1896,1156,0.609705,1.17322,1.5,1.133333,2.0,0,True,0.0081
GRID_24,GRID,24,7,5,1896,1153,0.608122,1.200868,1.571429,1.153846,5.0,0,True,0.0071
GRID_24,GRID,24,7,6,1896,1154,0.60865,1.19099,1.5,1.142857,5.0,0,True,0.008
GRID_24,GRID,24,7,7,1896,1155,0.609177,1.214632,1.588824,1.173913,5.0,0,True,0.0071
GRID_24,GRID,24,7,8,1896,1158,0.610759,1.205722,1.571429,1.153846,5.0,0,True,0.0069
GRID_24,GRID,24,7,9,1896,1148,0.605485,1.206425,1.6,1.153846,4.0,0,True,0.0061
GRID_25,GRID,25,3,0,1896,1380,0.727848,1.081064,1.307692,1.0,3.0,0,True,0.0173
GRID_25,GRID,25,3,1,1896,1382,0.728903,1.07451,1.307692,1.0,3.0,0,True,0.009
GRID_25,GRID,25,3,2,1896,1380,0.727848,1.066313,1.286429,1.0,3.0,0,True,0.011
GRID_25,GRID,25,3,3,1896,1388,0.732068,1.080907,1.32,1.0,3.0,0,True,0.01
GRID_25,GRID,25,3,4,1896,1383,0.72943,1.063697,1.267619,1.0,2.0,0,True,0.009
GRID_25,GRID,25,3,5,1896,1393,0.734705,1.067992,1.285714,1.0,3.0,0,True,0.006
GRID_25,GRID,25,3,6,1896,1384,0.729958,1.075258,1.307692,1.0,3.0,0,True,0.0067
GRID_25,GRID,25,3,7,1896,1381,0.728376,1.077589,1.285714,1.0,3.0,0,True,0.006
GRID_25,GRID,25,3,8,1896,1380,0.727848,1.071873,1.307692,1.0,3.0,0,True,0.0051
GRID_25,GRID,25,3,9,1896,1386,0.731013,1.074446,1.315789,1.0,3.0,0,True,0.005
GRID_25,GRID,25,5,0,1896,1218,0.642405,1.161288,1.461538,1.117647,5.0,0,True,0.0061
GRID_25,GRID,25,5,1,1896,1223,0.645042,1.143902,1.444444,1.1,3.0,0,True,0.0071
GRID_25,GRID,25,5,2,1896,1236,0.651899,1.148657,1.444444,1.09878,3.0,0,True,0.007
GRID_25,GRID,25,5,3,1896,1235,0.651371,1.138511,1.444444,1.086957,3.0,0,True,0.0051
GRID_25,GRID,25,5,4,1896,1226,0.646624,1.14741,1.461538,1.095238,5.0,0,True,0.0115
GRID_25,GRID,25,5,5,1896,1229,0.648207,1.128241,1.40069,1.08,3.0,0,True,0.0109
GRID_25,GRID,25,5,6,1896,1226,0.646624,1.129784,1.444444,1.083333,3.0,0,True,0.0131
GRID_25,GRID,25,5,7,1896,1224,0.64557,1.156921,1.5,1.095238,5.0,0,True,0.0111
GRID_25,GRID,25,5,8,1896,1241,0.654536,1.146402,1.444444,1.1,3.0,0,True,0.0105
GRID_25,GRID,25,5,9,1896,1230,0.648734,1.152868,1.5,1.095238,5.0,0,True,0.0108
GRID_25,GRID,25,7,0,1896,1155,0.609177,1.245521,1.615385,1.2,5.0,0,True,0.012
GRID_25,GRID,25,7,1,1896,1155,0.609177,1.221078,1.545455,1.181818,5.0,0,True,0.0081
GRID_25,GRID,25,7,2,1896,1155,0.609177,1.221522,1.571429,1.166667,7.0,0,True,0.0071
GRID_25,GRID,25,7,3,1896,1154,0.60865,1.221179,1.571429,1.175192,4.0,0,True,0.012
GRID_25,GRID,25,7,4,1896,1151,0.607068,1.210356,1.572857,1.158947,5.0,0,True,0.009
GRID_25,GRID,25,7,5,1896,1154,0.60865,1.19818,1.534253,1.148148,5.0,0,True,0.008
GRID_25,GRID,25,7,6,1896,1158,0.610759,1.217467,1.6,1.164414,7.0,0,True,0.0081
GRID_25,GRID,25,7,7,1896,1157,0.610232,1.217803,1.571429,1.166667,7.0,0,True,0.0069
GRID_25,GRID,25,7,8,1896,1139,0.600738,1.243484,1.615385,1.181818,5.0,0,True,0.01
GRID_25,GRID,25,7,9,1896,1158,0.610759,1.210965,1.571429,1.166667,3.0,0,True,0.014
GRID_26,GRID,26,3,0,1896,1386,0.731013,1.075402,1.285714,1.0,3.0,0,True,0.008
GRID_26,GRID,26,3,1,1896,1382,0.728903,1.073733,1.285714,1.0,2.0,0,True,0.0087
GRID_26,GRID,26,3,2,1896,1382,0.728903,1.060365,1.25,1.0,3.0,0,True,0.005
GRID_26,GRID,26,3,3,1896,1373,0.724156,1.071459,1.307692,1.0,2.0,0,True,0.007
GRID_26,GRID,26,3,4,1896,1375,0.725211,1.085676,1.333333,1.0,2.0,0,True,0.0062
GRID_26,GRID,26,3,5,1896,1382,0.728903,1.071125,1.285714,1.0,3.0,0,True,0.006
GRID_26,GRID,26,3,6,1896,1379,0.727321,1.068474,1.308308,1.0,2.0,0,True,0.0122
GRID_26,GRID,26,3,7,1896,1386,0.731013,1.060487,1.266667,1.0,2.0,0,True,0.008
GRID_26,GRID,26,3,8,1896,1385,0.730485,1.078399,1.300385,1.0,2.0,0,True,0.01
GRID_26,GRID,26,3,9,1896,1378,0.726793,1.07437,1.285714,1.0,1.666667,0,True,0.006
GRID_26,GRID,26,5,0,1896,1225,0.646097,1.160333,1.5,1.113248,3.0,0,True,0.008
GRID_26,GRID,26,5,1,1896,1225,0.646097,1.133123,1.416667,1.090909,3.0,0,True,0.01
GRID_26,GRID,26,5,2,1896,1215,0.640823,1.154998,1.461538,1.111111,3.0,0,True,0.011
GRID_26,GRID,26,5,3,1896,1232,0.649789,1.136176,1.417262,1.083333,5.0,0,True,0.007
GRID_26,GRID,26,5,4,1896,1229,0.648207,1.149165,1.444444,1.117647,5.0,0,True,0.007
GRID_26,GRID,26,5,5,1896,1228,0.647679,1.149474,1.477381,1.1,3.0,0,True,0.007
GRID_26,GRID,26,5,6,1896,1228,0.647679,1.137353,1.4,1.095238,3.0,0,True,0.008
GRID_26,GRID,26,5,7,1896,1221,0.643987,1.154377,1.454895,1.112698,3.0,0,True,0.0111
GRID_26,GRID,26,5,8,1896,1224,0.64557,1.139009,1.444444,1.090909,3.0,0,True,0.0106
GRID_26,GRID,26,5,9,1896,1233,0.650316,1.131359,1.4,1.090909,2.0,0,True,0.0119
GRID_26,GRID,26,7,0,1896,1146,0.60443,1.207254,1.571429,1.166667,3.0,0,True,0.0132
GRID_26,GRID,26,7,1,1896,1154,0.60865,1.215071,1.571429,1.169048,3.0,0,True,0.008
GRID_26,GRID,26,7,2,1896,1157,0.610232,1.20645,1.545455,1.166667,3.0,0,True,0.007
GRID_26,GRID,26,7,3,1896,1149,0.606013,1.205808,1.571429,1.153846,4.0,0,True,0.0096
GRID_26,GRID,26,7,4,1896,1153,0.608122,1.21885,1.615865,1.166667,6.0,0,True,0.013
GRID_26,GRID,26,7,5,1896,1150,0.60654,1.197868,1.533333,1.15,4.0,0,True,0.0141
GRID_26,GRID,26,7,6,1896,1151,0.607068,1.208716,1.571429,1.153846,5.0,0,True,0.0085
GRID_26,GRID,26,7,7,1896,1150,0.60654,1.218879,1.571429,1.166667,3.666667,0,True,0.008
GRID_26,GRID,26,7,8,1896,1148,0.605485,1.217586,1.615865,1.16,5.0,0,True,0.008
GRID_26,GRID,26,7,9,1896,1157,0.610232,1.179863,1.5,1.142857,3.0,0,True,0.007
GRID_27,GRID,27,3,0,1896,1377,0.726266,1.065826,1.250833,1.0,3.0,0,True,0.006
GRID_27,GRID,27,3,1,1896,1378,0.726793,1.057962,1.25,1.0,1.666667,0,True,0.0105
GRID_27,GRID,27,3,2,1896,1371,0.723101,1.067207,1.285714,1.0,2.333333,0,True,0.0063
GRID_27,GRID,27,3,3,1896,1372,0.723629,1.065248,1.285714,1.0,2.333333,0,True,0.0095
GRID_27,GRID,27,3,4,1896,1373,0.724156,1.066465,1.285714,1.0,2.0,0,True,0.006
GRID_27,GRID,27,3,5,1896,1376,0.725738,1.076846,1.307692,1.0,3.0,0,True,0.0062
GRID_27,GRID,27,3,6,1896,1385,0.730485,1.062572,1.285714,1.0,3.0,0,True,0.0061
GRID_27,GRID,27,3,7,1896,1388,0.732068,1.059996,1.273377,1.0,2.0,0,True,0.0089
GRID_27,GRID,27,3,8,1896,1371,0.723101,1.077882,1.285714,1.0,2.0,0,True,0.005
GRID_27,GRID,27,3,9,1896,1382,0.728903,1.068548,1.285714,1.0,2.0,0,True,0.006
GRID_27,GRID,27,5,0,1896,1234,0.650844,1.124648,1.4,1.08,2.0,0,True,0.007
GRID_27,GRID,27,5,1,1896,1230,0.648734,1.141188,1.428571,1.097561,3.0,0,True,0.0067
GRID_27,GRID,27,5,2,1896,1228,0.647679,1.13172,1.401053,1.086957,3.0,0,True,0.01
GRID_27,GRID,27,5,3,1896,1235,0.651371,1.143816,1.461991,1.095238,3.0,0,True,0.0126
GRID_27,GRID,27,5,4,1896,1228,0.647679,1.123705,1.4,1.076923,5.0,0,True,0.0091
GRID_27,GRID,27,5,5,1896,1224,0.64557,1.14258,1.444444,1.105263,3.0,0,True,0.0098
GRID_27,GRID,27,5,6,1896,1221,0.643987,1.15202,1.5,1.108108,3.0,0,True,0.0137
GRID_27,GRID,27,5,7,1896,1227,0.647152,1.144982,1.461538,1.095238,5.0,0,True,0.0107
GRID_27,GRID,27,5,8,1896,1228,0.647679,1.127137,1.4,1.083333,3.0,0,True,0.0062
GRID_27,GRID,27,5,9,1896,1229,0.648207,1.142698,1.429365,1.1,3.0,0,True,0.0071
GRID_27,GRID,27,7,0,1896,1146,0.60443,1.226632,1.571429,1.173913,5.0,0,True,0.0079
GRID_27,GRID,27,7,1,1896,1155,0.609177,1.21814,1.571429,1.171429,3.0,0,True,0.007
GRID_27,GRID,27,7,2,1896,1155,0.609177,1.202063,1.545455,1.161081,4.0,0,True,0.008
GRID_27,GRID,27,7,3,1896,1151,0.607068,1.193805,1.533333,1.153846,2.5,0,True,0.007
GRID_27,GRID,27,7,4,1896,1160,0.611814,1.175504,1.5,1.129734,3.0,0,True,0.0071
GRID_27,GRID,27,7,5,1896,1150,0.60654,1.204757,1.526316,1.166667,3.0,0,True,0.0155
GRID_27,GRID,27,7,6,1896,1149,0.606013,1.212793,1.571429,1.16,4.0,0,True,0.014
GRID_27,GRID,27,7,7,1896,1153,0.608122,1.191481,1.533333,1.137931,5.0,0,True,0.01
GRID_27,GRID,27,7,8,1896,1148,0.605485,1.214541,1.571429,1.166667,5.0,0,True,0.04
GRID_27,GRID,27,7,9,1896,1161,0.612342,1.20986,1.571429,1.166667,3.0,0,True,0.012
GRID_28,GRID,28,3,0,1896,1385,0.730485,1.069359,1.285714,1.0,2.333333,0,True,0.005
GRID_28,GRID,28,3,1,1896,1371,0.723101,1.072331,1.285714,1.0,3.0,0,True,0.0102
GRID_28,GRID,28,3,2,1896,1380,0.727848,1.067463,1.285714,1.0,3.0,0,True,0.0099
GRID_28,GRID,28,3,3,1896,1383,0.72943,1.06723,1.285714,1.0,3.0,0,True,0.005
GRID_28,GRID,28,3,4,1896,1377,0.726266,1.082445,1.316667,1.0,3.0,0,True,0.005
GRID_28,GRID,28,3,5,1896,1383,0.72943,1.063299,1.266667,1.0,3.0,0,True,0.005
GRID_28,GRID,28,3,6,1896,1380,0.727848,1.076177,1.300385,1.0,3.0,0,True,0.005
GRID_28,GRID,28,3,7,1896,1381,0.728376,1.07368,1.267619,1.0,3.0,0,True,0.011
GRID_28,GRID,28,3,8,1896,1382,0.728903,1.07382,1.308097,1.0,2.0,0,True,0.0103
GRID_28,GRID,28,3,9,1896,1379,0.727321,1.077669,1.316667,1.0,3.0,0,True,0.007
GRID_28,GRID,28,5,0,1896,1234,0.650844,1.13365,1.4,1.086957,3.0,0,True,0.011
GRID_28,GRID,28,5,1,1896,1224,0.64557,1.154932,1.5,1.105263,3.0,0,True,0.0075
GRID_28,GRID,28,5,2,1896,1226,0.646624,1.15031,1.444444,1.1,5.0,0,True,0.011
GRID_28,GRID,28,5,3,1896,1227,0.647152,1.13353,1.421739,1.086957,3.0,0,True,0.012
GRID_28,GRID,28,5,4,1896,1229,0.648207,1.143755,1.461538,1.1,3.0,0,True,0.012
GRID_28,GRID,28,5,5,1896,1225,0.646097,1.131796,1.4,1.094131,3.0,0,True,0.013
GRID_28,GRID,28,5,6,1896,1238,0.652954,1.121406,1.4,1.074074,3.0,0,True,0.0102
GRID_28,GRID,28,5,7,1896,1226,0.646624,1.141018,1.429365,1.095238,3.0,0,True,0.006
GRID_28,GRID,28,5,8,1896,1227,0.647152,1.141446,1.461538,1.086957,3.0,0,True,0.0069
GRID_28,GRID,28,5,9,1896,1225,0.646097,1.14497,1.461538,1.1,3.0,0,True,0.006
GRID_28,GRID,28,7,0,1896,1149,0.606013,1.174548,1.5,1.11943,3.0,0,True,0.008
GRID_28,GRID,28,7,1,1896,1152,0.607595,1.200978,1.545455,1.16,4.0,0,True,0.007
GRID_28,GRID,28,7,2,1896,1146,0.60443,1.231602,1.666667,1.175192,5.0,0,True,0.009
GRID_28,GRID,28,7,3,1896,1161,0.612342,1.200396,1.5,1.156923,5.0,0,True,0.021
GRID_28,GRID,28,7,4,1896,1151,0.607068,1.206639,1.615385,1.153846,5.0,0,True,0.015
GRID_28,GRID,28,7,5,1896,1156,0.609705,1.206063,1.571429,1.153846,5.0,0,True,0.041
GRID_28,GRID,28,7,6,1896,1154,0.60865,1.213135,1.6,1.166667,3.0,0,True,0.013
GRID_28,GRID,28,7,7,1896,1147,0.604958,1.225796,1.6,1.173913,5.0,0,True,0.013
GRID_28,GRID,28,7,8,1896,1156,0.609705,1.211268,1.571429,1.166667,4.333333,0,True,0.0154
GRID_28,GRID,28,7,9,1896,1156,0.609705,1.208705,1.526667,1.166667,3.0,0,True,0.0137
GRID_29,GRID,29,3,0,1896,1372,0.723629,1.087588,1.315789,1.0,3.0,0,True,0.009
GRID_29,GRID,29,3,1,1896,1377,0.726266,1.07978,1.307692,1.0,3.0,0,True,0.0052
GRID_29,GRID,29,3,2,1896,1376,0.725738,1.07791,1.3,1.0,3.0,0,True,0.0092
GRID_29,GRID,29,3,3,1896,1369,0.722046,1.076815,1.285714,1.0,3.0,0,True,0.005
GRID_29,GRID,29,3,4,1896,1369,0.722046,1.086127,1.294412,1.0,3.0,0,True,0.008
GRID_29,GRID,29,3,5,1896,1371,0.723101,1.071669,1.276355,1.0,2.0,0,True,0.006
GRID_29,GRID,29,3,6,1896,1376,0.725738,1.077947,1.307692,1.0,3.0,0,True,0.0049
GRID_29,GRID,29,3,7,1896,1379,0.727321,1.070964,1.307692,1.0,3.0,0,True,0.0061
GRID_29,GRID,29,3,8,1896,1370,0.722574,1.079278,1.3,1.0,3.0,0,True,0.006
GRID_29,GRID,29,3,9,1896,1376,0.725738,1.066205,1.286243,1.0,3.0,0,True,0.0107
GRID_29,GRID,29,5,0,1896,1224,0.64557,1.153724,1.444444,1.111111,3.0,0,True,0.0125
GRID_29,GRID,29,5,1,1896,1229,0.648207,1.139913,1.428571,1.095238,3.0,0,True,0.014
GRID_29,GRID,29,5,2,1896,1224,0.64557,1.149218,1.444444,1.10961,3.0,0,True,0.013
GRID_29,GRID,29,5,3,1896,1220,0.64346,1.175532,1.5,1.123106,3.0,0,True,0.012
GRID_29,GRID,29,5,4,1896,1224,0.64557,1.150171,1.444949,1.105263,3.0,0,True,0.008
GRID_29,GRID,29,5,5,1896,1225,0.646097,1.138452,1.461538,1.085106,3.0,0,True,0.009
GRID_29,GRID,29,5,6,1896,1225,0.646097,1.146561,1.421429,1.0964,3.0,0,True,0.008
GRID_29,GRID,29,5,7,1896,1230,0.648734,1.141467,1.429365,1.095238,3.0,0,True,0.013
GRID_29,GRID,29,5,8,1896,1223,0.645042,1.142711,1.4,1.105263,2.0,0,True,0.012
GRID_29,GRID,29,5,9,1896,1225,0.646097,1.156028,1.472059,1.105263,5.0,0,True,0.006
GRID_29,GRID,29,7,0,1896,1158,0.610759,1.21289,1.571429,1.155354,4.0,0,True,0.008
GRID_29,GRID,29,7,1,1896,1157,0.610232,1.21078,1.571429,1.16,5.0,0,True,0.006
GRID_29,GRID,29,7,2,1896,1156,0.609705,1.22459,1.571429,1.181818,7.0,0,True,0.0091
GRID_29,GRID,29,7,3,1896,1154,0.60865,1.194176,1.545455,1.141196,5.0,0,True,0.0248
GRID_29,GRID,29,7,4,1896,1155,0.609177,1.205093,1.572024,1.153846,3.0,0,True,0.013
GRID_29,GRID,29,7,5,1896,1151,0.607068,1.211412,1.571429,1.153846,7.0,0,True,0.013
GRID_29,GRID,29,7,6,1896,1148,0.605485,1.199916,1.571429,1.148148,3.0,0,True,0.0112
GRID_29,GRID,29,7,7,1896,1150,0.60654,1.206453,1.545455,1.166667,3.0,0,True,0.0121
GRID_29,GRID,29,7,8,1896,1156,0.609705,1.219616,1.572024,1.171429,4.0,0,True,0.0122
GRID_29,GRID,29,7,9,1896,1153,0.608122,1.19276,1.545455,1.142857,5.0,0,True,0.009
